ISO-10303-21;
HEADER;
/* Generated by software containing ST-Developer
 * from STEP Tools, Inc. (www.steptools.com) 
 */
/* OPTION: using custom renumber hook */

FILE_DESCRIPTION(
/* description */ ('STEP AP242 Edition 2',
'CAx-IF Rec.Pracs.---Representation and Presentation of Product Manufa
cturing Information (PMI)---4.0---2014-10-13',
'CAx-IF Rec.Pracs.---3D Tessellated Geometry---0.4---2014-09-14','2;1',
'CAx-IF Rec.Pracs.---User Defined Attributes---1.5---2016-08-15'),
/* implementation_level */ '2;1');

FILE_NAME(
/* name */ 'RhythmPad - Part 2',
/* time_stamp */ '2026-09-26T04:35:25Z',
/* author */ (''),
/* organization */ (''),
/* preprocessor_version */ 'ST-DEVELOPER v20',
/* originating_system */ 'ONSHAPE BY PTC INC, 1.221',
/* authorisation */ '  ');

FILE_SCHEMA (('AP242_MANAGED_MODEL_BASED_3D_ENGINEERING_MIM_LF { 1 0 10303 442 3 1 4 }'));
ENDSEC;

DATA;
#10=SHAPE_REPRESENTATION_RELATIONSHIP('','',#2360,#11);
#11=ADVANCED_BREP_SHAPE_REPRESENTATION('',(#2358),#3968);
#12=PLANE('',#2365);
#13=PLANE('',#2369);
#14=PLANE('',#2373);
#15=PLANE('',#2380);
#16=PLANE('',#2384);
#17=PLANE('',#2388);
#18=PLANE('',#2395);
#19=PLANE('',#2399);
#20=PLANE('',#2403);
#21=PLANE('',#2410);
#22=PLANE('',#2414);
#23=PLANE('',#2418);
#24=PLANE('',#2425);
#25=PLANE('',#2429);
#26=PLANE('',#2433);
#27=PLANE('',#2440);
#28=PLANE('',#2444);
#29=PLANE('',#2448);
#30=PLANE('',#2455);
#31=PLANE('',#2459);
#32=PLANE('',#2463);
#33=PLANE('',#2470);
#34=PLANE('',#2474);
#35=PLANE('',#2478);
#36=PLANE('',#2485);
#37=PLANE('',#2489);
#38=PLANE('',#2493);
#39=PLANE('',#2500);
#40=PLANE('',#2504);
#41=PLANE('',#2508);
#42=PLANE('',#2515);
#43=PLANE('',#2519);
#44=PLANE('',#2523);
#45=PLANE('',#2530);
#46=PLANE('',#2534);
#47=PLANE('',#2538);
#48=PLANE('',#2542);
#49=PLANE('',#2546);
#50=PLANE('',#2550);
#51=PLANE('',#2554);
#52=PLANE('',#2558);
#53=PLANE('',#2562);
#54=PLANE('',#2569);
#55=PLANE('',#2570);
#56=PLANE('',#2571);
#57=PLANE('',#2572);
#58=PLANE('',#2573);
#59=PLANE('',#2574);
#60=PLANE('',#2575);
#61=PLANE('',#2576);
#62=PLANE('',#2577);
#63=PLANE('',#2578);
#64=PLANE('',#2579);
#65=PLANE('',#2580);
#66=PLANE('',#2593);
#67=PLANE('',#2594);
#68=PLANE('',#2595);
#69=LINE('',#3290,#288);
#70=LINE('',#3294,#289);
#71=LINE('',#3296,#290);
#72=LINE('',#3298,#291);
#73=LINE('',#3300,#292);
#74=LINE('',#3304,#293);
#75=LINE('',#3308,#294);
#76=LINE('',#3310,#295);
#77=LINE('',#3312,#296);
#78=LINE('',#3316,#297);
#79=LINE('',#3320,#298);
#80=LINE('',#3322,#299);
#81=LINE('',#3324,#300);
#82=LINE('',#3328,#301);
#83=LINE('',#3335,#302);
#84=LINE('',#3339,#303);
#85=LINE('',#3341,#304);
#86=LINE('',#3343,#305);
#87=LINE('',#3345,#306);
#88=LINE('',#3349,#307);
#89=LINE('',#3353,#308);
#90=LINE('',#3355,#309);
#91=LINE('',#3357,#310);
#92=LINE('',#3361,#311);
#93=LINE('',#3365,#312);
#94=LINE('',#3367,#313);
#95=LINE('',#3369,#314);
#96=LINE('',#3373,#315);
#97=LINE('',#3380,#316);
#98=LINE('',#3384,#317);
#99=LINE('',#3386,#318);
#100=LINE('',#3388,#319);
#101=LINE('',#3390,#320);
#102=LINE('',#3394,#321);
#103=LINE('',#3398,#322);
#104=LINE('',#3400,#323);
#105=LINE('',#3402,#324);
#106=LINE('',#3406,#325);
#107=LINE('',#3410,#326);
#108=LINE('',#3412,#327);
#109=LINE('',#3414,#328);
#110=LINE('',#3418,#329);
#111=LINE('',#3425,#330);
#112=LINE('',#3429,#331);
#113=LINE('',#3431,#332);
#114=LINE('',#3433,#333);
#115=LINE('',#3435,#334);
#116=LINE('',#3439,#335);
#117=LINE('',#3443,#336);
#118=LINE('',#3445,#337);
#119=LINE('',#3447,#338);
#120=LINE('',#3451,#339);
#121=LINE('',#3455,#340);
#122=LINE('',#3457,#341);
#123=LINE('',#3459,#342);
#124=LINE('',#3463,#343);
#125=LINE('',#3470,#344);
#126=LINE('',#3474,#345);
#127=LINE('',#3476,#346);
#128=LINE('',#3478,#347);
#129=LINE('',#3480,#348);
#130=LINE('',#3484,#349);
#131=LINE('',#3488,#350);
#132=LINE('',#3490,#351);
#133=LINE('',#3492,#352);
#134=LINE('',#3496,#353);
#135=LINE('',#3500,#354);
#136=LINE('',#3502,#355);
#137=LINE('',#3504,#356);
#138=LINE('',#3508,#357);
#139=LINE('',#3515,#358);
#140=LINE('',#3519,#359);
#141=LINE('',#3521,#360);
#142=LINE('',#3523,#361);
#143=LINE('',#3525,#362);
#144=LINE('',#3529,#363);
#145=LINE('',#3533,#364);
#146=LINE('',#3535,#365);
#147=LINE('',#3537,#366);
#148=LINE('',#3541,#367);
#149=LINE('',#3545,#368);
#150=LINE('',#3547,#369);
#151=LINE('',#3549,#370);
#152=LINE('',#3553,#371);
#153=LINE('',#3560,#372);
#154=LINE('',#3564,#373);
#155=LINE('',#3566,#374);
#156=LINE('',#3568,#375);
#157=LINE('',#3570,#376);
#158=LINE('',#3574,#377);
#159=LINE('',#3578,#378);
#160=LINE('',#3580,#379);
#161=LINE('',#3582,#380);
#162=LINE('',#3586,#381);
#163=LINE('',#3590,#382);
#164=LINE('',#3592,#383);
#165=LINE('',#3594,#384);
#166=LINE('',#3598,#385);
#167=LINE('',#3605,#386);
#168=LINE('',#3609,#387);
#169=LINE('',#3611,#388);
#170=LINE('',#3613,#389);
#171=LINE('',#3615,#390);
#172=LINE('',#3619,#391);
#173=LINE('',#3623,#392);
#174=LINE('',#3625,#393);
#175=LINE('',#3627,#394);
#176=LINE('',#3631,#395);
#177=LINE('',#3635,#396);
#178=LINE('',#3637,#397);
#179=LINE('',#3639,#398);
#180=LINE('',#3643,#399);
#181=LINE('',#3650,#400);
#182=LINE('',#3654,#401);
#183=LINE('',#3656,#402);
#184=LINE('',#3658,#403);
#185=LINE('',#3660,#404);
#186=LINE('',#3664,#405);
#187=LINE('',#3668,#406);
#188=LINE('',#3670,#407);
#189=LINE('',#3672,#408);
#190=LINE('',#3676,#409);
#191=LINE('',#3680,#410);
#192=LINE('',#3682,#411);
#193=LINE('',#3684,#412);
#194=LINE('',#3688,#413);
#195=LINE('',#3695,#414);
#196=LINE('',#3699,#415);
#197=LINE('',#3701,#416);
#198=LINE('',#3703,#417);
#199=LINE('',#3705,#418);
#200=LINE('',#3709,#419);
#201=LINE('',#3713,#420);
#202=LINE('',#3715,#421);
#203=LINE('',#3717,#422);
#204=LINE('',#3721,#423);
#205=LINE('',#3725,#424);
#206=LINE('',#3727,#425);
#207=LINE('',#3729,#426);
#208=LINE('',#3733,#427);
#209=LINE('',#3740,#428);
#210=LINE('',#3744,#429);
#211=LINE('',#3746,#430);
#212=LINE('',#3748,#431);
#213=LINE('',#3750,#432);
#214=LINE('',#3754,#433);
#215=LINE('',#3758,#434);
#216=LINE('',#3760,#435);
#217=LINE('',#3762,#436);
#218=LINE('',#3766,#437);
#219=LINE('',#3770,#438);
#220=LINE('',#3772,#439);
#221=LINE('',#3774,#440);
#222=LINE('',#3778,#441);
#223=LINE('',#3785,#442);
#224=LINE('',#3789,#443);
#225=LINE('',#3791,#444);
#226=LINE('',#3793,#445);
#227=LINE('',#3795,#446);
#228=LINE('',#3799,#447);
#229=LINE('',#3803,#448);
#230=LINE('',#3805,#449);
#231=LINE('',#3807,#450);
#232=LINE('',#3811,#451);
#233=LINE('',#3815,#452);
#234=LINE('',#3817,#453);
#235=LINE('',#3819,#454);
#236=LINE('',#3823,#455);
#237=LINE('',#3827,#456);
#238=LINE('',#3830,#457);
#239=LINE('',#3832,#458);
#240=LINE('',#3834,#459);
#241=LINE('',#3838,#460);
#242=LINE('',#3842,#461);
#243=LINE('',#3844,#462);
#244=LINE('',#3846,#463);
#245=LINE('',#3850,#464);
#246=LINE('',#3854,#465);
#247=LINE('',#3856,#466);
#248=LINE('',#3858,#467);
#249=LINE('',#3862,#468);
#250=LINE('',#3866,#469);
#251=LINE('',#3868,#470);
#252=LINE('',#3870,#471);
#253=LINE('',#3874,#472);
#254=LINE('',#3878,#473);
#255=LINE('',#3880,#474);
#256=LINE('',#3882,#475);
#257=LINE('',#3886,#476);
#258=LINE('',#3890,#477);
#259=LINE('',#3892,#478);
#260=LINE('',#3894,#479);
#261=LINE('',#3898,#480);
#262=LINE('',#3907,#481);
#263=LINE('',#3908,#482);
#264=LINE('',#3910,#483);
#265=LINE('',#3911,#484);
#266=LINE('',#3913,#485);
#267=LINE('',#3914,#486);
#268=LINE('',#3916,#487);
#269=LINE('',#3917,#488);
#270=LINE('',#3919,#489);
#271=LINE('',#3920,#490);
#272=LINE('',#3922,#491);
#273=LINE('',#3923,#492);
#274=LINE('',#3925,#493);
#275=LINE('',#3926,#494);
#276=LINE('',#3928,#495);
#277=LINE('',#3929,#496);
#278=LINE('',#3931,#497);
#279=LINE('',#3932,#498);
#280=LINE('',#3934,#499);
#281=LINE('',#3935,#500);
#282=LINE('',#3937,#501);
#283=LINE('',#3938,#502);
#284=LINE('',#3940,#503);
#285=LINE('',#3941,#504);
#286=LINE('',#3963,#505);
#287=LINE('',#3964,#506);
#288=VECTOR('',#2602,1000.);
#289=VECTOR('',#2605,1000.);
#290=VECTOR('',#2608,1000.);
#291=VECTOR('',#2609,1000.);
#292=VECTOR('',#2610,1000.);
#293=VECTOR('',#2615,1000.);
#294=VECTOR('',#2620,1000.);
#295=VECTOR('',#2621,1000.);
#296=VECTOR('',#2622,1000.);
#297=VECTOR('',#2627,1000.);
#298=VECTOR('',#2632,1000.);
#299=VECTOR('',#2633,1000.);
#300=VECTOR('',#2634,1000.);
#301=VECTOR('',#2639,1000.);
#302=VECTOR('',#2646,1000.);
#303=VECTOR('',#2649,1000.);
#304=VECTOR('',#2652,1000.);
#305=VECTOR('',#2653,1000.);
#306=VECTOR('',#2654,1000.);
#307=VECTOR('',#2659,1000.);
#308=VECTOR('',#2664,1000.);
#309=VECTOR('',#2665,1000.);
#310=VECTOR('',#2666,1000.);
#311=VECTOR('',#2671,1000.);
#312=VECTOR('',#2676,1000.);
#313=VECTOR('',#2677,1000.);
#314=VECTOR('',#2678,1000.);
#315=VECTOR('',#2683,1000.);
#316=VECTOR('',#2690,1000.);
#317=VECTOR('',#2693,1000.);
#318=VECTOR('',#2696,1000.);
#319=VECTOR('',#2697,1000.);
#320=VECTOR('',#2698,1000.);
#321=VECTOR('',#2703,1000.);
#322=VECTOR('',#2708,1000.);
#323=VECTOR('',#2709,1000.);
#324=VECTOR('',#2710,1000.);
#325=VECTOR('',#2715,1000.);
#326=VECTOR('',#2720,1000.);
#327=VECTOR('',#2721,1000.);
#328=VECTOR('',#2722,1000.);
#329=VECTOR('',#2727,1000.);
#330=VECTOR('',#2734,1000.);
#331=VECTOR('',#2737,1000.);
#332=VECTOR('',#2740,1000.);
#333=VECTOR('',#2741,1000.);
#334=VECTOR('',#2742,1000.);
#335=VECTOR('',#2747,1000.);
#336=VECTOR('',#2752,1000.);
#337=VECTOR('',#2753,1000.);
#338=VECTOR('',#2754,1000.);
#339=VECTOR('',#2759,1000.);
#340=VECTOR('',#2764,1000.);
#341=VECTOR('',#2765,1000.);
#342=VECTOR('',#2766,1000.);
#343=VECTOR('',#2771,1000.);
#344=VECTOR('',#2778,1000.);
#345=VECTOR('',#2781,1000.);
#346=VECTOR('',#2784,1000.);
#347=VECTOR('',#2785,1000.);
#348=VECTOR('',#2786,1000.);
#349=VECTOR('',#2791,1000.);
#350=VECTOR('',#2796,1000.);
#351=VECTOR('',#2797,1000.);
#352=VECTOR('',#2798,1000.);
#353=VECTOR('',#2803,1000.);
#354=VECTOR('',#2808,1000.);
#355=VECTOR('',#2809,1000.);
#356=VECTOR('',#2810,1000.);
#357=VECTOR('',#2815,1000.);
#358=VECTOR('',#2822,1000.);
#359=VECTOR('',#2825,1000.);
#360=VECTOR('',#2828,1000.);
#361=VECTOR('',#2829,1000.);
#362=VECTOR('',#2830,1000.);
#363=VECTOR('',#2835,1000.);
#364=VECTOR('',#2840,1000.);
#365=VECTOR('',#2841,1000.);
#366=VECTOR('',#2842,1000.);
#367=VECTOR('',#2847,1000.);
#368=VECTOR('',#2852,1000.);
#369=VECTOR('',#2853,1000.);
#370=VECTOR('',#2854,1000.);
#371=VECTOR('',#2859,1000.);
#372=VECTOR('',#2866,1000.);
#373=VECTOR('',#2869,1000.);
#374=VECTOR('',#2872,1000.);
#375=VECTOR('',#2873,1000.);
#376=VECTOR('',#2874,1000.);
#377=VECTOR('',#2879,1000.);
#378=VECTOR('',#2884,1000.);
#379=VECTOR('',#2885,1000.);
#380=VECTOR('',#2886,1000.);
#381=VECTOR('',#2891,1000.);
#382=VECTOR('',#2896,1000.);
#383=VECTOR('',#2897,1000.);
#384=VECTOR('',#2898,1000.);
#385=VECTOR('',#2903,1000.);
#386=VECTOR('',#2910,1000.);
#387=VECTOR('',#2913,1000.);
#388=VECTOR('',#2916,1000.);
#389=VECTOR('',#2917,1000.);
#390=VECTOR('',#2918,1000.);
#391=VECTOR('',#2923,1000.);
#392=VECTOR('',#2928,1000.);
#393=VECTOR('',#2929,1000.);
#394=VECTOR('',#2930,1000.);
#395=VECTOR('',#2935,1000.);
#396=VECTOR('',#2940,1000.);
#397=VECTOR('',#2941,1000.);
#398=VECTOR('',#2942,1000.);
#399=VECTOR('',#2947,1000.);
#400=VECTOR('',#2954,1000.);
#401=VECTOR('',#2957,1000.);
#402=VECTOR('',#2960,1000.);
#403=VECTOR('',#2961,1000.);
#404=VECTOR('',#2962,1000.);
#405=VECTOR('',#2967,1000.);
#406=VECTOR('',#2972,1000.);
#407=VECTOR('',#2973,1000.);
#408=VECTOR('',#2974,1000.);
#409=VECTOR('',#2979,1000.);
#410=VECTOR('',#2984,1000.);
#411=VECTOR('',#2985,1000.);
#412=VECTOR('',#2986,1000.);
#413=VECTOR('',#2991,1000.);
#414=VECTOR('',#2998,1000.);
#415=VECTOR('',#3001,1000.);
#416=VECTOR('',#3004,1000.);
#417=VECTOR('',#3005,1000.);
#418=VECTOR('',#3006,1000.);
#419=VECTOR('',#3011,1000.);
#420=VECTOR('',#3016,1000.);
#421=VECTOR('',#3017,1000.);
#422=VECTOR('',#3018,1000.);
#423=VECTOR('',#3023,1000.);
#424=VECTOR('',#3028,1000.);
#425=VECTOR('',#3029,1000.);
#426=VECTOR('',#3030,1000.);
#427=VECTOR('',#3035,1000.);
#428=VECTOR('',#3042,1000.);
#429=VECTOR('',#3045,1000.);
#430=VECTOR('',#3048,1000.);
#431=VECTOR('',#3049,1000.);
#432=VECTOR('',#3050,1000.);
#433=VECTOR('',#3055,1000.);
#434=VECTOR('',#3060,1000.);
#435=VECTOR('',#3061,1000.);
#436=VECTOR('',#3062,1000.);
#437=VECTOR('',#3067,1000.);
#438=VECTOR('',#3072,1000.);
#439=VECTOR('',#3073,1000.);
#440=VECTOR('',#3074,1000.);
#441=VECTOR('',#3079,1000.);
#442=VECTOR('',#3086,1000.);
#443=VECTOR('',#3089,1000.);
#444=VECTOR('',#3092,1000.);
#445=VECTOR('',#3093,1000.);
#446=VECTOR('',#3094,1000.);
#447=VECTOR('',#3099,1000.);
#448=VECTOR('',#3104,1000.);
#449=VECTOR('',#3105,1000.);
#450=VECTOR('',#3106,1000.);
#451=VECTOR('',#3111,1000.);
#452=VECTOR('',#3116,1000.);
#453=VECTOR('',#3117,1000.);
#454=VECTOR('',#3118,1000.);
#455=VECTOR('',#3123,1000.);
#456=VECTOR('',#3128,1000.);
#457=VECTOR('',#3129,1000.);
#458=VECTOR('',#3130,1000.);
#459=VECTOR('',#3131,1000.);
#460=VECTOR('',#3136,1000.);
#461=VECTOR('',#3141,1000.);
#462=VECTOR('',#3142,1000.);
#463=VECTOR('',#3143,1000.);
#464=VECTOR('',#3148,1000.);
#465=VECTOR('',#3153,1000.);
#466=VECTOR('',#3154,1000.);
#467=VECTOR('',#3155,1000.);
#468=VECTOR('',#3160,1000.);
#469=VECTOR('',#3165,1000.);
#470=VECTOR('',#3166,1000.);
#471=VECTOR('',#3167,1000.);
#472=VECTOR('',#3172,1000.);
#473=VECTOR('',#3177,1000.);
#474=VECTOR('',#3178,1000.);
#475=VECTOR('',#3179,1000.);
#476=VECTOR('',#3184,1000.);
#477=VECTOR('',#3189,1000.);
#478=VECTOR('',#3190,1000.);
#479=VECTOR('',#3191,1000.);
#480=VECTOR('',#3196,1000.);
#481=VECTOR('',#3207,1000.);
#482=VECTOR('',#3208,1000.);
#483=VECTOR('',#3211,1000.);
#484=VECTOR('',#3212,1000.);
#485=VECTOR('',#3215,1000.);
#486=VECTOR('',#3216,1000.);
#487=VECTOR('',#3219,1000.);
#488=VECTOR('',#3220,1000.);
#489=VECTOR('',#3223,1000.);
#490=VECTOR('',#3224,1000.);
#491=VECTOR('',#3227,1000.);
#492=VECTOR('',#3228,1000.);
#493=VECTOR('',#3231,1000.);
#494=VECTOR('',#3232,1000.);
#495=VECTOR('',#3235,1000.);
#496=VECTOR('',#3236,1000.);
#497=VECTOR('',#3239,1000.);
#498=VECTOR('',#3240,1000.);
#499=VECTOR('',#3243,1000.);
#500=VECTOR('',#3244,1000.);
#501=VECTOR('',#3247,1000.);
#502=VECTOR('',#3248,1000.);
#503=VECTOR('',#3251,1000.);
#504=VECTOR('',#3252,1000.);
#505=VECTOR('',#3279,1000.);
#506=VECTOR('',#3280,1000.);
#507=ORIENTED_EDGE('',*,*,#1181,.F.);
#508=ORIENTED_EDGE('',*,*,#1182,.F.);
#509=ORIENTED_EDGE('',*,*,#1183,.T.);
#510=ORIENTED_EDGE('',*,*,#1184,.T.);
#511=ORIENTED_EDGE('',*,*,#1185,.T.);
#512=ORIENTED_EDGE('',*,*,#1186,.F.);
#513=ORIENTED_EDGE('',*,*,#1187,.F.);
#514=ORIENTED_EDGE('',*,*,#1182,.T.);
#515=ORIENTED_EDGE('',*,*,#1188,.F.);
#516=ORIENTED_EDGE('',*,*,#1189,.F.);
#517=ORIENTED_EDGE('',*,*,#1190,.T.);
#518=ORIENTED_EDGE('',*,*,#1186,.T.);
#519=ORIENTED_EDGE('',*,*,#1191,.F.);
#520=ORIENTED_EDGE('',*,*,#1192,.F.);
#521=ORIENTED_EDGE('',*,*,#1193,.T.);
#522=ORIENTED_EDGE('',*,*,#1189,.T.);
#523=ORIENTED_EDGE('',*,*,#1194,.F.);
#524=ORIENTED_EDGE('',*,*,#1195,.F.);
#525=ORIENTED_EDGE('',*,*,#1196,.T.);
#526=ORIENTED_EDGE('',*,*,#1192,.T.);
#527=ORIENTED_EDGE('',*,*,#1197,.F.);
#528=ORIENTED_EDGE('',*,*,#1198,.F.);
#529=ORIENTED_EDGE('',*,*,#1199,.T.);
#530=ORIENTED_EDGE('',*,*,#1195,.T.);
#531=ORIENTED_EDGE('',*,*,#1200,.F.);
#532=ORIENTED_EDGE('',*,*,#1201,.F.);
#533=ORIENTED_EDGE('',*,*,#1202,.T.);
#534=ORIENTED_EDGE('',*,*,#1198,.T.);
#535=ORIENTED_EDGE('',*,*,#1203,.F.);
#536=ORIENTED_EDGE('',*,*,#1204,.F.);
#537=ORIENTED_EDGE('',*,*,#1205,.T.);
#538=ORIENTED_EDGE('',*,*,#1206,.T.);
#539=ORIENTED_EDGE('',*,*,#1207,.T.);
#540=ORIENTED_EDGE('',*,*,#1208,.F.);
#541=ORIENTED_EDGE('',*,*,#1209,.F.);
#542=ORIENTED_EDGE('',*,*,#1204,.T.);
#543=ORIENTED_EDGE('',*,*,#1210,.F.);
#544=ORIENTED_EDGE('',*,*,#1211,.F.);
#545=ORIENTED_EDGE('',*,*,#1212,.T.);
#546=ORIENTED_EDGE('',*,*,#1208,.T.);
#547=ORIENTED_EDGE('',*,*,#1213,.F.);
#548=ORIENTED_EDGE('',*,*,#1214,.F.);
#549=ORIENTED_EDGE('',*,*,#1215,.T.);
#550=ORIENTED_EDGE('',*,*,#1211,.T.);
#551=ORIENTED_EDGE('',*,*,#1216,.F.);
#552=ORIENTED_EDGE('',*,*,#1217,.F.);
#553=ORIENTED_EDGE('',*,*,#1218,.T.);
#554=ORIENTED_EDGE('',*,*,#1214,.T.);
#555=ORIENTED_EDGE('',*,*,#1219,.F.);
#556=ORIENTED_EDGE('',*,*,#1220,.F.);
#557=ORIENTED_EDGE('',*,*,#1221,.T.);
#558=ORIENTED_EDGE('',*,*,#1217,.T.);
#559=ORIENTED_EDGE('',*,*,#1222,.F.);
#560=ORIENTED_EDGE('',*,*,#1223,.F.);
#561=ORIENTED_EDGE('',*,*,#1224,.T.);
#562=ORIENTED_EDGE('',*,*,#1220,.T.);
#563=ORIENTED_EDGE('',*,*,#1225,.F.);
#564=ORIENTED_EDGE('',*,*,#1226,.F.);
#565=ORIENTED_EDGE('',*,*,#1227,.T.);
#566=ORIENTED_EDGE('',*,*,#1228,.T.);
#567=ORIENTED_EDGE('',*,*,#1229,.T.);
#568=ORIENTED_EDGE('',*,*,#1230,.F.);
#569=ORIENTED_EDGE('',*,*,#1231,.F.);
#570=ORIENTED_EDGE('',*,*,#1226,.T.);
#571=ORIENTED_EDGE('',*,*,#1232,.F.);
#572=ORIENTED_EDGE('',*,*,#1233,.F.);
#573=ORIENTED_EDGE('',*,*,#1234,.T.);
#574=ORIENTED_EDGE('',*,*,#1230,.T.);
#575=ORIENTED_EDGE('',*,*,#1235,.F.);
#576=ORIENTED_EDGE('',*,*,#1236,.F.);
#577=ORIENTED_EDGE('',*,*,#1237,.T.);
#578=ORIENTED_EDGE('',*,*,#1233,.T.);
#579=ORIENTED_EDGE('',*,*,#1238,.F.);
#580=ORIENTED_EDGE('',*,*,#1239,.F.);
#581=ORIENTED_EDGE('',*,*,#1240,.T.);
#582=ORIENTED_EDGE('',*,*,#1236,.T.);
#583=ORIENTED_EDGE('',*,*,#1241,.F.);
#584=ORIENTED_EDGE('',*,*,#1242,.F.);
#585=ORIENTED_EDGE('',*,*,#1243,.T.);
#586=ORIENTED_EDGE('',*,*,#1239,.T.);
#587=ORIENTED_EDGE('',*,*,#1244,.F.);
#588=ORIENTED_EDGE('',*,*,#1245,.F.);
#589=ORIENTED_EDGE('',*,*,#1246,.T.);
#590=ORIENTED_EDGE('',*,*,#1242,.T.);
#591=ORIENTED_EDGE('',*,*,#1247,.F.);
#592=ORIENTED_EDGE('',*,*,#1248,.F.);
#593=ORIENTED_EDGE('',*,*,#1249,.T.);
#594=ORIENTED_EDGE('',*,*,#1250,.T.);
#595=ORIENTED_EDGE('',*,*,#1251,.T.);
#596=ORIENTED_EDGE('',*,*,#1252,.F.);
#597=ORIENTED_EDGE('',*,*,#1253,.F.);
#598=ORIENTED_EDGE('',*,*,#1248,.T.);
#599=ORIENTED_EDGE('',*,*,#1254,.F.);
#600=ORIENTED_EDGE('',*,*,#1255,.F.);
#601=ORIENTED_EDGE('',*,*,#1256,.T.);
#602=ORIENTED_EDGE('',*,*,#1252,.T.);
#603=ORIENTED_EDGE('',*,*,#1257,.T.);
#604=ORIENTED_EDGE('',*,*,#1258,.F.);
#605=ORIENTED_EDGE('',*,*,#1259,.F.);
#606=ORIENTED_EDGE('',*,*,#1255,.T.);
#607=ORIENTED_EDGE('',*,*,#1260,.F.);
#608=ORIENTED_EDGE('',*,*,#1261,.F.);
#609=ORIENTED_EDGE('',*,*,#1262,.T.);
#610=ORIENTED_EDGE('',*,*,#1258,.T.);
#611=ORIENTED_EDGE('',*,*,#1263,.F.);
#612=ORIENTED_EDGE('',*,*,#1264,.F.);
#613=ORIENTED_EDGE('',*,*,#1265,.T.);
#614=ORIENTED_EDGE('',*,*,#1261,.T.);
#615=ORIENTED_EDGE('',*,*,#1266,.F.);
#616=ORIENTED_EDGE('',*,*,#1267,.F.);
#617=ORIENTED_EDGE('',*,*,#1268,.T.);
#618=ORIENTED_EDGE('',*,*,#1264,.T.);
#619=ORIENTED_EDGE('',*,*,#1269,.F.);
#620=ORIENTED_EDGE('',*,*,#1270,.F.);
#621=ORIENTED_EDGE('',*,*,#1271,.T.);
#622=ORIENTED_EDGE('',*,*,#1272,.T.);
#623=ORIENTED_EDGE('',*,*,#1273,.T.);
#624=ORIENTED_EDGE('',*,*,#1274,.F.);
#625=ORIENTED_EDGE('',*,*,#1275,.F.);
#626=ORIENTED_EDGE('',*,*,#1270,.T.);
#627=ORIENTED_EDGE('',*,*,#1276,.F.);
#628=ORIENTED_EDGE('',*,*,#1277,.F.);
#629=ORIENTED_EDGE('',*,*,#1278,.T.);
#630=ORIENTED_EDGE('',*,*,#1274,.T.);
#631=ORIENTED_EDGE('',*,*,#1279,.T.);
#632=ORIENTED_EDGE('',*,*,#1280,.F.);
#633=ORIENTED_EDGE('',*,*,#1281,.F.);
#634=ORIENTED_EDGE('',*,*,#1277,.T.);
#635=ORIENTED_EDGE('',*,*,#1282,.F.);
#636=ORIENTED_EDGE('',*,*,#1283,.F.);
#637=ORIENTED_EDGE('',*,*,#1284,.T.);
#638=ORIENTED_EDGE('',*,*,#1280,.T.);
#639=ORIENTED_EDGE('',*,*,#1285,.F.);
#640=ORIENTED_EDGE('',*,*,#1286,.F.);
#641=ORIENTED_EDGE('',*,*,#1287,.T.);
#642=ORIENTED_EDGE('',*,*,#1283,.T.);
#643=ORIENTED_EDGE('',*,*,#1288,.F.);
#644=ORIENTED_EDGE('',*,*,#1289,.F.);
#645=ORIENTED_EDGE('',*,*,#1290,.T.);
#646=ORIENTED_EDGE('',*,*,#1286,.T.);
#647=ORIENTED_EDGE('',*,*,#1291,.F.);
#648=ORIENTED_EDGE('',*,*,#1292,.F.);
#649=ORIENTED_EDGE('',*,*,#1293,.T.);
#650=ORIENTED_EDGE('',*,*,#1294,.T.);
#651=ORIENTED_EDGE('',*,*,#1295,.T.);
#652=ORIENTED_EDGE('',*,*,#1296,.F.);
#653=ORIENTED_EDGE('',*,*,#1297,.F.);
#654=ORIENTED_EDGE('',*,*,#1292,.T.);
#655=ORIENTED_EDGE('',*,*,#1298,.F.);
#656=ORIENTED_EDGE('',*,*,#1299,.F.);
#657=ORIENTED_EDGE('',*,*,#1300,.T.);
#658=ORIENTED_EDGE('',*,*,#1296,.T.);
#659=ORIENTED_EDGE('',*,*,#1301,.T.);
#660=ORIENTED_EDGE('',*,*,#1302,.F.);
#661=ORIENTED_EDGE('',*,*,#1303,.F.);
#662=ORIENTED_EDGE('',*,*,#1299,.T.);
#663=ORIENTED_EDGE('',*,*,#1304,.F.);
#664=ORIENTED_EDGE('',*,*,#1305,.F.);
#665=ORIENTED_EDGE('',*,*,#1306,.T.);
#666=ORIENTED_EDGE('',*,*,#1302,.T.);
#667=ORIENTED_EDGE('',*,*,#1307,.F.);
#668=ORIENTED_EDGE('',*,*,#1308,.F.);
#669=ORIENTED_EDGE('',*,*,#1309,.T.);
#670=ORIENTED_EDGE('',*,*,#1305,.T.);
#671=ORIENTED_EDGE('',*,*,#1310,.F.);
#672=ORIENTED_EDGE('',*,*,#1311,.F.);
#673=ORIENTED_EDGE('',*,*,#1312,.T.);
#674=ORIENTED_EDGE('',*,*,#1308,.T.);
#675=ORIENTED_EDGE('',*,*,#1313,.F.);
#676=ORIENTED_EDGE('',*,*,#1314,.F.);
#677=ORIENTED_EDGE('',*,*,#1315,.T.);
#678=ORIENTED_EDGE('',*,*,#1316,.T.);
#679=ORIENTED_EDGE('',*,*,#1317,.T.);
#680=ORIENTED_EDGE('',*,*,#1318,.F.);
#681=ORIENTED_EDGE('',*,*,#1319,.F.);
#682=ORIENTED_EDGE('',*,*,#1314,.T.);
#683=ORIENTED_EDGE('',*,*,#1320,.F.);
#684=ORIENTED_EDGE('',*,*,#1321,.F.);
#685=ORIENTED_EDGE('',*,*,#1322,.T.);
#686=ORIENTED_EDGE('',*,*,#1318,.T.);
#687=ORIENTED_EDGE('',*,*,#1323,.T.);
#688=ORIENTED_EDGE('',*,*,#1324,.F.);
#689=ORIENTED_EDGE('',*,*,#1325,.F.);
#690=ORIENTED_EDGE('',*,*,#1321,.T.);
#691=ORIENTED_EDGE('',*,*,#1326,.F.);
#692=ORIENTED_EDGE('',*,*,#1327,.F.);
#693=ORIENTED_EDGE('',*,*,#1328,.T.);
#694=ORIENTED_EDGE('',*,*,#1324,.T.);
#695=ORIENTED_EDGE('',*,*,#1329,.F.);
#696=ORIENTED_EDGE('',*,*,#1330,.F.);
#697=ORIENTED_EDGE('',*,*,#1331,.T.);
#698=ORIENTED_EDGE('',*,*,#1327,.T.);
#699=ORIENTED_EDGE('',*,*,#1332,.F.);
#700=ORIENTED_EDGE('',*,*,#1333,.F.);
#701=ORIENTED_EDGE('',*,*,#1334,.T.);
#702=ORIENTED_EDGE('',*,*,#1330,.T.);
#703=ORIENTED_EDGE('',*,*,#1335,.F.);
#704=ORIENTED_EDGE('',*,*,#1336,.F.);
#705=ORIENTED_EDGE('',*,*,#1337,.T.);
#706=ORIENTED_EDGE('',*,*,#1338,.T.);
#707=ORIENTED_EDGE('',*,*,#1339,.T.);
#708=ORIENTED_EDGE('',*,*,#1340,.F.);
#709=ORIENTED_EDGE('',*,*,#1341,.F.);
#710=ORIENTED_EDGE('',*,*,#1336,.T.);
#711=ORIENTED_EDGE('',*,*,#1342,.F.);
#712=ORIENTED_EDGE('',*,*,#1343,.F.);
#713=ORIENTED_EDGE('',*,*,#1344,.T.);
#714=ORIENTED_EDGE('',*,*,#1340,.T.);
#715=ORIENTED_EDGE('',*,*,#1345,.T.);
#716=ORIENTED_EDGE('',*,*,#1346,.F.);
#717=ORIENTED_EDGE('',*,*,#1347,.F.);
#718=ORIENTED_EDGE('',*,*,#1343,.T.);
#719=ORIENTED_EDGE('',*,*,#1348,.F.);
#720=ORIENTED_EDGE('',*,*,#1349,.F.);
#721=ORIENTED_EDGE('',*,*,#1350,.T.);
#722=ORIENTED_EDGE('',*,*,#1346,.T.);
#723=ORIENTED_EDGE('',*,*,#1351,.F.);
#724=ORIENTED_EDGE('',*,*,#1352,.F.);
#725=ORIENTED_EDGE('',*,*,#1353,.T.);
#726=ORIENTED_EDGE('',*,*,#1349,.T.);
#727=ORIENTED_EDGE('',*,*,#1354,.F.);
#728=ORIENTED_EDGE('',*,*,#1355,.F.);
#729=ORIENTED_EDGE('',*,*,#1356,.T.);
#730=ORIENTED_EDGE('',*,*,#1352,.T.);
#731=ORIENTED_EDGE('',*,*,#1357,.F.);
#732=ORIENTED_EDGE('',*,*,#1358,.F.);
#733=ORIENTED_EDGE('',*,*,#1359,.T.);
#734=ORIENTED_EDGE('',*,*,#1360,.T.);
#735=ORIENTED_EDGE('',*,*,#1361,.T.);
#736=ORIENTED_EDGE('',*,*,#1362,.F.);
#737=ORIENTED_EDGE('',*,*,#1363,.F.);
#738=ORIENTED_EDGE('',*,*,#1358,.T.);
#739=ORIENTED_EDGE('',*,*,#1364,.F.);
#740=ORIENTED_EDGE('',*,*,#1365,.F.);
#741=ORIENTED_EDGE('',*,*,#1366,.T.);
#742=ORIENTED_EDGE('',*,*,#1362,.T.);
#743=ORIENTED_EDGE('',*,*,#1367,.T.);
#744=ORIENTED_EDGE('',*,*,#1368,.F.);
#745=ORIENTED_EDGE('',*,*,#1369,.F.);
#746=ORIENTED_EDGE('',*,*,#1365,.T.);
#747=ORIENTED_EDGE('',*,*,#1370,.F.);
#748=ORIENTED_EDGE('',*,*,#1371,.F.);
#749=ORIENTED_EDGE('',*,*,#1372,.T.);
#750=ORIENTED_EDGE('',*,*,#1368,.T.);
#751=ORIENTED_EDGE('',*,*,#1373,.F.);
#752=ORIENTED_EDGE('',*,*,#1374,.F.);
#753=ORIENTED_EDGE('',*,*,#1375,.T.);
#754=ORIENTED_EDGE('',*,*,#1371,.T.);
#755=ORIENTED_EDGE('',*,*,#1376,.F.);
#756=ORIENTED_EDGE('',*,*,#1377,.F.);
#757=ORIENTED_EDGE('',*,*,#1378,.T.);
#758=ORIENTED_EDGE('',*,*,#1374,.T.);
#759=ORIENTED_EDGE('',*,*,#1379,.F.);
#760=ORIENTED_EDGE('',*,*,#1380,.F.);
#761=ORIENTED_EDGE('',*,*,#1381,.T.);
#762=ORIENTED_EDGE('',*,*,#1382,.T.);
#763=ORIENTED_EDGE('',*,*,#1383,.T.);
#764=ORIENTED_EDGE('',*,*,#1384,.F.);
#765=ORIENTED_EDGE('',*,*,#1385,.F.);
#766=ORIENTED_EDGE('',*,*,#1380,.T.);
#767=ORIENTED_EDGE('',*,*,#1386,.F.);
#768=ORIENTED_EDGE('',*,*,#1387,.F.);
#769=ORIENTED_EDGE('',*,*,#1388,.T.);
#770=ORIENTED_EDGE('',*,*,#1384,.T.);
#771=ORIENTED_EDGE('',*,*,#1389,.T.);
#772=ORIENTED_EDGE('',*,*,#1390,.F.);
#773=ORIENTED_EDGE('',*,*,#1391,.F.);
#774=ORIENTED_EDGE('',*,*,#1387,.T.);
#775=ORIENTED_EDGE('',*,*,#1392,.F.);
#776=ORIENTED_EDGE('',*,*,#1393,.F.);
#777=ORIENTED_EDGE('',*,*,#1394,.T.);
#778=ORIENTED_EDGE('',*,*,#1390,.T.);
#779=ORIENTED_EDGE('',*,*,#1395,.F.);
#780=ORIENTED_EDGE('',*,*,#1396,.F.);
#781=ORIENTED_EDGE('',*,*,#1397,.T.);
#782=ORIENTED_EDGE('',*,*,#1393,.T.);
#783=ORIENTED_EDGE('',*,*,#1398,.F.);
#784=ORIENTED_EDGE('',*,*,#1399,.F.);
#785=ORIENTED_EDGE('',*,*,#1400,.T.);
#786=ORIENTED_EDGE('',*,*,#1396,.T.);
#787=ORIENTED_EDGE('',*,*,#1401,.F.);
#788=ORIENTED_EDGE('',*,*,#1402,.F.);
#789=ORIENTED_EDGE('',*,*,#1403,.T.);
#790=ORIENTED_EDGE('',*,*,#1404,.T.);
#791=ORIENTED_EDGE('',*,*,#1405,.T.);
#792=ORIENTED_EDGE('',*,*,#1406,.F.);
#793=ORIENTED_EDGE('',*,*,#1407,.F.);
#794=ORIENTED_EDGE('',*,*,#1402,.T.);
#795=ORIENTED_EDGE('',*,*,#1408,.F.);
#796=ORIENTED_EDGE('',*,*,#1409,.F.);
#797=ORIENTED_EDGE('',*,*,#1410,.T.);
#798=ORIENTED_EDGE('',*,*,#1406,.T.);
#799=ORIENTED_EDGE('',*,*,#1411,.T.);
#800=ORIENTED_EDGE('',*,*,#1412,.F.);
#801=ORIENTED_EDGE('',*,*,#1413,.F.);
#802=ORIENTED_EDGE('',*,*,#1409,.T.);
#803=ORIENTED_EDGE('',*,*,#1414,.F.);
#804=ORIENTED_EDGE('',*,*,#1415,.F.);
#805=ORIENTED_EDGE('',*,*,#1416,.T.);
#806=ORIENTED_EDGE('',*,*,#1412,.T.);
#807=ORIENTED_EDGE('',*,*,#1417,.F.);
#808=ORIENTED_EDGE('',*,*,#1418,.F.);
#809=ORIENTED_EDGE('',*,*,#1419,.T.);
#810=ORIENTED_EDGE('',*,*,#1415,.T.);
#811=ORIENTED_EDGE('',*,*,#1420,.F.);
#812=ORIENTED_EDGE('',*,*,#1421,.F.);
#813=ORIENTED_EDGE('',*,*,#1422,.T.);
#814=ORIENTED_EDGE('',*,*,#1418,.T.);
#815=ORIENTED_EDGE('',*,*,#1423,.F.);
#816=ORIENTED_EDGE('',*,*,#1424,.F.);
#817=ORIENTED_EDGE('',*,*,#1425,.T.);
#818=ORIENTED_EDGE('',*,*,#1426,.T.);
#819=ORIENTED_EDGE('',*,*,#1427,.T.);
#820=ORIENTED_EDGE('',*,*,#1428,.F.);
#821=ORIENTED_EDGE('',*,*,#1429,.F.);
#822=ORIENTED_EDGE('',*,*,#1424,.T.);
#823=ORIENTED_EDGE('',*,*,#1430,.F.);
#824=ORIENTED_EDGE('',*,*,#1431,.F.);
#825=ORIENTED_EDGE('',*,*,#1432,.T.);
#826=ORIENTED_EDGE('',*,*,#1428,.T.);
#827=ORIENTED_EDGE('',*,*,#1433,.T.);
#828=ORIENTED_EDGE('',*,*,#1434,.F.);
#829=ORIENTED_EDGE('',*,*,#1435,.F.);
#830=ORIENTED_EDGE('',*,*,#1431,.T.);
#831=ORIENTED_EDGE('',*,*,#1436,.F.);
#832=ORIENTED_EDGE('',*,*,#1437,.F.);
#833=ORIENTED_EDGE('',*,*,#1438,.T.);
#834=ORIENTED_EDGE('',*,*,#1434,.T.);
#835=ORIENTED_EDGE('',*,*,#1439,.F.);
#836=ORIENTED_EDGE('',*,*,#1440,.F.);
#837=ORIENTED_EDGE('',*,*,#1441,.T.);
#838=ORIENTED_EDGE('',*,*,#1437,.T.);
#839=ORIENTED_EDGE('',*,*,#1442,.F.);
#840=ORIENTED_EDGE('',*,*,#1443,.F.);
#841=ORIENTED_EDGE('',*,*,#1444,.T.);
#842=ORIENTED_EDGE('',*,*,#1440,.T.);
#843=ORIENTED_EDGE('',*,*,#1445,.F.);
#844=ORIENTED_EDGE('',*,*,#1446,.F.);
#845=ORIENTED_EDGE('',*,*,#1447,.T.);
#846=ORIENTED_EDGE('',*,*,#1448,.T.);
#847=ORIENTED_EDGE('',*,*,#1449,.T.);
#848=ORIENTED_EDGE('',*,*,#1450,.F.);
#849=ORIENTED_EDGE('',*,*,#1451,.F.);
#850=ORIENTED_EDGE('',*,*,#1446,.T.);
#851=ORIENTED_EDGE('',*,*,#1452,.F.);
#852=ORIENTED_EDGE('',*,*,#1453,.F.);
#853=ORIENTED_EDGE('',*,*,#1454,.T.);
#854=ORIENTED_EDGE('',*,*,#1450,.T.);
#855=ORIENTED_EDGE('',*,*,#1455,.T.);
#856=ORIENTED_EDGE('',*,*,#1456,.F.);
#857=ORIENTED_EDGE('',*,*,#1457,.F.);
#858=ORIENTED_EDGE('',*,*,#1453,.T.);
#859=ORIENTED_EDGE('',*,*,#1458,.T.);
#860=ORIENTED_EDGE('',*,*,#1459,.F.);
#861=ORIENTED_EDGE('',*,*,#1460,.F.);
#862=ORIENTED_EDGE('',*,*,#1456,.T.);
#863=ORIENTED_EDGE('',*,*,#1461,.T.);
#864=ORIENTED_EDGE('',*,*,#1462,.F.);
#865=ORIENTED_EDGE('',*,*,#1463,.F.);
#866=ORIENTED_EDGE('',*,*,#1459,.T.);
#867=ORIENTED_EDGE('',*,*,#1464,.T.);
#868=ORIENTED_EDGE('',*,*,#1465,.F.);
#869=ORIENTED_EDGE('',*,*,#1466,.F.);
#870=ORIENTED_EDGE('',*,*,#1462,.T.);
#871=ORIENTED_EDGE('',*,*,#1467,.F.);
#872=ORIENTED_EDGE('',*,*,#1468,.F.);
#873=ORIENTED_EDGE('',*,*,#1469,.T.);
#874=ORIENTED_EDGE('',*,*,#1465,.T.);
#875=ORIENTED_EDGE('',*,*,#1470,.T.);
#876=ORIENTED_EDGE('',*,*,#1471,.F.);
#877=ORIENTED_EDGE('',*,*,#1472,.F.);
#878=ORIENTED_EDGE('',*,*,#1468,.T.);
#879=ORIENTED_EDGE('',*,*,#1473,.T.);
#880=ORIENTED_EDGE('',*,*,#1474,.F.);
#881=ORIENTED_EDGE('',*,*,#1475,.F.);
#882=ORIENTED_EDGE('',*,*,#1471,.T.);
#883=ORIENTED_EDGE('',*,*,#1476,.T.);
#884=ORIENTED_EDGE('',*,*,#1477,.F.);
#885=ORIENTED_EDGE('',*,*,#1478,.F.);
#886=ORIENTED_EDGE('',*,*,#1474,.T.);
#887=ORIENTED_EDGE('',*,*,#1479,.T.);
#888=ORIENTED_EDGE('',*,*,#1480,.F.);
#889=ORIENTED_EDGE('',*,*,#1481,.F.);
#890=ORIENTED_EDGE('',*,*,#1477,.T.);
#891=ORIENTED_EDGE('',*,*,#1482,.T.);
#892=ORIENTED_EDGE('',*,*,#1483,.F.);
#893=ORIENTED_EDGE('',*,*,#1484,.T.);
#894=ORIENTED_EDGE('',*,*,#1206,.F.);
#895=ORIENTED_EDGE('',*,*,#1485,.F.);
#896=ORIENTED_EDGE('',*,*,#1223,.T.);
#897=ORIENTED_EDGE('',*,*,#1486,.T.);
#898=ORIENTED_EDGE('',*,*,#1228,.F.);
#899=ORIENTED_EDGE('',*,*,#1487,.F.);
#900=ORIENTED_EDGE('',*,*,#1245,.T.);
#901=ORIENTED_EDGE('',*,*,#1488,.F.);
#902=ORIENTED_EDGE('',*,*,#1250,.F.);
#903=ORIENTED_EDGE('',*,*,#1489,.T.);
#904=ORIENTED_EDGE('',*,*,#1267,.T.);
#905=ORIENTED_EDGE('',*,*,#1490,.F.);
#906=ORIENTED_EDGE('',*,*,#1272,.F.);
#907=ORIENTED_EDGE('',*,*,#1491,.T.);
#908=ORIENTED_EDGE('',*,*,#1289,.T.);
#909=ORIENTED_EDGE('',*,*,#1492,.F.);
#910=ORIENTED_EDGE('',*,*,#1294,.F.);
#911=ORIENTED_EDGE('',*,*,#1493,.T.);
#912=ORIENTED_EDGE('',*,*,#1311,.T.);
#913=ORIENTED_EDGE('',*,*,#1494,.F.);
#914=ORIENTED_EDGE('',*,*,#1316,.F.);
#915=ORIENTED_EDGE('',*,*,#1495,.T.);
#916=ORIENTED_EDGE('',*,*,#1333,.T.);
#917=ORIENTED_EDGE('',*,*,#1496,.F.);
#918=ORIENTED_EDGE('',*,*,#1338,.F.);
#919=ORIENTED_EDGE('',*,*,#1497,.T.);
#920=ORIENTED_EDGE('',*,*,#1355,.T.);
#921=ORIENTED_EDGE('',*,*,#1498,.F.);
#922=ORIENTED_EDGE('',*,*,#1360,.F.);
#923=ORIENTED_EDGE('',*,*,#1499,.T.);
#924=ORIENTED_EDGE('',*,*,#1377,.T.);
#925=ORIENTED_EDGE('',*,*,#1500,.F.);
#926=ORIENTED_EDGE('',*,*,#1382,.F.);
#927=ORIENTED_EDGE('',*,*,#1501,.T.);
#928=ORIENTED_EDGE('',*,*,#1399,.T.);
#929=ORIENTED_EDGE('',*,*,#1502,.F.);
#930=ORIENTED_EDGE('',*,*,#1404,.F.);
#931=ORIENTED_EDGE('',*,*,#1503,.T.);
#932=ORIENTED_EDGE('',*,*,#1421,.T.);
#933=ORIENTED_EDGE('',*,*,#1504,.F.);
#934=ORIENTED_EDGE('',*,*,#1426,.F.);
#935=ORIENTED_EDGE('',*,*,#1505,.T.);
#936=ORIENTED_EDGE('',*,*,#1443,.T.);
#937=ORIENTED_EDGE('',*,*,#1506,.T.);
#938=ORIENTED_EDGE('',*,*,#1448,.F.);
#939=ORIENTED_EDGE('',*,*,#1507,.F.);
#940=ORIENTED_EDGE('',*,*,#1480,.T.);
#941=ORIENTED_EDGE('',*,*,#1508,.T.);
#942=ORIENTED_EDGE('',*,*,#1509,.F.);
#943=ORIENTED_EDGE('',*,*,#1510,.T.);
#944=ORIENTED_EDGE('',*,*,#1511,.F.);
#945=ORIENTED_EDGE('',*,*,#1512,.T.);
#946=ORIENTED_EDGE('',*,*,#1513,.F.);
#947=ORIENTED_EDGE('',*,*,#1514,.T.);
#948=ORIENTED_EDGE('',*,*,#1515,.F.);
#949=ORIENTED_EDGE('',*,*,#1516,.T.);
#950=ORIENTED_EDGE('',*,*,#1184,.F.);
#951=ORIENTED_EDGE('',*,*,#1517,.F.);
#952=ORIENTED_EDGE('',*,*,#1201,.T.);
#953=ORIENTED_EDGE('',*,*,#1514,.F.);
#954=ORIENTED_EDGE('',*,*,#1512,.F.);
#955=ORIENTED_EDGE('',*,*,#1510,.F.);
#956=ORIENTED_EDGE('',*,*,#1508,.F.);
#957=ORIENTED_EDGE('',*,*,#1447,.F.);
#958=ORIENTED_EDGE('',*,*,#1451,.T.);
#959=ORIENTED_EDGE('',*,*,#1454,.F.);
#960=ORIENTED_EDGE('',*,*,#1457,.T.);
#961=ORIENTED_EDGE('',*,*,#1460,.T.);
#962=ORIENTED_EDGE('',*,*,#1463,.T.);
#963=ORIENTED_EDGE('',*,*,#1466,.T.);
#964=ORIENTED_EDGE('',*,*,#1469,.F.);
#965=ORIENTED_EDGE('',*,*,#1472,.T.);
#966=ORIENTED_EDGE('',*,*,#1475,.T.);
#967=ORIENTED_EDGE('',*,*,#1478,.T.);
#968=ORIENTED_EDGE('',*,*,#1481,.T.);
#969=ORIENTED_EDGE('',*,*,#1507,.T.);
#970=ORIENTED_EDGE('',*,*,#1425,.F.);
#971=ORIENTED_EDGE('',*,*,#1429,.T.);
#972=ORIENTED_EDGE('',*,*,#1432,.F.);
#973=ORIENTED_EDGE('',*,*,#1435,.T.);
#974=ORIENTED_EDGE('',*,*,#1438,.F.);
#975=ORIENTED_EDGE('',*,*,#1441,.F.);
#976=ORIENTED_EDGE('',*,*,#1444,.F.);
#977=ORIENTED_EDGE('',*,*,#1505,.F.);
#978=ORIENTED_EDGE('',*,*,#1403,.F.);
#979=ORIENTED_EDGE('',*,*,#1407,.T.);
#980=ORIENTED_EDGE('',*,*,#1410,.F.);
#981=ORIENTED_EDGE('',*,*,#1413,.T.);
#982=ORIENTED_EDGE('',*,*,#1416,.F.);
#983=ORIENTED_EDGE('',*,*,#1419,.F.);
#984=ORIENTED_EDGE('',*,*,#1422,.F.);
#985=ORIENTED_EDGE('',*,*,#1503,.F.);
#986=ORIENTED_EDGE('',*,*,#1381,.F.);
#987=ORIENTED_EDGE('',*,*,#1385,.T.);
#988=ORIENTED_EDGE('',*,*,#1388,.F.);
#989=ORIENTED_EDGE('',*,*,#1391,.T.);
#990=ORIENTED_EDGE('',*,*,#1394,.F.);
#991=ORIENTED_EDGE('',*,*,#1397,.F.);
#992=ORIENTED_EDGE('',*,*,#1400,.F.);
#993=ORIENTED_EDGE('',*,*,#1501,.F.);
#994=ORIENTED_EDGE('',*,*,#1359,.F.);
#995=ORIENTED_EDGE('',*,*,#1363,.T.);
#996=ORIENTED_EDGE('',*,*,#1366,.F.);
#997=ORIENTED_EDGE('',*,*,#1369,.T.);
#998=ORIENTED_EDGE('',*,*,#1372,.F.);
#999=ORIENTED_EDGE('',*,*,#1375,.F.);
#1000=ORIENTED_EDGE('',*,*,#1378,.F.);
#1001=ORIENTED_EDGE('',*,*,#1499,.F.);
#1002=ORIENTED_EDGE('',*,*,#1337,.F.);
#1003=ORIENTED_EDGE('',*,*,#1341,.T.);
#1004=ORIENTED_EDGE('',*,*,#1344,.F.);
#1005=ORIENTED_EDGE('',*,*,#1347,.T.);
#1006=ORIENTED_EDGE('',*,*,#1350,.F.);
#1007=ORIENTED_EDGE('',*,*,#1353,.F.);
#1008=ORIENTED_EDGE('',*,*,#1356,.F.);
#1009=ORIENTED_EDGE('',*,*,#1497,.F.);
#1010=ORIENTED_EDGE('',*,*,#1315,.F.);
#1011=ORIENTED_EDGE('',*,*,#1319,.T.);
#1012=ORIENTED_EDGE('',*,*,#1322,.F.);
#1013=ORIENTED_EDGE('',*,*,#1325,.T.);
#1014=ORIENTED_EDGE('',*,*,#1328,.F.);
#1015=ORIENTED_EDGE('',*,*,#1331,.F.);
#1016=ORIENTED_EDGE('',*,*,#1334,.F.);
#1017=ORIENTED_EDGE('',*,*,#1495,.F.);
#1018=ORIENTED_EDGE('',*,*,#1293,.F.);
#1019=ORIENTED_EDGE('',*,*,#1297,.T.);
#1020=ORIENTED_EDGE('',*,*,#1300,.F.);
#1021=ORIENTED_EDGE('',*,*,#1303,.T.);
#1022=ORIENTED_EDGE('',*,*,#1306,.F.);
#1023=ORIENTED_EDGE('',*,*,#1309,.F.);
#1024=ORIENTED_EDGE('',*,*,#1312,.F.);
#1025=ORIENTED_EDGE('',*,*,#1493,.F.);
#1026=ORIENTED_EDGE('',*,*,#1271,.F.);
#1027=ORIENTED_EDGE('',*,*,#1275,.T.);
#1028=ORIENTED_EDGE('',*,*,#1278,.F.);
#1029=ORIENTED_EDGE('',*,*,#1281,.T.);
#1030=ORIENTED_EDGE('',*,*,#1284,.F.);
#1031=ORIENTED_EDGE('',*,*,#1287,.F.);
#1032=ORIENTED_EDGE('',*,*,#1290,.F.);
#1033=ORIENTED_EDGE('',*,*,#1491,.F.);
#1034=ORIENTED_EDGE('',*,*,#1249,.F.);
#1035=ORIENTED_EDGE('',*,*,#1253,.T.);
#1036=ORIENTED_EDGE('',*,*,#1256,.F.);
#1037=ORIENTED_EDGE('',*,*,#1259,.T.);
#1038=ORIENTED_EDGE('',*,*,#1262,.F.);
#1039=ORIENTED_EDGE('',*,*,#1265,.F.);
#1040=ORIENTED_EDGE('',*,*,#1268,.F.);
#1041=ORIENTED_EDGE('',*,*,#1489,.F.);
#1042=ORIENTED_EDGE('',*,*,#1227,.F.);
#1043=ORIENTED_EDGE('',*,*,#1231,.T.);
#1044=ORIENTED_EDGE('',*,*,#1234,.F.);
#1045=ORIENTED_EDGE('',*,*,#1237,.F.);
#1046=ORIENTED_EDGE('',*,*,#1240,.F.);
#1047=ORIENTED_EDGE('',*,*,#1243,.F.);
#1048=ORIENTED_EDGE('',*,*,#1246,.F.);
#1049=ORIENTED_EDGE('',*,*,#1487,.T.);
#1050=ORIENTED_EDGE('',*,*,#1205,.F.);
#1051=ORIENTED_EDGE('',*,*,#1209,.T.);
#1052=ORIENTED_EDGE('',*,*,#1212,.F.);
#1053=ORIENTED_EDGE('',*,*,#1215,.F.);
#1054=ORIENTED_EDGE('',*,*,#1218,.F.);
#1055=ORIENTED_EDGE('',*,*,#1221,.F.);
#1056=ORIENTED_EDGE('',*,*,#1224,.F.);
#1057=ORIENTED_EDGE('',*,*,#1485,.T.);
#1058=ORIENTED_EDGE('',*,*,#1482,.F.);
#1059=ORIENTED_EDGE('',*,*,#1183,.F.);
#1060=ORIENTED_EDGE('',*,*,#1187,.T.);
#1061=ORIENTED_EDGE('',*,*,#1190,.F.);
#1062=ORIENTED_EDGE('',*,*,#1193,.F.);
#1063=ORIENTED_EDGE('',*,*,#1196,.F.);
#1064=ORIENTED_EDGE('',*,*,#1199,.F.);
#1065=ORIENTED_EDGE('',*,*,#1202,.F.);
#1066=ORIENTED_EDGE('',*,*,#1517,.T.);
#1067=ORIENTED_EDGE('',*,*,#1515,.T.);
#1068=ORIENTED_EDGE('',*,*,#1513,.T.);
#1069=ORIENTED_EDGE('',*,*,#1511,.T.);
#1070=ORIENTED_EDGE('',*,*,#1509,.T.);
#1071=ORIENTED_EDGE('',*,*,#1445,.T.);
#1072=ORIENTED_EDGE('',*,*,#1506,.F.);
#1073=ORIENTED_EDGE('',*,*,#1479,.F.);
#1074=ORIENTED_EDGE('',*,*,#1476,.F.);
#1075=ORIENTED_EDGE('',*,*,#1473,.F.);
#1076=ORIENTED_EDGE('',*,*,#1470,.F.);
#1077=ORIENTED_EDGE('',*,*,#1467,.T.);
#1078=ORIENTED_EDGE('',*,*,#1464,.F.);
#1079=ORIENTED_EDGE('',*,*,#1461,.F.);
#1080=ORIENTED_EDGE('',*,*,#1458,.F.);
#1081=ORIENTED_EDGE('',*,*,#1455,.F.);
#1082=ORIENTED_EDGE('',*,*,#1452,.T.);
#1083=ORIENTED_EDGE('',*,*,#1449,.F.);
#1084=ORIENTED_EDGE('',*,*,#1423,.T.);
#1085=ORIENTED_EDGE('',*,*,#1504,.T.);
#1086=ORIENTED_EDGE('',*,*,#1442,.T.);
#1087=ORIENTED_EDGE('',*,*,#1439,.T.);
#1088=ORIENTED_EDGE('',*,*,#1436,.T.);
#1089=ORIENTED_EDGE('',*,*,#1433,.F.);
#1090=ORIENTED_EDGE('',*,*,#1430,.T.);
#1091=ORIENTED_EDGE('',*,*,#1427,.F.);
#1092=ORIENTED_EDGE('',*,*,#1401,.T.);
#1093=ORIENTED_EDGE('',*,*,#1502,.T.);
#1094=ORIENTED_EDGE('',*,*,#1420,.T.);
#1095=ORIENTED_EDGE('',*,*,#1417,.T.);
#1096=ORIENTED_EDGE('',*,*,#1414,.T.);
#1097=ORIENTED_EDGE('',*,*,#1411,.F.);
#1098=ORIENTED_EDGE('',*,*,#1408,.T.);
#1099=ORIENTED_EDGE('',*,*,#1405,.F.);
#1100=ORIENTED_EDGE('',*,*,#1379,.T.);
#1101=ORIENTED_EDGE('',*,*,#1500,.T.);
#1102=ORIENTED_EDGE('',*,*,#1398,.T.);
#1103=ORIENTED_EDGE('',*,*,#1395,.T.);
#1104=ORIENTED_EDGE('',*,*,#1392,.T.);
#1105=ORIENTED_EDGE('',*,*,#1389,.F.);
#1106=ORIENTED_EDGE('',*,*,#1386,.T.);
#1107=ORIENTED_EDGE('',*,*,#1383,.F.);
#1108=ORIENTED_EDGE('',*,*,#1357,.T.);
#1109=ORIENTED_EDGE('',*,*,#1498,.T.);
#1110=ORIENTED_EDGE('',*,*,#1376,.T.);
#1111=ORIENTED_EDGE('',*,*,#1373,.T.);
#1112=ORIENTED_EDGE('',*,*,#1370,.T.);
#1113=ORIENTED_EDGE('',*,*,#1367,.F.);
#1114=ORIENTED_EDGE('',*,*,#1364,.T.);
#1115=ORIENTED_EDGE('',*,*,#1361,.F.);
#1116=ORIENTED_EDGE('',*,*,#1335,.T.);
#1117=ORIENTED_EDGE('',*,*,#1496,.T.);
#1118=ORIENTED_EDGE('',*,*,#1354,.T.);
#1119=ORIENTED_EDGE('',*,*,#1351,.T.);
#1120=ORIENTED_EDGE('',*,*,#1348,.T.);
#1121=ORIENTED_EDGE('',*,*,#1345,.F.);
#1122=ORIENTED_EDGE('',*,*,#1342,.T.);
#1123=ORIENTED_EDGE('',*,*,#1339,.F.);
#1124=ORIENTED_EDGE('',*,*,#1313,.T.);
#1125=ORIENTED_EDGE('',*,*,#1494,.T.);
#1126=ORIENTED_EDGE('',*,*,#1332,.T.);
#1127=ORIENTED_EDGE('',*,*,#1329,.T.);
#1128=ORIENTED_EDGE('',*,*,#1326,.T.);
#1129=ORIENTED_EDGE('',*,*,#1323,.F.);
#1130=ORIENTED_EDGE('',*,*,#1320,.T.);
#1131=ORIENTED_EDGE('',*,*,#1317,.F.);
#1132=ORIENTED_EDGE('',*,*,#1291,.T.);
#1133=ORIENTED_EDGE('',*,*,#1492,.T.);
#1134=ORIENTED_EDGE('',*,*,#1310,.T.);
#1135=ORIENTED_EDGE('',*,*,#1307,.T.);
#1136=ORIENTED_EDGE('',*,*,#1304,.T.);
#1137=ORIENTED_EDGE('',*,*,#1301,.F.);
#1138=ORIENTED_EDGE('',*,*,#1298,.T.);
#1139=ORIENTED_EDGE('',*,*,#1295,.F.);
#1140=ORIENTED_EDGE('',*,*,#1269,.T.);
#1141=ORIENTED_EDGE('',*,*,#1490,.T.);
#1142=ORIENTED_EDGE('',*,*,#1288,.T.);
#1143=ORIENTED_EDGE('',*,*,#1285,.T.);
#1144=ORIENTED_EDGE('',*,*,#1282,.T.);
#1145=ORIENTED_EDGE('',*,*,#1279,.F.);
#1146=ORIENTED_EDGE('',*,*,#1276,.T.);
#1147=ORIENTED_EDGE('',*,*,#1273,.F.);
#1148=ORIENTED_EDGE('',*,*,#1247,.T.);
#1149=ORIENTED_EDGE('',*,*,#1488,.T.);
#1150=ORIENTED_EDGE('',*,*,#1266,.T.);
#1151=ORIENTED_EDGE('',*,*,#1263,.T.);
#1152=ORIENTED_EDGE('',*,*,#1260,.T.);
#1153=ORIENTED_EDGE('',*,*,#1257,.F.);
#1154=ORIENTED_EDGE('',*,*,#1254,.T.);
#1155=ORIENTED_EDGE('',*,*,#1251,.F.);
#1156=ORIENTED_EDGE('',*,*,#1225,.T.);
#1157=ORIENTED_EDGE('',*,*,#1486,.F.);
#1158=ORIENTED_EDGE('',*,*,#1244,.T.);
#1159=ORIENTED_EDGE('',*,*,#1241,.T.);
#1160=ORIENTED_EDGE('',*,*,#1238,.T.);
#1161=ORIENTED_EDGE('',*,*,#1235,.T.);
#1162=ORIENTED_EDGE('',*,*,#1232,.T.);
#1163=ORIENTED_EDGE('',*,*,#1229,.F.);
#1164=ORIENTED_EDGE('',*,*,#1203,.T.);
#1165=ORIENTED_EDGE('',*,*,#1484,.F.);
#1166=ORIENTED_EDGE('',*,*,#1222,.T.);
#1167=ORIENTED_EDGE('',*,*,#1219,.T.);
#1168=ORIENTED_EDGE('',*,*,#1216,.T.);
#1169=ORIENTED_EDGE('',*,*,#1213,.T.);
#1170=ORIENTED_EDGE('',*,*,#1210,.T.);
#1171=ORIENTED_EDGE('',*,*,#1207,.F.);
#1172=ORIENTED_EDGE('',*,*,#1483,.T.);
#1173=ORIENTED_EDGE('',*,*,#1181,.T.);
#1174=ORIENTED_EDGE('',*,*,#1516,.F.);
#1175=ORIENTED_EDGE('',*,*,#1200,.T.);
#1176=ORIENTED_EDGE('',*,*,#1197,.T.);
#1177=ORIENTED_EDGE('',*,*,#1194,.T.);
#1178=ORIENTED_EDGE('',*,*,#1191,.T.);
#1179=ORIENTED_EDGE('',*,*,#1188,.T.);
#1180=ORIENTED_EDGE('',*,*,#1185,.F.);
#1181=EDGE_CURVE('',#1518,#1519,#1746,.T.);
#1182=EDGE_CURVE('',#1520,#1518,#69,.T.);
#1183=EDGE_CURVE('',#1520,#1521,#1747,.T.);
#1184=EDGE_CURVE('',#1521,#1519,#70,.T.);
#1185=EDGE_CURVE('',#1518,#1522,#71,.T.);
#1186=EDGE_CURVE('',#1523,#1522,#72,.T.);
#1187=EDGE_CURVE('',#1520,#1523,#73,.T.);
#1188=EDGE_CURVE('',#1524,#1522,#1748,.T.);
#1189=EDGE_CURVE('',#1525,#1524,#74,.T.);
#1190=EDGE_CURVE('',#1525,#1523,#1749,.T.);
#1191=EDGE_CURVE('',#1526,#1524,#75,.T.);
#1192=EDGE_CURVE('',#1527,#1526,#76,.T.);
#1193=EDGE_CURVE('',#1527,#1525,#77,.T.);
#1194=EDGE_CURVE('',#1528,#1526,#1750,.T.);
#1195=EDGE_CURVE('',#1529,#1528,#78,.T.);
#1196=EDGE_CURVE('',#1529,#1527,#1751,.T.);
#1197=EDGE_CURVE('',#1530,#1528,#79,.T.);
#1198=EDGE_CURVE('',#1531,#1530,#80,.T.);
#1199=EDGE_CURVE('',#1531,#1529,#81,.T.);
#1200=EDGE_CURVE('',#1532,#1530,#1752,.T.);
#1201=EDGE_CURVE('',#1533,#1532,#82,.T.);
#1202=EDGE_CURVE('',#1533,#1531,#1753,.T.);
#1203=EDGE_CURVE('',#1534,#1535,#1754,.T.);
#1204=EDGE_CURVE('',#1536,#1534,#83,.T.);
#1205=EDGE_CURVE('',#1536,#1537,#1755,.T.);
#1206=EDGE_CURVE('',#1537,#1535,#84,.T.);
#1207=EDGE_CURVE('',#1534,#1538,#85,.T.);
#1208=EDGE_CURVE('',#1539,#1538,#86,.T.);
#1209=EDGE_CURVE('',#1536,#1539,#87,.T.);
#1210=EDGE_CURVE('',#1540,#1538,#1756,.T.);
#1211=EDGE_CURVE('',#1541,#1540,#88,.T.);
#1212=EDGE_CURVE('',#1541,#1539,#1757,.T.);
#1213=EDGE_CURVE('',#1542,#1540,#89,.T.);
#1214=EDGE_CURVE('',#1543,#1542,#90,.T.);
#1215=EDGE_CURVE('',#1543,#1541,#91,.T.);
#1216=EDGE_CURVE('',#1544,#1542,#1758,.T.);
#1217=EDGE_CURVE('',#1545,#1544,#92,.T.);
#1218=EDGE_CURVE('',#1545,#1543,#1759,.T.);
#1219=EDGE_CURVE('',#1546,#1544,#93,.T.);
#1220=EDGE_CURVE('',#1547,#1546,#94,.T.);
#1221=EDGE_CURVE('',#1547,#1545,#95,.T.);
#1222=EDGE_CURVE('',#1548,#1546,#1760,.T.);
#1223=EDGE_CURVE('',#1549,#1548,#96,.T.);
#1224=EDGE_CURVE('',#1549,#1547,#1761,.T.);
#1225=EDGE_CURVE('',#1550,#1551,#1762,.T.);
#1226=EDGE_CURVE('',#1552,#1550,#97,.T.);
#1227=EDGE_CURVE('',#1552,#1553,#1763,.T.);
#1228=EDGE_CURVE('',#1553,#1551,#98,.T.);
#1229=EDGE_CURVE('',#1550,#1554,#99,.T.);
#1230=EDGE_CURVE('',#1555,#1554,#100,.T.);
#1231=EDGE_CURVE('',#1552,#1555,#101,.T.);
#1232=EDGE_CURVE('',#1556,#1554,#1764,.T.);
#1233=EDGE_CURVE('',#1557,#1556,#102,.T.);
#1234=EDGE_CURVE('',#1557,#1555,#1765,.T.);
#1235=EDGE_CURVE('',#1558,#1556,#103,.T.);
#1236=EDGE_CURVE('',#1559,#1558,#104,.T.);
#1237=EDGE_CURVE('',#1559,#1557,#105,.T.);
#1238=EDGE_CURVE('',#1560,#1558,#1766,.T.);
#1239=EDGE_CURVE('',#1561,#1560,#106,.T.);
#1240=EDGE_CURVE('',#1561,#1559,#1767,.T.);
#1241=EDGE_CURVE('',#1562,#1560,#107,.T.);
#1242=EDGE_CURVE('',#1563,#1562,#108,.T.);
#1243=EDGE_CURVE('',#1563,#1561,#109,.T.);
#1244=EDGE_CURVE('',#1564,#1562,#1768,.T.);
#1245=EDGE_CURVE('',#1565,#1564,#110,.T.);
#1246=EDGE_CURVE('',#1565,#1563,#1769,.T.);
#1247=EDGE_CURVE('',#1566,#1567,#1770,.T.);
#1248=EDGE_CURVE('',#1568,#1566,#111,.T.);
#1249=EDGE_CURVE('',#1568,#1569,#1771,.T.);
#1250=EDGE_CURVE('',#1569,#1567,#112,.T.);
#1251=EDGE_CURVE('',#1566,#1570,#113,.T.);
#1252=EDGE_CURVE('',#1571,#1570,#114,.T.);
#1253=EDGE_CURVE('',#1568,#1571,#115,.T.);
#1254=EDGE_CURVE('',#1572,#1570,#1772,.T.);
#1255=EDGE_CURVE('',#1573,#1572,#116,.T.);
#1256=EDGE_CURVE('',#1573,#1571,#1773,.T.);
#1257=EDGE_CURVE('',#1572,#1574,#117,.T.);
#1258=EDGE_CURVE('',#1575,#1574,#118,.T.);
#1259=EDGE_CURVE('',#1573,#1575,#119,.T.);
#1260=EDGE_CURVE('',#1576,#1574,#1774,.T.);
#1261=EDGE_CURVE('',#1577,#1576,#120,.T.);
#1262=EDGE_CURVE('',#1577,#1575,#1775,.T.);
#1263=EDGE_CURVE('',#1578,#1576,#121,.T.);
#1264=EDGE_CURVE('',#1579,#1578,#122,.T.);
#1265=EDGE_CURVE('',#1579,#1577,#123,.T.);
#1266=EDGE_CURVE('',#1580,#1578,#1776,.T.);
#1267=EDGE_CURVE('',#1581,#1580,#124,.T.);
#1268=EDGE_CURVE('',#1581,#1579,#1777,.T.);
#1269=EDGE_CURVE('',#1582,#1583,#1778,.T.);
#1270=EDGE_CURVE('',#1584,#1582,#125,.T.);
#1271=EDGE_CURVE('',#1584,#1585,#1779,.T.);
#1272=EDGE_CURVE('',#1585,#1583,#126,.T.);
#1273=EDGE_CURVE('',#1582,#1586,#127,.T.);
#1274=EDGE_CURVE('',#1587,#1586,#128,.T.);
#1275=EDGE_CURVE('',#1584,#1587,#129,.T.);
#1276=EDGE_CURVE('',#1588,#1586,#1780,.T.);
#1277=EDGE_CURVE('',#1589,#1588,#130,.T.);
#1278=EDGE_CURVE('',#1589,#1587,#1781,.T.);
#1279=EDGE_CURVE('',#1588,#1590,#131,.T.);
#1280=EDGE_CURVE('',#1591,#1590,#132,.T.);
#1281=EDGE_CURVE('',#1589,#1591,#133,.T.);
#1282=EDGE_CURVE('',#1592,#1590,#1782,.T.);
#1283=EDGE_CURVE('',#1593,#1592,#134,.T.);
#1284=EDGE_CURVE('',#1593,#1591,#1783,.T.);
#1285=EDGE_CURVE('',#1594,#1592,#135,.T.);
#1286=EDGE_CURVE('',#1595,#1594,#136,.T.);
#1287=EDGE_CURVE('',#1595,#1593,#137,.T.);
#1288=EDGE_CURVE('',#1596,#1594,#1784,.T.);
#1289=EDGE_CURVE('',#1597,#1596,#138,.T.);
#1290=EDGE_CURVE('',#1597,#1595,#1785,.T.);
#1291=EDGE_CURVE('',#1598,#1599,#1786,.T.);
#1292=EDGE_CURVE('',#1600,#1598,#139,.T.);
#1293=EDGE_CURVE('',#1600,#1601,#1787,.T.);
#1294=EDGE_CURVE('',#1601,#1599,#140,.T.);
#1295=EDGE_CURVE('',#1598,#1602,#141,.T.);
#1296=EDGE_CURVE('',#1603,#1602,#142,.T.);
#1297=EDGE_CURVE('',#1600,#1603,#143,.T.);
#1298=EDGE_CURVE('',#1604,#1602,#1788,.T.);
#1299=EDGE_CURVE('',#1605,#1604,#144,.T.);
#1300=EDGE_CURVE('',#1605,#1603,#1789,.T.);
#1301=EDGE_CURVE('',#1604,#1606,#145,.T.);
#1302=EDGE_CURVE('',#1607,#1606,#146,.T.);
#1303=EDGE_CURVE('',#1605,#1607,#147,.T.);
#1304=EDGE_CURVE('',#1608,#1606,#1790,.T.);
#1305=EDGE_CURVE('',#1609,#1608,#148,.T.);
#1306=EDGE_CURVE('',#1609,#1607,#1791,.T.);
#1307=EDGE_CURVE('',#1610,#1608,#149,.T.);
#1308=EDGE_CURVE('',#1611,#1610,#150,.T.);
#1309=EDGE_CURVE('',#1611,#1609,#151,.T.);
#1310=EDGE_CURVE('',#1612,#1610,#1792,.T.);
#1311=EDGE_CURVE('',#1613,#1612,#152,.T.);
#1312=EDGE_CURVE('',#1613,#1611,#1793,.T.);
#1313=EDGE_CURVE('',#1614,#1615,#1794,.T.);
#1314=EDGE_CURVE('',#1616,#1614,#153,.T.);
#1315=EDGE_CURVE('',#1616,#1617,#1795,.T.);
#1316=EDGE_CURVE('',#1617,#1615,#154,.T.);
#1317=EDGE_CURVE('',#1614,#1618,#155,.T.);
#1318=EDGE_CURVE('',#1619,#1618,#156,.T.);
#1319=EDGE_CURVE('',#1616,#1619,#157,.T.);
#1320=EDGE_CURVE('',#1620,#1618,#1796,.T.);
#1321=EDGE_CURVE('',#1621,#1620,#158,.T.);
#1322=EDGE_CURVE('',#1621,#1619,#1797,.T.);
#1323=EDGE_CURVE('',#1620,#1622,#159,.T.);
#1324=EDGE_CURVE('',#1623,#1622,#160,.T.);
#1325=EDGE_CURVE('',#1621,#1623,#161,.T.);
#1326=EDGE_CURVE('',#1624,#1622,#1798,.T.);
#1327=EDGE_CURVE('',#1625,#1624,#162,.T.);
#1328=EDGE_CURVE('',#1625,#1623,#1799,.T.);
#1329=EDGE_CURVE('',#1626,#1624,#163,.T.);
#1330=EDGE_CURVE('',#1627,#1626,#164,.T.);
#1331=EDGE_CURVE('',#1627,#1625,#165,.T.);
#1332=EDGE_CURVE('',#1628,#1626,#1800,.T.);
#1333=EDGE_CURVE('',#1629,#1628,#166,.T.);
#1334=EDGE_CURVE('',#1629,#1627,#1801,.T.);
#1335=EDGE_CURVE('',#1630,#1631,#1802,.T.);
#1336=EDGE_CURVE('',#1632,#1630,#167,.T.);
#1337=EDGE_CURVE('',#1632,#1633,#1803,.T.);
#1338=EDGE_CURVE('',#1633,#1631,#168,.T.);
#1339=EDGE_CURVE('',#1630,#1634,#169,.T.);
#1340=EDGE_CURVE('',#1635,#1634,#170,.T.);
#1341=EDGE_CURVE('',#1632,#1635,#171,.T.);
#1342=EDGE_CURVE('',#1636,#1634,#1804,.T.);
#1343=EDGE_CURVE('',#1637,#1636,#172,.T.);
#1344=EDGE_CURVE('',#1637,#1635,#1805,.T.);
#1345=EDGE_CURVE('',#1636,#1638,#173,.T.);
#1346=EDGE_CURVE('',#1639,#1638,#174,.T.);
#1347=EDGE_CURVE('',#1637,#1639,#175,.T.);
#1348=EDGE_CURVE('',#1640,#1638,#1806,.T.);
#1349=EDGE_CURVE('',#1641,#1640,#176,.T.);
#1350=EDGE_CURVE('',#1641,#1639,#1807,.T.);
#1351=EDGE_CURVE('',#1642,#1640,#177,.T.);
#1352=EDGE_CURVE('',#1643,#1642,#178,.T.);
#1353=EDGE_CURVE('',#1643,#1641,#179,.T.);
#1354=EDGE_CURVE('',#1644,#1642,#1808,.T.);
#1355=EDGE_CURVE('',#1645,#1644,#180,.T.);
#1356=EDGE_CURVE('',#1645,#1643,#1809,.T.);
#1357=EDGE_CURVE('',#1646,#1647,#1810,.T.);
#1358=EDGE_CURVE('',#1648,#1646,#181,.T.);
#1359=EDGE_CURVE('',#1648,#1649,#1811,.T.);
#1360=EDGE_CURVE('',#1649,#1647,#182,.T.);
#1361=EDGE_CURVE('',#1646,#1650,#183,.T.);
#1362=EDGE_CURVE('',#1651,#1650,#184,.T.);
#1363=EDGE_CURVE('',#1648,#1651,#185,.T.);
#1364=EDGE_CURVE('',#1652,#1650,#1812,.T.);
#1365=EDGE_CURVE('',#1653,#1652,#186,.T.);
#1366=EDGE_CURVE('',#1653,#1651,#1813,.T.);
#1367=EDGE_CURVE('',#1652,#1654,#187,.T.);
#1368=EDGE_CURVE('',#1655,#1654,#188,.T.);
#1369=EDGE_CURVE('',#1653,#1655,#189,.T.);
#1370=EDGE_CURVE('',#1656,#1654,#1814,.T.);
#1371=EDGE_CURVE('',#1657,#1656,#190,.T.);
#1372=EDGE_CURVE('',#1657,#1655,#1815,.T.);
#1373=EDGE_CURVE('',#1658,#1656,#191,.T.);
#1374=EDGE_CURVE('',#1659,#1658,#192,.T.);
#1375=EDGE_CURVE('',#1659,#1657,#193,.T.);
#1376=EDGE_CURVE('',#1660,#1658,#1816,.T.);
#1377=EDGE_CURVE('',#1661,#1660,#194,.T.);
#1378=EDGE_CURVE('',#1661,#1659,#1817,.T.);
#1379=EDGE_CURVE('',#1662,#1663,#1818,.T.);
#1380=EDGE_CURVE('',#1664,#1662,#195,.T.);
#1381=EDGE_CURVE('',#1664,#1665,#1819,.T.);
#1382=EDGE_CURVE('',#1665,#1663,#196,.T.);
#1383=EDGE_CURVE('',#1662,#1666,#197,.T.);
#1384=EDGE_CURVE('',#1667,#1666,#198,.T.);
#1385=EDGE_CURVE('',#1664,#1667,#199,.T.);
#1386=EDGE_CURVE('',#1668,#1666,#1820,.T.);
#1387=EDGE_CURVE('',#1669,#1668,#200,.T.);
#1388=EDGE_CURVE('',#1669,#1667,#1821,.T.);
#1389=EDGE_CURVE('',#1668,#1670,#201,.T.);
#1390=EDGE_CURVE('',#1671,#1670,#202,.T.);
#1391=EDGE_CURVE('',#1669,#1671,#203,.T.);
#1392=EDGE_CURVE('',#1672,#1670,#1822,.T.);
#1393=EDGE_CURVE('',#1673,#1672,#204,.T.);
#1394=EDGE_CURVE('',#1673,#1671,#1823,.T.);
#1395=EDGE_CURVE('',#1674,#1672,#205,.T.);
#1396=EDGE_CURVE('',#1675,#1674,#206,.T.);
#1397=EDGE_CURVE('',#1675,#1673,#207,.T.);
#1398=EDGE_CURVE('',#1676,#1674,#1824,.T.);
#1399=EDGE_CURVE('',#1677,#1676,#208,.T.);
#1400=EDGE_CURVE('',#1677,#1675,#1825,.T.);
#1401=EDGE_CURVE('',#1678,#1679,#1826,.T.);
#1402=EDGE_CURVE('',#1680,#1678,#209,.T.);
#1403=EDGE_CURVE('',#1680,#1681,#1827,.T.);
#1404=EDGE_CURVE('',#1681,#1679,#210,.T.);
#1405=EDGE_CURVE('',#1678,#1682,#211,.T.);
#1406=EDGE_CURVE('',#1683,#1682,#212,.T.);
#1407=EDGE_CURVE('',#1680,#1683,#213,.T.);
#1408=EDGE_CURVE('',#1684,#1682,#1828,.T.);
#1409=EDGE_CURVE('',#1685,#1684,#214,.T.);
#1410=EDGE_CURVE('',#1685,#1683,#1829,.T.);
#1411=EDGE_CURVE('',#1684,#1686,#215,.T.);
#1412=EDGE_CURVE('',#1687,#1686,#216,.T.);
#1413=EDGE_CURVE('',#1685,#1687,#217,.T.);
#1414=EDGE_CURVE('',#1688,#1686,#1830,.T.);
#1415=EDGE_CURVE('',#1689,#1688,#218,.T.);
#1416=EDGE_CURVE('',#1689,#1687,#1831,.T.);
#1417=EDGE_CURVE('',#1690,#1688,#219,.T.);
#1418=EDGE_CURVE('',#1691,#1690,#220,.T.);
#1419=EDGE_CURVE('',#1691,#1689,#221,.T.);
#1420=EDGE_CURVE('',#1692,#1690,#1832,.T.);
#1421=EDGE_CURVE('',#1693,#1692,#222,.T.);
#1422=EDGE_CURVE('',#1693,#1691,#1833,.T.);
#1423=EDGE_CURVE('',#1694,#1695,#1834,.T.);
#1424=EDGE_CURVE('',#1696,#1694,#223,.T.);
#1425=EDGE_CURVE('',#1696,#1697,#1835,.T.);
#1426=EDGE_CURVE('',#1697,#1695,#224,.T.);
#1427=EDGE_CURVE('',#1694,#1698,#225,.T.);
#1428=EDGE_CURVE('',#1699,#1698,#226,.T.);
#1429=EDGE_CURVE('',#1696,#1699,#227,.T.);
#1430=EDGE_CURVE('',#1700,#1698,#1836,.T.);
#1431=EDGE_CURVE('',#1701,#1700,#228,.T.);
#1432=EDGE_CURVE('',#1701,#1699,#1837,.T.);
#1433=EDGE_CURVE('',#1700,#1702,#229,.T.);
#1434=EDGE_CURVE('',#1703,#1702,#230,.T.);
#1435=EDGE_CURVE('',#1701,#1703,#231,.T.);
#1436=EDGE_CURVE('',#1704,#1702,#1838,.T.);
#1437=EDGE_CURVE('',#1705,#1704,#232,.T.);
#1438=EDGE_CURVE('',#1705,#1703,#1839,.T.);
#1439=EDGE_CURVE('',#1706,#1704,#233,.T.);
#1440=EDGE_CURVE('',#1707,#1706,#234,.T.);
#1441=EDGE_CURVE('',#1707,#1705,#235,.T.);
#1442=EDGE_CURVE('',#1708,#1706,#1840,.T.);
#1443=EDGE_CURVE('',#1709,#1708,#236,.T.);
#1444=EDGE_CURVE('',#1709,#1707,#1841,.T.);
#1445=EDGE_CURVE('',#1710,#1711,#237,.T.);
#1446=EDGE_CURVE('',#1712,#1710,#238,.T.);
#1447=EDGE_CURVE('',#1712,#1713,#239,.T.);
#1448=EDGE_CURVE('',#1713,#1711,#240,.T.);
#1449=EDGE_CURVE('',#1710,#1714,#1842,.T.);
#1450=EDGE_CURVE('',#1715,#1714,#241,.T.);
#1451=EDGE_CURVE('',#1712,#1715,#1843,.T.);
#1452=EDGE_CURVE('',#1716,#1714,#242,.T.);
#1453=EDGE_CURVE('',#1717,#1716,#243,.T.);
#1454=EDGE_CURVE('',#1717,#1715,#244,.T.);
#1455=EDGE_CURVE('',#1716,#1718,#1844,.T.);
#1456=EDGE_CURVE('',#1719,#1718,#245,.T.);
#1457=EDGE_CURVE('',#1717,#1719,#1845,.T.);
#1458=EDGE_CURVE('',#1718,#1720,#246,.T.);
#1459=EDGE_CURVE('',#1721,#1720,#247,.T.);
#1460=EDGE_CURVE('',#1719,#1721,#248,.T.);
#1461=EDGE_CURVE('',#1720,#1722,#1846,.T.);
#1462=EDGE_CURVE('',#1723,#1722,#249,.T.);
#1463=EDGE_CURVE('',#1721,#1723,#1847,.T.);
#1464=EDGE_CURVE('',#1722,#1724,#250,.T.);
#1465=EDGE_CURVE('',#1725,#1724,#251,.T.);
#1466=EDGE_CURVE('',#1723,#1725,#252,.T.);
#1467=EDGE_CURVE('',#1726,#1724,#1848,.T.);
#1468=EDGE_CURVE('',#1727,#1726,#253,.T.);
#1469=EDGE_CURVE('',#1727,#1725,#1849,.T.);
#1470=EDGE_CURVE('',#1726,#1728,#254,.T.);
#1471=EDGE_CURVE('',#1729,#1728,#255,.T.);
#1472=EDGE_CURVE('',#1727,#1729,#256,.T.);
#1473=EDGE_CURVE('',#1728,#1730,#1850,.T.);
#1474=EDGE_CURVE('',#1731,#1730,#257,.T.);
#1475=EDGE_CURVE('',#1729,#1731,#1851,.T.);
#1476=EDGE_CURVE('',#1730,#1732,#258,.T.);
#1477=EDGE_CURVE('',#1733,#1732,#259,.T.);
#1478=EDGE_CURVE('',#1731,#1733,#260,.T.);
#1479=EDGE_CURVE('',#1732,#1734,#1852,.T.);
#1480=EDGE_CURVE('',#1735,#1734,#261,.T.);
#1481=EDGE_CURVE('',#1733,#1735,#1853,.T.);
#1482=EDGE_CURVE('',#1736,#1736,#1854,.T.);
#1483=EDGE_CURVE('',#1737,#1737,#1855,.T.);
#1484=EDGE_CURVE('',#1548,#1535,#262,.T.);
#1485=EDGE_CURVE('',#1549,#1537,#263,.T.);
#1486=EDGE_CURVE('',#1564,#1551,#264,.T.);
#1487=EDGE_CURVE('',#1565,#1553,#265,.T.);
#1488=EDGE_CURVE('',#1567,#1580,#266,.T.);
#1489=EDGE_CURVE('',#1569,#1581,#267,.T.);
#1490=EDGE_CURVE('',#1583,#1596,#268,.T.);
#1491=EDGE_CURVE('',#1585,#1597,#269,.T.);
#1492=EDGE_CURVE('',#1599,#1612,#270,.T.);
#1493=EDGE_CURVE('',#1601,#1613,#271,.T.);
#1494=EDGE_CURVE('',#1615,#1628,#272,.T.);
#1495=EDGE_CURVE('',#1617,#1629,#273,.T.);
#1496=EDGE_CURVE('',#1631,#1644,#274,.T.);
#1497=EDGE_CURVE('',#1633,#1645,#275,.T.);
#1498=EDGE_CURVE('',#1647,#1660,#276,.T.);
#1499=EDGE_CURVE('',#1649,#1661,#277,.T.);
#1500=EDGE_CURVE('',#1663,#1676,#278,.T.);
#1501=EDGE_CURVE('',#1665,#1677,#279,.T.);
#1502=EDGE_CURVE('',#1679,#1692,#280,.T.);
#1503=EDGE_CURVE('',#1681,#1693,#281,.T.);
#1504=EDGE_CURVE('',#1695,#1708,#282,.T.);
#1505=EDGE_CURVE('',#1697,#1709,#283,.T.);
#1506=EDGE_CURVE('',#1734,#1711,#284,.T.);
#1507=EDGE_CURVE('',#1735,#1713,#285,.T.);
#1508=EDGE_CURVE('',#1738,#1738,#1856,.T.);
#1509=EDGE_CURVE('',#1739,#1739,#1857,.T.);
#1510=EDGE_CURVE('',#1740,#1740,#1858,.T.);
#1511=EDGE_CURVE('',#1741,#1741,#1859,.T.);
#1512=EDGE_CURVE('',#1742,#1742,#1860,.T.);
#1513=EDGE_CURVE('',#1743,#1743,#1861,.T.);
#1514=EDGE_CURVE('',#1744,#1744,#1862,.T.);
#1515=EDGE_CURVE('',#1745,#1745,#1863,.T.);
#1516=EDGE_CURVE('',#1532,#1519,#286,.T.);
#1517=EDGE_CURVE('',#1533,#1521,#287,.T.);
#1518=VERTEX_POINT('',#3288);
#1519=VERTEX_POINT('',#3289);
#1520=VERTEX_POINT('',#3291);
#1521=VERTEX_POINT('',#3293);
#1522=VERTEX_POINT('',#3297);
#1523=VERTEX_POINT('',#3299);
#1524=VERTEX_POINT('',#3303);
#1525=VERTEX_POINT('',#3305);
#1526=VERTEX_POINT('',#3309);
#1527=VERTEX_POINT('',#3311);
#1528=VERTEX_POINT('',#3315);
#1529=VERTEX_POINT('',#3317);
#1530=VERTEX_POINT('',#3321);
#1531=VERTEX_POINT('',#3323);
#1532=VERTEX_POINT('',#3327);
#1533=VERTEX_POINT('',#3329);
#1534=VERTEX_POINT('',#3333);
#1535=VERTEX_POINT('',#3334);
#1536=VERTEX_POINT('',#3336);
#1537=VERTEX_POINT('',#3338);
#1538=VERTEX_POINT('',#3342);
#1539=VERTEX_POINT('',#3344);
#1540=VERTEX_POINT('',#3348);
#1541=VERTEX_POINT('',#3350);
#1542=VERTEX_POINT('',#3354);
#1543=VERTEX_POINT('',#3356);
#1544=VERTEX_POINT('',#3360);
#1545=VERTEX_POINT('',#3362);
#1546=VERTEX_POINT('',#3366);
#1547=VERTEX_POINT('',#3368);
#1548=VERTEX_POINT('',#3372);
#1549=VERTEX_POINT('',#3374);
#1550=VERTEX_POINT('',#3378);
#1551=VERTEX_POINT('',#3379);
#1552=VERTEX_POINT('',#3381);
#1553=VERTEX_POINT('',#3383);
#1554=VERTEX_POINT('',#3387);
#1555=VERTEX_POINT('',#3389);
#1556=VERTEX_POINT('',#3393);
#1557=VERTEX_POINT('',#3395);
#1558=VERTEX_POINT('',#3399);
#1559=VERTEX_POINT('',#3401);
#1560=VERTEX_POINT('',#3405);
#1561=VERTEX_POINT('',#3407);
#1562=VERTEX_POINT('',#3411);
#1563=VERTEX_POINT('',#3413);
#1564=VERTEX_POINT('',#3417);
#1565=VERTEX_POINT('',#3419);
#1566=VERTEX_POINT('',#3423);
#1567=VERTEX_POINT('',#3424);
#1568=VERTEX_POINT('',#3426);
#1569=VERTEX_POINT('',#3428);
#1570=VERTEX_POINT('',#3432);
#1571=VERTEX_POINT('',#3434);
#1572=VERTEX_POINT('',#3438);
#1573=VERTEX_POINT('',#3440);
#1574=VERTEX_POINT('',#3444);
#1575=VERTEX_POINT('',#3446);
#1576=VERTEX_POINT('',#3450);
#1577=VERTEX_POINT('',#3452);
#1578=VERTEX_POINT('',#3456);
#1579=VERTEX_POINT('',#3458);
#1580=VERTEX_POINT('',#3462);
#1581=VERTEX_POINT('',#3464);
#1582=VERTEX_POINT('',#3468);
#1583=VERTEX_POINT('',#3469);
#1584=VERTEX_POINT('',#3471);
#1585=VERTEX_POINT('',#3473);
#1586=VERTEX_POINT('',#3477);
#1587=VERTEX_POINT('',#3479);
#1588=VERTEX_POINT('',#3483);
#1589=VERTEX_POINT('',#3485);
#1590=VERTEX_POINT('',#3489);
#1591=VERTEX_POINT('',#3491);
#1592=VERTEX_POINT('',#3495);
#1593=VERTEX_POINT('',#3497);
#1594=VERTEX_POINT('',#3501);
#1595=VERTEX_POINT('',#3503);
#1596=VERTEX_POINT('',#3507);
#1597=VERTEX_POINT('',#3509);
#1598=VERTEX_POINT('',#3513);
#1599=VERTEX_POINT('',#3514);
#1600=VERTEX_POINT('',#3516);
#1601=VERTEX_POINT('',#3518);
#1602=VERTEX_POINT('',#3522);
#1603=VERTEX_POINT('',#3524);
#1604=VERTEX_POINT('',#3528);
#1605=VERTEX_POINT('',#3530);
#1606=VERTEX_POINT('',#3534);
#1607=VERTEX_POINT('',#3536);
#1608=VERTEX_POINT('',#3540);
#1609=VERTEX_POINT('',#3542);
#1610=VERTEX_POINT('',#3546);
#1611=VERTEX_POINT('',#3548);
#1612=VERTEX_POINT('',#3552);
#1613=VERTEX_POINT('',#3554);
#1614=VERTEX_POINT('',#3558);
#1615=VERTEX_POINT('',#3559);
#1616=VERTEX_POINT('',#3561);
#1617=VERTEX_POINT('',#3563);
#1618=VERTEX_POINT('',#3567);
#1619=VERTEX_POINT('',#3569);
#1620=VERTEX_POINT('',#3573);
#1621=VERTEX_POINT('',#3575);
#1622=VERTEX_POINT('',#3579);
#1623=VERTEX_POINT('',#3581);
#1624=VERTEX_POINT('',#3585);
#1625=VERTEX_POINT('',#3587);
#1626=VERTEX_POINT('',#3591);
#1627=VERTEX_POINT('',#3593);
#1628=VERTEX_POINT('',#3597);
#1629=VERTEX_POINT('',#3599);
#1630=VERTEX_POINT('',#3603);
#1631=VERTEX_POINT('',#3604);
#1632=VERTEX_POINT('',#3606);
#1633=VERTEX_POINT('',#3608);
#1634=VERTEX_POINT('',#3612);
#1635=VERTEX_POINT('',#3614);
#1636=VERTEX_POINT('',#3618);
#1637=VERTEX_POINT('',#3620);
#1638=VERTEX_POINT('',#3624);
#1639=VERTEX_POINT('',#3626);
#1640=VERTEX_POINT('',#3630);
#1641=VERTEX_POINT('',#3632);
#1642=VERTEX_POINT('',#3636);
#1643=VERTEX_POINT('',#3638);
#1644=VERTEX_POINT('',#3642);
#1645=VERTEX_POINT('',#3644);
#1646=VERTEX_POINT('',#3648);
#1647=VERTEX_POINT('',#3649);
#1648=VERTEX_POINT('',#3651);
#1649=VERTEX_POINT('',#3653);
#1650=VERTEX_POINT('',#3657);
#1651=VERTEX_POINT('',#3659);
#1652=VERTEX_POINT('',#3663);
#1653=VERTEX_POINT('',#3665);
#1654=VERTEX_POINT('',#3669);
#1655=VERTEX_POINT('',#3671);
#1656=VERTEX_POINT('',#3675);
#1657=VERTEX_POINT('',#3677);
#1658=VERTEX_POINT('',#3681);
#1659=VERTEX_POINT('',#3683);
#1660=VERTEX_POINT('',#3687);
#1661=VERTEX_POINT('',#3689);
#1662=VERTEX_POINT('',#3693);
#1663=VERTEX_POINT('',#3694);
#1664=VERTEX_POINT('',#3696);
#1665=VERTEX_POINT('',#3698);
#1666=VERTEX_POINT('',#3702);
#1667=VERTEX_POINT('',#3704);
#1668=VERTEX_POINT('',#3708);
#1669=VERTEX_POINT('',#3710);
#1670=VERTEX_POINT('',#3714);
#1671=VERTEX_POINT('',#3716);
#1672=VERTEX_POINT('',#3720);
#1673=VERTEX_POINT('',#3722);
#1674=VERTEX_POINT('',#3726);
#1675=VERTEX_POINT('',#3728);
#1676=VERTEX_POINT('',#3732);
#1677=VERTEX_POINT('',#3734);
#1678=VERTEX_POINT('',#3738);
#1679=VERTEX_POINT('',#3739);
#1680=VERTEX_POINT('',#3741);
#1681=VERTEX_POINT('',#3743);
#1682=VERTEX_POINT('',#3747);
#1683=VERTEX_POINT('',#3749);
#1684=VERTEX_POINT('',#3753);
#1685=VERTEX_POINT('',#3755);
#1686=VERTEX_POINT('',#3759);
#1687=VERTEX_POINT('',#3761);
#1688=VERTEX_POINT('',#3765);
#1689=VERTEX_POINT('',#3767);
#1690=VERTEX_POINT('',#3771);
#1691=VERTEX_POINT('',#3773);
#1692=VERTEX_POINT('',#3777);
#1693=VERTEX_POINT('',#3779);
#1694=VERTEX_POINT('',#3783);
#1695=VERTEX_POINT('',#3784);
#1696=VERTEX_POINT('',#3786);
#1697=VERTEX_POINT('',#3788);
#1698=VERTEX_POINT('',#3792);
#1699=VERTEX_POINT('',#3794);
#1700=VERTEX_POINT('',#3798);
#1701=VERTEX_POINT('',#3800);
#1702=VERTEX_POINT('',#3804);
#1703=VERTEX_POINT('',#3806);
#1704=VERTEX_POINT('',#3810);
#1705=VERTEX_POINT('',#3812);
#1706=VERTEX_POINT('',#3816);
#1707=VERTEX_POINT('',#3818);
#1708=VERTEX_POINT('',#3822);
#1709=VERTEX_POINT('',#3824);
#1710=VERTEX_POINT('',#3828);
#1711=VERTEX_POINT('',#3829);
#1712=VERTEX_POINT('',#3831);
#1713=VERTEX_POINT('',#3833);
#1714=VERTEX_POINT('',#3837);
#1715=VERTEX_POINT('',#3839);
#1716=VERTEX_POINT('',#3843);
#1717=VERTEX_POINT('',#3845);
#1718=VERTEX_POINT('',#3849);
#1719=VERTEX_POINT('',#3851);
#1720=VERTEX_POINT('',#3855);
#1721=VERTEX_POINT('',#3857);
#1722=VERTEX_POINT('',#3861);
#1723=VERTEX_POINT('',#3863);
#1724=VERTEX_POINT('',#3867);
#1725=VERTEX_POINT('',#3869);
#1726=VERTEX_POINT('',#3873);
#1727=VERTEX_POINT('',#3875);
#1728=VERTEX_POINT('',#3879);
#1729=VERTEX_POINT('',#3881);
#1730=VERTEX_POINT('',#3885);
#1731=VERTEX_POINT('',#3887);
#1732=VERTEX_POINT('',#3891);
#1733=VERTEX_POINT('',#3893);
#1734=VERTEX_POINT('',#3897);
#1735=VERTEX_POINT('',#3899);
#1736=VERTEX_POINT('',#3903);
#1737=VERTEX_POINT('',#3905);
#1738=VERTEX_POINT('',#3944);
#1739=VERTEX_POINT('',#3946);
#1740=VERTEX_POINT('',#3949);
#1741=VERTEX_POINT('',#3951);
#1742=VERTEX_POINT('',#3954);
#1743=VERTEX_POINT('',#3956);
#1744=VERTEX_POINT('',#3959);
#1745=VERTEX_POINT('',#3961);
#1746=CIRCLE('',#2363,0.477690180377265);
#1747=CIRCLE('',#2364,0.477690180377265);
#1748=CIRCLE('',#2367,0.477690180377265);
#1749=CIRCLE('',#2368,0.477690180377265);
#1750=CIRCLE('',#2371,0.477690180377265);
#1751=CIRCLE('',#2372,0.477690180377265);
#1752=CIRCLE('',#2375,0.477690180377265);
#1753=CIRCLE('',#2376,0.477690180377265);
#1754=CIRCLE('',#2378,1.);
#1755=CIRCLE('',#2379,1.);
#1756=CIRCLE('',#2382,1.);
#1757=CIRCLE('',#2383,1.);
#1758=CIRCLE('',#2386,1.);
#1759=CIRCLE('',#2387,1.);
#1760=CIRCLE('',#2390,1.);
#1761=CIRCLE('',#2391,1.);
#1762=CIRCLE('',#2393,1.5);
#1763=CIRCLE('',#2394,1.5);
#1764=CIRCLE('',#2397,1.5);
#1765=CIRCLE('',#2398,1.5);
#1766=CIRCLE('',#2401,1.5);
#1767=CIRCLE('',#2402,1.5);
#1768=CIRCLE('',#2405,1.49999999999999);
#1769=CIRCLE('',#2406,1.49999999999999);
#1770=CIRCLE('',#2408,0.477690180377265);
#1771=CIRCLE('',#2409,0.477690180377265);
#1772=CIRCLE('',#2412,0.477690180377265);
#1773=CIRCLE('',#2413,0.477690180377265);
#1774=CIRCLE('',#2416,0.477690180377272);
#1775=CIRCLE('',#2417,0.477690180377272);
#1776=CIRCLE('',#2420,0.47769018037727);
#1777=CIRCLE('',#2421,0.47769018037727);
#1778=CIRCLE('',#2423,0.477690180377265);
#1779=CIRCLE('',#2424,0.477690180377265);
#1780=CIRCLE('',#2427,0.477690180377265);
#1781=CIRCLE('',#2428,0.477690180377265);
#1782=CIRCLE('',#2431,0.477690180377272);
#1783=CIRCLE('',#2432,0.477690180377272);
#1784=CIRCLE('',#2435,0.477690180377271);
#1785=CIRCLE('',#2436,0.477690180377271);
#1786=CIRCLE('',#2438,0.477690180377265);
#1787=CIRCLE('',#2439,0.477690180377265);
#1788=CIRCLE('',#2442,0.477690180377265);
#1789=CIRCLE('',#2443,0.477690180377265);
#1790=CIRCLE('',#2446,0.477690180377271);
#1791=CIRCLE('',#2447,0.477690180377271);
#1792=CIRCLE('',#2450,0.47769018037727);
#1793=CIRCLE('',#2451,0.47769018037727);
#1794=CIRCLE('',#2453,0.477690180377265);
#1795=CIRCLE('',#2454,0.477690180377265);
#1796=CIRCLE('',#2457,0.477690180377265);
#1797=CIRCLE('',#2458,0.477690180377265);
#1798=CIRCLE('',#2461,0.47769018037727);
#1799=CIRCLE('',#2462,0.47769018037727);
#1800=CIRCLE('',#2465,0.477690180377272);
#1801=CIRCLE('',#2466,0.477690180377272);
#1802=CIRCLE('',#2468,0.477690180377265);
#1803=CIRCLE('',#2469,0.477690180377265);
#1804=CIRCLE('',#2472,0.477690180377265);
#1805=CIRCLE('',#2473,0.477690180377265);
#1806=CIRCLE('',#2476,0.477690180377265);
#1807=CIRCLE('',#2477,0.477690180377265);
#1808=CIRCLE('',#2480,0.477690180377265);
#1809=CIRCLE('',#2481,0.477690180377265);
#1810=CIRCLE('',#2483,0.477690180377265);
#1811=CIRCLE('',#2484,0.477690180377265);
#1812=CIRCLE('',#2487,0.477690180377265);
#1813=CIRCLE('',#2488,0.477690180377265);
#1814=CIRCLE('',#2491,0.477690180377265);
#1815=CIRCLE('',#2492,0.477690180377265);
#1816=CIRCLE('',#2495,0.477690180377265);
#1817=CIRCLE('',#2496,0.477690180377265);
#1818=CIRCLE('',#2498,0.477690180377266);
#1819=CIRCLE('',#2499,0.477690180377266);
#1820=CIRCLE('',#2502,0.477690180377265);
#1821=CIRCLE('',#2503,0.477690180377265);
#1822=CIRCLE('',#2506,0.477690180377265);
#1823=CIRCLE('',#2507,0.477690180377265);
#1824=CIRCLE('',#2510,0.477690180377265);
#1825=CIRCLE('',#2511,0.477690180377265);
#1826=CIRCLE('',#2513,0.477690180377265);
#1827=CIRCLE('',#2514,0.477690180377265);
#1828=CIRCLE('',#2517,0.477690180377265);
#1829=CIRCLE('',#2518,0.477690180377265);
#1830=CIRCLE('',#2521,0.477690180377265);
#1831=CIRCLE('',#2522,0.477690180377265);
#1832=CIRCLE('',#2525,0.477690180377265);
#1833=CIRCLE('',#2526,0.477690180377265);
#1834=CIRCLE('',#2528,0.477690180377265);
#1835=CIRCLE('',#2529,0.477690180377265);
#1836=CIRCLE('',#2532,0.477690180377265);
#1837=CIRCLE('',#2533,0.477690180377265);
#1838=CIRCLE('',#2536,0.477690180377265);
#1839=CIRCLE('',#2537,0.477690180377265);
#1840=CIRCLE('',#2540,0.477690180377265);
#1841=CIRCLE('',#2541,0.477690180377265);
#1842=CIRCLE('',#2544,6.);
#1843=CIRCLE('',#2545,6.);
#1844=CIRCLE('',#2548,6.);
#1845=CIRCLE('',#2549,6.);
#1846=CIRCLE('',#2552,6.);
#1847=CIRCLE('',#2553,6.);
#1848=CIRCLE('',#2556,3.);
#1849=CIRCLE('',#2557,3.);
#1850=CIRCLE('',#2560,4.);
#1851=CIRCLE('',#2561,4.);
#1852=CIRCLE('',#2564,6.);
#1853=CIRCLE('',#2565,6.);
#1854=CIRCLE('',#2567,3.5);
#1855=CIRCLE('',#2568,3.5);
#1856=CIRCLE('',#2582,1.7);
#1857=CIRCLE('',#2583,1.7);
#1858=CIRCLE('',#2585,1.7);
#1859=CIRCLE('',#2586,1.7);
#1860=CIRCLE('',#2588,1.7);
#1861=CIRCLE('',#2589,1.7);
#1862=CIRCLE('',#2591,1.7);
#1863=CIRCLE('',#2592,1.7);
#1864=EDGE_LOOP('',(#507,#508,#509,#510));
#1865=EDGE_LOOP('',(#511,#512,#513,#514));
#1866=EDGE_LOOP('',(#515,#516,#517,#518));
#1867=EDGE_LOOP('',(#519,#520,#521,#522));
#1868=EDGE_LOOP('',(#523,#524,#525,#526));
#1869=EDGE_LOOP('',(#527,#528,#529,#530));
#1870=EDGE_LOOP('',(#531,#532,#533,#534));
#1871=EDGE_LOOP('',(#535,#536,#537,#538));
#1872=EDGE_LOOP('',(#539,#540,#541,#542));
#1873=EDGE_LOOP('',(#543,#544,#545,#546));
#1874=EDGE_LOOP('',(#547,#548,#549,#550));
#1875=EDGE_LOOP('',(#551,#552,#553,#554));
#1876=EDGE_LOOP('',(#555,#556,#557,#558));
#1877=EDGE_LOOP('',(#559,#560,#561,#562));
#1878=EDGE_LOOP('',(#563,#564,#565,#566));
#1879=EDGE_LOOP('',(#567,#568,#569,#570));
#1880=EDGE_LOOP('',(#571,#572,#573,#574));
#1881=EDGE_LOOP('',(#575,#576,#577,#578));
#1882=EDGE_LOOP('',(#579,#580,#581,#582));
#1883=EDGE_LOOP('',(#583,#584,#585,#586));
#1884=EDGE_LOOP('',(#587,#588,#589,#590));
#1885=EDGE_LOOP('',(#591,#592,#593,#594));
#1886=EDGE_LOOP('',(#595,#596,#597,#598));
#1887=EDGE_LOOP('',(#599,#600,#601,#602));
#1888=EDGE_LOOP('',(#603,#604,#605,#606));
#1889=EDGE_LOOP('',(#607,#608,#609,#610));
#1890=EDGE_LOOP('',(#611,#612,#613,#614));
#1891=EDGE_LOOP('',(#615,#616,#617,#618));
#1892=EDGE_LOOP('',(#619,#620,#621,#622));
#1893=EDGE_LOOP('',(#623,#624,#625,#626));
#1894=EDGE_LOOP('',(#627,#628,#629,#630));
#1895=EDGE_LOOP('',(#631,#632,#633,#634));
#1896=EDGE_LOOP('',(#635,#636,#637,#638));
#1897=EDGE_LOOP('',(#639,#640,#641,#642));
#1898=EDGE_LOOP('',(#643,#644,#645,#646));
#1899=EDGE_LOOP('',(#647,#648,#649,#650));
#1900=EDGE_LOOP('',(#651,#652,#653,#654));
#1901=EDGE_LOOP('',(#655,#656,#657,#658));
#1902=EDGE_LOOP('',(#659,#660,#661,#662));
#1903=EDGE_LOOP('',(#663,#664,#665,#666));
#1904=EDGE_LOOP('',(#667,#668,#669,#670));
#1905=EDGE_LOOP('',(#671,#672,#673,#674));
#1906=EDGE_LOOP('',(#675,#676,#677,#678));
#1907=EDGE_LOOP('',(#679,#680,#681,#682));
#1908=EDGE_LOOP('',(#683,#684,#685,#686));
#1909=EDGE_LOOP('',(#687,#688,#689,#690));
#1910=EDGE_LOOP('',(#691,#692,#693,#694));
#1911=EDGE_LOOP('',(#695,#696,#697,#698));
#1912=EDGE_LOOP('',(#699,#700,#701,#702));
#1913=EDGE_LOOP('',(#703,#704,#705,#706));
#1914=EDGE_LOOP('',(#707,#708,#709,#710));
#1915=EDGE_LOOP('',(#711,#712,#713,#714));
#1916=EDGE_LOOP('',(#715,#716,#717,#718));
#1917=EDGE_LOOP('',(#719,#720,#721,#722));
#1918=EDGE_LOOP('',(#723,#724,#725,#726));
#1919=EDGE_LOOP('',(#727,#728,#729,#730));
#1920=EDGE_LOOP('',(#731,#732,#733,#734));
#1921=EDGE_LOOP('',(#735,#736,#737,#738));
#1922=EDGE_LOOP('',(#739,#740,#741,#742));
#1923=EDGE_LOOP('',(#743,#744,#745,#746));
#1924=EDGE_LOOP('',(#747,#748,#749,#750));
#1925=EDGE_LOOP('',(#751,#752,#753,#754));
#1926=EDGE_LOOP('',(#755,#756,#757,#758));
#1927=EDGE_LOOP('',(#759,#760,#761,#762));
#1928=EDGE_LOOP('',(#763,#764,#765,#766));
#1929=EDGE_LOOP('',(#767,#768,#769,#770));
#1930=EDGE_LOOP('',(#771,#772,#773,#774));
#1931=EDGE_LOOP('',(#775,#776,#777,#778));
#1932=EDGE_LOOP('',(#779,#780,#781,#782));
#1933=EDGE_LOOP('',(#783,#784,#785,#786));
#1934=EDGE_LOOP('',(#787,#788,#789,#790));
#1935=EDGE_LOOP('',(#791,#792,#793,#794));
#1936=EDGE_LOOP('',(#795,#796,#797,#798));
#1937=EDGE_LOOP('',(#799,#800,#801,#802));
#1938=EDGE_LOOP('',(#803,#804,#805,#806));
#1939=EDGE_LOOP('',(#807,#808,#809,#810));
#1940=EDGE_LOOP('',(#811,#812,#813,#814));
#1941=EDGE_LOOP('',(#815,#816,#817,#818));
#1942=EDGE_LOOP('',(#819,#820,#821,#822));
#1943=EDGE_LOOP('',(#823,#824,#825,#826));
#1944=EDGE_LOOP('',(#827,#828,#829,#830));
#1945=EDGE_LOOP('',(#831,#832,#833,#834));
#1946=EDGE_LOOP('',(#835,#836,#837,#838));
#1947=EDGE_LOOP('',(#839,#840,#841,#842));
#1948=EDGE_LOOP('',(#843,#844,#845,#846));
#1949=EDGE_LOOP('',(#847,#848,#849,#850));
#1950=EDGE_LOOP('',(#851,#852,#853,#854));
#1951=EDGE_LOOP('',(#855,#856,#857,#858));
#1952=EDGE_LOOP('',(#859,#860,#861,#862));
#1953=EDGE_LOOP('',(#863,#864,#865,#866));
#1954=EDGE_LOOP('',(#867,#868,#869,#870));
#1955=EDGE_LOOP('',(#871,#872,#873,#874));
#1956=EDGE_LOOP('',(#875,#876,#877,#878));
#1957=EDGE_LOOP('',(#879,#880,#881,#882));
#1958=EDGE_LOOP('',(#883,#884,#885,#886));
#1959=EDGE_LOOP('',(#887,#888,#889,#890));
#1960=EDGE_LOOP('',(#891));
#1961=EDGE_LOOP('',(#892));
#1962=EDGE_LOOP('',(#893,#894,#895,#896));
#1963=EDGE_LOOP('',(#897,#898,#899,#900));
#1964=EDGE_LOOP('',(#901,#902,#903,#904));
#1965=EDGE_LOOP('',(#905,#906,#907,#908));
#1966=EDGE_LOOP('',(#909,#910,#911,#912));
#1967=EDGE_LOOP('',(#913,#914,#915,#916));
#1968=EDGE_LOOP('',(#917,#918,#919,#920));
#1969=EDGE_LOOP('',(#921,#922,#923,#924));
#1970=EDGE_LOOP('',(#925,#926,#927,#928));
#1971=EDGE_LOOP('',(#929,#930,#931,#932));
#1972=EDGE_LOOP('',(#933,#934,#935,#936));
#1973=EDGE_LOOP('',(#937,#938,#939,#940));
#1974=EDGE_LOOP('',(#941));
#1975=EDGE_LOOP('',(#942));
#1976=EDGE_LOOP('',(#943));
#1977=EDGE_LOOP('',(#944));
#1978=EDGE_LOOP('',(#945));
#1979=EDGE_LOOP('',(#946));
#1980=EDGE_LOOP('',(#947));
#1981=EDGE_LOOP('',(#948));
#1982=EDGE_LOOP('',(#949,#950,#951,#952));
#1983=EDGE_LOOP('',(#953));
#1984=EDGE_LOOP('',(#954));
#1985=EDGE_LOOP('',(#955));
#1986=EDGE_LOOP('',(#956));
#1987=EDGE_LOOP('',(#957,#958,#959,#960,#961,#962,#963,#964,#965,#966,#967,
#968,#969));
#1988=EDGE_LOOP('',(#970,#971,#972,#973,#974,#975,#976,#977));
#1989=EDGE_LOOP('',(#978,#979,#980,#981,#982,#983,#984,#985));
#1990=EDGE_LOOP('',(#986,#987,#988,#989,#990,#991,#992,#993));
#1991=EDGE_LOOP('',(#994,#995,#996,#997,#998,#999,#1000,#1001));
#1992=EDGE_LOOP('',(#1002,#1003,#1004,#1005,#1006,#1007,#1008,#1009));
#1993=EDGE_LOOP('',(#1010,#1011,#1012,#1013,#1014,#1015,#1016,#1017));
#1994=EDGE_LOOP('',(#1018,#1019,#1020,#1021,#1022,#1023,#1024,#1025));
#1995=EDGE_LOOP('',(#1026,#1027,#1028,#1029,#1030,#1031,#1032,#1033));
#1996=EDGE_LOOP('',(#1034,#1035,#1036,#1037,#1038,#1039,#1040,#1041));
#1997=EDGE_LOOP('',(#1042,#1043,#1044,#1045,#1046,#1047,#1048,#1049));
#1998=EDGE_LOOP('',(#1050,#1051,#1052,#1053,#1054,#1055,#1056,#1057));
#1999=EDGE_LOOP('',(#1058));
#2000=EDGE_LOOP('',(#1059,#1060,#1061,#1062,#1063,#1064,#1065,#1066));
#2001=EDGE_LOOP('',(#1067));
#2002=EDGE_LOOP('',(#1068));
#2003=EDGE_LOOP('',(#1069));
#2004=EDGE_LOOP('',(#1070));
#2005=EDGE_LOOP('',(#1071,#1072,#1073,#1074,#1075,#1076,#1077,#1078,#1079,
#1080,#1081,#1082,#1083));
#2006=EDGE_LOOP('',(#1084,#1085,#1086,#1087,#1088,#1089,#1090,#1091));
#2007=EDGE_LOOP('',(#1092,#1093,#1094,#1095,#1096,#1097,#1098,#1099));
#2008=EDGE_LOOP('',(#1100,#1101,#1102,#1103,#1104,#1105,#1106,#1107));
#2009=EDGE_LOOP('',(#1108,#1109,#1110,#1111,#1112,#1113,#1114,#1115));
#2010=EDGE_LOOP('',(#1116,#1117,#1118,#1119,#1120,#1121,#1122,#1123));
#2011=EDGE_LOOP('',(#1124,#1125,#1126,#1127,#1128,#1129,#1130,#1131));
#2012=EDGE_LOOP('',(#1132,#1133,#1134,#1135,#1136,#1137,#1138,#1139));
#2013=EDGE_LOOP('',(#1140,#1141,#1142,#1143,#1144,#1145,#1146,#1147));
#2014=EDGE_LOOP('',(#1148,#1149,#1150,#1151,#1152,#1153,#1154,#1155));
#2015=EDGE_LOOP('',(#1156,#1157,#1158,#1159,#1160,#1161,#1162,#1163));
#2016=EDGE_LOOP('',(#1164,#1165,#1166,#1167,#1168,#1169,#1170,#1171));
#2017=EDGE_LOOP('',(#1172));
#2018=EDGE_LOOP('',(#1173,#1174,#1175,#1176,#1177,#1178,#1179,#1180));
#2019=FACE_BOUND('',#1864,.T.);
#2020=FACE_BOUND('',#1865,.T.);
#2021=FACE_BOUND('',#1866,.T.);
#2022=FACE_BOUND('',#1867,.T.);
#2023=FACE_BOUND('',#1868,.T.);
#2024=FACE_BOUND('',#1869,.T.);
#2025=FACE_BOUND('',#1870,.T.);
#2026=FACE_BOUND('',#1871,.T.);
#2027=FACE_BOUND('',#1872,.T.);
#2028=FACE_BOUND('',#1873,.T.);
#2029=FACE_BOUND('',#1874,.T.);
#2030=FACE_BOUND('',#1875,.T.);
#2031=FACE_BOUND('',#1876,.T.);
#2032=FACE_BOUND('',#1877,.T.);
#2033=FACE_BOUND('',#1878,.T.);
#2034=FACE_BOUND('',#1879,.T.);
#2035=FACE_BOUND('',#1880,.T.);
#2036=FACE_BOUND('',#1881,.T.);
#2037=FACE_BOUND('',#1882,.T.);
#2038=FACE_BOUND('',#1883,.T.);
#2039=FACE_BOUND('',#1884,.T.);
#2040=FACE_BOUND('',#1885,.T.);
#2041=FACE_BOUND('',#1886,.T.);
#2042=FACE_BOUND('',#1887,.T.);
#2043=FACE_BOUND('',#1888,.T.);
#2044=FACE_BOUND('',#1889,.T.);
#2045=FACE_BOUND('',#1890,.T.);
#2046=FACE_BOUND('',#1891,.T.);
#2047=FACE_BOUND('',#1892,.T.);
#2048=FACE_BOUND('',#1893,.T.);
#2049=FACE_BOUND('',#1894,.T.);
#2050=FACE_BOUND('',#1895,.T.);
#2051=FACE_BOUND('',#1896,.T.);
#2052=FACE_BOUND('',#1897,.T.);
#2053=FACE_BOUND('',#1898,.T.);
#2054=FACE_BOUND('',#1899,.T.);
#2055=FACE_BOUND('',#1900,.T.);
#2056=FACE_BOUND('',#1901,.T.);
#2057=FACE_BOUND('',#1902,.T.);
#2058=FACE_BOUND('',#1903,.T.);
#2059=FACE_BOUND('',#1904,.T.);
#2060=FACE_BOUND('',#1905,.T.);
#2061=FACE_BOUND('',#1906,.T.);
#2062=FACE_BOUND('',#1907,.T.);
#2063=FACE_BOUND('',#1908,.T.);
#2064=FACE_BOUND('',#1909,.T.);
#2065=FACE_BOUND('',#1910,.T.);
#2066=FACE_BOUND('',#1911,.T.);
#2067=FACE_BOUND('',#1912,.T.);
#2068=FACE_BOUND('',#1913,.T.);
#2069=FACE_BOUND('',#1914,.T.);
#2070=FACE_BOUND('',#1915,.T.);
#2071=FACE_BOUND('',#1916,.T.);
#2072=FACE_BOUND('',#1917,.T.);
#2073=FACE_BOUND('',#1918,.T.);
#2074=FACE_BOUND('',#1919,.T.);
#2075=FACE_BOUND('',#1920,.T.);
#2076=FACE_BOUND('',#1921,.T.);
#2077=FACE_BOUND('',#1922,.T.);
#2078=FACE_BOUND('',#1923,.T.);
#2079=FACE_BOUND('',#1924,.T.);
#2080=FACE_BOUND('',#1925,.T.);
#2081=FACE_BOUND('',#1926,.T.);
#2082=FACE_BOUND('',#1927,.T.);
#2083=FACE_BOUND('',#1928,.T.);
#2084=FACE_BOUND('',#1929,.T.);
#2085=FACE_BOUND('',#1930,.T.);
#2086=FACE_BOUND('',#1931,.T.);
#2087=FACE_BOUND('',#1932,.T.);
#2088=FACE_BOUND('',#1933,.T.);
#2089=FACE_BOUND('',#1934,.T.);
#2090=FACE_BOUND('',#1935,.T.);
#2091=FACE_BOUND('',#1936,.T.);
#2092=FACE_BOUND('',#1937,.T.);
#2093=FACE_BOUND('',#1938,.T.);
#2094=FACE_BOUND('',#1939,.T.);
#2095=FACE_BOUND('',#1940,.T.);
#2096=FACE_BOUND('',#1941,.T.);
#2097=FACE_BOUND('',#1942,.T.);
#2098=FACE_BOUND('',#1943,.T.);
#2099=FACE_BOUND('',#1944,.T.);
#2100=FACE_BOUND('',#1945,.T.);
#2101=FACE_BOUND('',#1946,.T.);
#2102=FACE_BOUND('',#1947,.T.);
#2103=FACE_BOUND('',#1948,.T.);
#2104=FACE_BOUND('',#1949,.T.);
#2105=FACE_BOUND('',#1950,.T.);
#2106=FACE_BOUND('',#1951,.T.);
#2107=FACE_BOUND('',#1952,.T.);
#2108=FACE_BOUND('',#1953,.T.);
#2109=FACE_BOUND('',#1954,.T.);
#2110=FACE_BOUND('',#1955,.T.);
#2111=FACE_BOUND('',#1956,.T.);
#2112=FACE_BOUND('',#1957,.T.);
#2113=FACE_BOUND('',#1958,.T.);
#2114=FACE_BOUND('',#1959,.T.);
#2115=FACE_BOUND('',#1960,.T.);
#2116=FACE_BOUND('',#1961,.T.);
#2117=FACE_BOUND('',#1962,.T.);
#2118=FACE_BOUND('',#1963,.T.);
#2119=FACE_BOUND('',#1964,.T.);
#2120=FACE_BOUND('',#1965,.T.);
#2121=FACE_BOUND('',#1966,.T.);
#2122=FACE_BOUND('',#1967,.T.);
#2123=FACE_BOUND('',#1968,.T.);
#2124=FACE_BOUND('',#1969,.T.);
#2125=FACE_BOUND('',#1970,.T.);
#2126=FACE_BOUND('',#1971,.T.);
#2127=FACE_BOUND('',#1972,.T.);
#2128=FACE_BOUND('',#1973,.T.);
#2129=FACE_BOUND('',#1974,.T.);
#2130=FACE_BOUND('',#1975,.T.);
#2131=FACE_BOUND('',#1976,.T.);
#2132=FACE_BOUND('',#1977,.T.);
#2133=FACE_BOUND('',#1978,.T.);
#2134=FACE_BOUND('',#1979,.T.);
#2135=FACE_BOUND('',#1980,.T.);
#2136=FACE_BOUND('',#1981,.T.);
#2137=FACE_BOUND('',#1982,.T.);
#2138=FACE_BOUND('',#1983,.T.);
#2139=FACE_BOUND('',#1984,.T.);
#2140=FACE_BOUND('',#1985,.T.);
#2141=FACE_BOUND('',#1986,.T.);
#2142=FACE_BOUND('',#1987,.T.);
#2143=FACE_BOUND('',#1988,.T.);
#2144=FACE_BOUND('',#1989,.T.);
#2145=FACE_BOUND('',#1990,.T.);
#2146=FACE_BOUND('',#1991,.T.);
#2147=FACE_BOUND('',#1992,.T.);
#2148=FACE_BOUND('',#1993,.T.);
#2149=FACE_BOUND('',#1994,.T.);
#2150=FACE_BOUND('',#1995,.T.);
#2151=FACE_BOUND('',#1996,.T.);
#2152=FACE_BOUND('',#1997,.T.);
#2153=FACE_BOUND('',#1998,.T.);
#2154=FACE_BOUND('',#1999,.T.);
#2155=FACE_BOUND('',#2000,.T.);
#2156=FACE_BOUND('',#2001,.T.);
#2157=FACE_BOUND('',#2002,.T.);
#2158=FACE_BOUND('',#2003,.T.);
#2159=FACE_BOUND('',#2004,.T.);
#2160=FACE_BOUND('',#2005,.T.);
#2161=FACE_BOUND('',#2006,.T.);
#2162=FACE_BOUND('',#2007,.T.);
#2163=FACE_BOUND('',#2008,.T.);
#2164=FACE_BOUND('',#2009,.T.);
#2165=FACE_BOUND('',#2010,.T.);
#2166=FACE_BOUND('',#2011,.T.);
#2167=FACE_BOUND('',#2012,.T.);
#2168=FACE_BOUND('',#2013,.T.);
#2169=FACE_BOUND('',#2014,.T.);
#2170=FACE_BOUND('',#2015,.T.);
#2171=FACE_BOUND('',#2016,.T.);
#2172=FACE_BOUND('',#2017,.T.);
#2173=FACE_BOUND('',#2018,.T.);
#2174=CYLINDRICAL_SURFACE('',#2362,0.477690180377265);
#2175=CYLINDRICAL_SURFACE('',#2366,0.477690180377265);
#2176=CYLINDRICAL_SURFACE('',#2370,0.477690180377265);
#2177=CYLINDRICAL_SURFACE('',#2374,0.477690180377265);
#2178=CYLINDRICAL_SURFACE('',#2377,1.);
#2179=CYLINDRICAL_SURFACE('',#2381,1.);
#2180=CYLINDRICAL_SURFACE('',#2385,1.);
#2181=CYLINDRICAL_SURFACE('',#2389,1.);
#2182=CYLINDRICAL_SURFACE('',#2392,1.5);
#2183=CYLINDRICAL_SURFACE('',#2396,1.5);
#2184=CYLINDRICAL_SURFACE('',#2400,1.5);
#2185=CYLINDRICAL_SURFACE('',#2404,1.49999999999999);
#2186=CYLINDRICAL_SURFACE('',#2407,0.477690180377265);
#2187=CYLINDRICAL_SURFACE('',#2411,0.477690180377265);
#2188=CYLINDRICAL_SURFACE('',#2415,0.477690180377272);
#2189=CYLINDRICAL_SURFACE('',#2419,0.47769018037727);
#2190=CYLINDRICAL_SURFACE('',#2422,0.477690180377265);
#2191=CYLINDRICAL_SURFACE('',#2426,0.477690180377265);
#2192=CYLINDRICAL_SURFACE('',#2430,0.477690180377272);
#2193=CYLINDRICAL_SURFACE('',#2434,0.477690180377271);
#2194=CYLINDRICAL_SURFACE('',#2437,0.477690180377265);
#2195=CYLINDRICAL_SURFACE('',#2441,0.477690180377265);
#2196=CYLINDRICAL_SURFACE('',#2445,0.477690180377271);
#2197=CYLINDRICAL_SURFACE('',#2449,0.47769018037727);
#2198=CYLINDRICAL_SURFACE('',#2452,0.477690180377265);
#2199=CYLINDRICAL_SURFACE('',#2456,0.477690180377265);
#2200=CYLINDRICAL_SURFACE('',#2460,0.47769018037727);
#2201=CYLINDRICAL_SURFACE('',#2464,0.477690180377272);
#2202=CYLINDRICAL_SURFACE('',#2467,0.477690180377265);
#2203=CYLINDRICAL_SURFACE('',#2471,0.477690180377265);
#2204=CYLINDRICAL_SURFACE('',#2475,0.477690180377265);
#2205=CYLINDRICAL_SURFACE('',#2479,0.477690180377265);
#2206=CYLINDRICAL_SURFACE('',#2482,0.477690180377265);
#2207=CYLINDRICAL_SURFACE('',#2486,0.477690180377265);
#2208=CYLINDRICAL_SURFACE('',#2490,0.477690180377265);
#2209=CYLINDRICAL_SURFACE('',#2494,0.477690180377265);
#2210=CYLINDRICAL_SURFACE('',#2497,0.477690180377266);
#2211=CYLINDRICAL_SURFACE('',#2501,0.477690180377265);
#2212=CYLINDRICAL_SURFACE('',#2505,0.477690180377265);
#2213=CYLINDRICAL_SURFACE('',#2509,0.477690180377265);
#2214=CYLINDRICAL_SURFACE('',#2512,0.477690180377265);
#2215=CYLINDRICAL_SURFACE('',#2516,0.477690180377265);
#2216=CYLINDRICAL_SURFACE('',#2520,0.477690180377265);
#2217=CYLINDRICAL_SURFACE('',#2524,0.477690180377265);
#2218=CYLINDRICAL_SURFACE('',#2527,0.477690180377265);
#2219=CYLINDRICAL_SURFACE('',#2531,0.477690180377265);
#2220=CYLINDRICAL_SURFACE('',#2535,0.477690180377265);
#2221=CYLINDRICAL_SURFACE('',#2539,0.477690180377265);
#2222=CYLINDRICAL_SURFACE('',#2543,6.);
#2223=CYLINDRICAL_SURFACE('',#2547,6.);
#2224=CYLINDRICAL_SURFACE('',#2551,6.);
#2225=CYLINDRICAL_SURFACE('',#2555,3.);
#2226=CYLINDRICAL_SURFACE('',#2559,4.);
#2227=CYLINDRICAL_SURFACE('',#2563,6.);
#2228=CYLINDRICAL_SURFACE('',#2566,3.5);
#2229=CYLINDRICAL_SURFACE('',#2581,1.7);
#2230=CYLINDRICAL_SURFACE('',#2584,1.7);
#2231=CYLINDRICAL_SURFACE('',#2587,1.7);
#2232=CYLINDRICAL_SURFACE('',#2590,1.7);
#2233=ADVANCED_FACE('',(#2019),#2174,.F.);
#2234=ADVANCED_FACE('',(#2020),#12,.F.);
#2235=ADVANCED_FACE('',(#2021),#2175,.F.);
#2236=ADVANCED_FACE('',(#2022),#13,.T.);
#2237=ADVANCED_FACE('',(#2023),#2176,.F.);
#2238=ADVANCED_FACE('',(#2024),#14,.T.);
#2239=ADVANCED_FACE('',(#2025),#2177,.F.);
#2240=ADVANCED_FACE('',(#2026),#2178,.F.);
#2241=ADVANCED_FACE('',(#2027),#15,.F.);
#2242=ADVANCED_FACE('',(#2028),#2179,.F.);
#2243=ADVANCED_FACE('',(#2029),#16,.T.);
#2244=ADVANCED_FACE('',(#2030),#2180,.F.);
#2245=ADVANCED_FACE('',(#2031),#17,.T.);
#2246=ADVANCED_FACE('',(#2032),#2181,.F.);
#2247=ADVANCED_FACE('',(#2033),#2182,.F.);
#2248=ADVANCED_FACE('',(#2034),#18,.F.);
#2249=ADVANCED_FACE('',(#2035),#2183,.F.);
#2250=ADVANCED_FACE('',(#2036),#19,.T.);
#2251=ADVANCED_FACE('',(#2037),#2184,.F.);
#2252=ADVANCED_FACE('',(#2038),#20,.T.);
#2253=ADVANCED_FACE('',(#2039),#2185,.F.);
#2254=ADVANCED_FACE('',(#2040),#2186,.F.);
#2255=ADVANCED_FACE('',(#2041),#21,.F.);
#2256=ADVANCED_FACE('',(#2042),#2187,.F.);
#2257=ADVANCED_FACE('',(#2043),#22,.F.);
#2258=ADVANCED_FACE('',(#2044),#2188,.F.);
#2259=ADVANCED_FACE('',(#2045),#23,.T.);
#2260=ADVANCED_FACE('',(#2046),#2189,.F.);
#2261=ADVANCED_FACE('',(#2047),#2190,.F.);
#2262=ADVANCED_FACE('',(#2048),#24,.F.);
#2263=ADVANCED_FACE('',(#2049),#2191,.F.);
#2264=ADVANCED_FACE('',(#2050),#25,.F.);
#2265=ADVANCED_FACE('',(#2051),#2192,.F.);
#2266=ADVANCED_FACE('',(#2052),#26,.T.);
#2267=ADVANCED_FACE('',(#2053),#2193,.F.);
#2268=ADVANCED_FACE('',(#2054),#2194,.F.);
#2269=ADVANCED_FACE('',(#2055),#27,.F.);
#2270=ADVANCED_FACE('',(#2056),#2195,.F.);
#2271=ADVANCED_FACE('',(#2057),#28,.F.);
#2272=ADVANCED_FACE('',(#2058),#2196,.F.);
#2273=ADVANCED_FACE('',(#2059),#29,.T.);
#2274=ADVANCED_FACE('',(#2060),#2197,.F.);
#2275=ADVANCED_FACE('',(#2061),#2198,.F.);
#2276=ADVANCED_FACE('',(#2062),#30,.F.);
#2277=ADVANCED_FACE('',(#2063),#2199,.F.);
#2278=ADVANCED_FACE('',(#2064),#31,.F.);
#2279=ADVANCED_FACE('',(#2065),#2200,.F.);
#2280=ADVANCED_FACE('',(#2066),#32,.T.);
#2281=ADVANCED_FACE('',(#2067),#2201,.F.);
#2282=ADVANCED_FACE('',(#2068),#2202,.F.);
#2283=ADVANCED_FACE('',(#2069),#33,.F.);
#2284=ADVANCED_FACE('',(#2070),#2203,.F.);
#2285=ADVANCED_FACE('',(#2071),#34,.F.);
#2286=ADVANCED_FACE('',(#2072),#2204,.F.);
#2287=ADVANCED_FACE('',(#2073),#35,.T.);
#2288=ADVANCED_FACE('',(#2074),#2205,.F.);
#2289=ADVANCED_FACE('',(#2075),#2206,.F.);
#2290=ADVANCED_FACE('',(#2076),#36,.F.);
#2291=ADVANCED_FACE('',(#2077),#2207,.F.);
#2292=ADVANCED_FACE('',(#2078),#37,.F.);
#2293=ADVANCED_FACE('',(#2079),#2208,.F.);
#2294=ADVANCED_FACE('',(#2080),#38,.T.);
#2295=ADVANCED_FACE('',(#2081),#2209,.F.);
#2296=ADVANCED_FACE('',(#2082),#2210,.F.);
#2297=ADVANCED_FACE('',(#2083),#39,.F.);
#2298=ADVANCED_FACE('',(#2084),#2211,.F.);
#2299=ADVANCED_FACE('',(#2085),#40,.F.);
#2300=ADVANCED_FACE('',(#2086),#2212,.F.);
#2301=ADVANCED_FACE('',(#2087),#41,.T.);
#2302=ADVANCED_FACE('',(#2088),#2213,.F.);
#2303=ADVANCED_FACE('',(#2089),#2214,.F.);
#2304=ADVANCED_FACE('',(#2090),#42,.F.);
#2305=ADVANCED_FACE('',(#2091),#2215,.F.);
#2306=ADVANCED_FACE('',(#2092),#43,.F.);
#2307=ADVANCED_FACE('',(#2093),#2216,.F.);
#2308=ADVANCED_FACE('',(#2094),#44,.T.);
#2309=ADVANCED_FACE('',(#2095),#2217,.F.);
#2310=ADVANCED_FACE('',(#2096),#2218,.F.);
#2311=ADVANCED_FACE('',(#2097),#45,.F.);
#2312=ADVANCED_FACE('',(#2098),#2219,.F.);
#2313=ADVANCED_FACE('',(#2099),#46,.F.);
#2314=ADVANCED_FACE('',(#2100),#2220,.F.);
#2315=ADVANCED_FACE('',(#2101),#47,.T.);
#2316=ADVANCED_FACE('',(#2102),#2221,.F.);
#2317=ADVANCED_FACE('',(#2103),#48,.T.);
#2318=ADVANCED_FACE('',(#2104),#2222,.T.);
#2319=ADVANCED_FACE('',(#2105),#49,.T.);
#2320=ADVANCED_FACE('',(#2106),#2223,.T.);
#2321=ADVANCED_FACE('',(#2107),#50,.F.);
#2322=ADVANCED_FACE('',(#2108),#2224,.T.);
#2323=ADVANCED_FACE('',(#2109),#51,.F.);
#2324=ADVANCED_FACE('',(#2110),#2225,.F.);
#2325=ADVANCED_FACE('',(#2111),#52,.F.);
#2326=ADVANCED_FACE('',(#2112),#2226,.T.);
#2327=ADVANCED_FACE('',(#2113),#53,.F.);
#2328=ADVANCED_FACE('',(#2114),#2227,.T.);
#2329=ADVANCED_FACE('',(#2115,#2116),#2228,.F.);
#2330=ADVANCED_FACE('',(#2117),#54,.F.);
#2331=ADVANCED_FACE('',(#2118),#55,.F.);
#2332=ADVANCED_FACE('',(#2119),#56,.T.);
#2333=ADVANCED_FACE('',(#2120),#57,.T.);
#2334=ADVANCED_FACE('',(#2121),#58,.T.);
#2335=ADVANCED_FACE('',(#2122),#59,.T.);
#2336=ADVANCED_FACE('',(#2123),#60,.T.);
#2337=ADVANCED_FACE('',(#2124),#61,.T.);
#2338=ADVANCED_FACE('',(#2125),#62,.T.);
#2339=ADVANCED_FACE('',(#2126),#63,.T.);
#2340=ADVANCED_FACE('',(#2127),#64,.T.);
#2341=ADVANCED_FACE('',(#2128),#65,.F.);
#2342=ADVANCED_FACE('',(#2129,#2130),#2229,.F.);
#2343=ADVANCED_FACE('',(#2131,#2132),#2230,.F.);
#2344=ADVANCED_FACE('',(#2133,#2134),#2231,.F.);
#2345=ADVANCED_FACE('',(#2135,#2136),#2232,.F.);
#2346=ADVANCED_FACE('',(#2137),#66,.F.);
#2347=ADVANCED_FACE('',(#2138,#2139,#2140,#2141,#2142,#2143,#2144,#2145,
#2146,#2147,#2148,#2149,#2150,#2151,#2152,#2153,#2154,#2155),#67,.T.);
#2348=ADVANCED_FACE('',(#2156,#2157,#2158,#2159,#2160,#2161,#2162,#2163,
#2164,#2165,#2166,#2167,#2168,#2169,#2170,#2171,#2172,#2173),#68,.F.);
#2349=CLOSED_SHELL('',(#2233,#2234,#2235,#2236,#2237,#2238,#2239,#2240,
#2241,#2242,#2243,#2244,#2245,#2246,#2247,#2248,#2249,#2250,#2251,#2252,
#2253,#2254,#2255,#2256,#2257,#2258,#2259,#2260,#2261,#2262,#2263,#2264,
#2265,#2266,#2267,#2268,#2269,#2270,#2271,#2272,#2273,#2274,#2275,#2276,
#2277,#2278,#2279,#2280,#2281,#2282,#2283,#2284,#2285,#2286,#2287,#2288,
#2289,#2290,#2291,#2292,#2293,#2294,#2295,#2296,#2297,#2298,#2299,#2300,
#2301,#2302,#2303,#2304,#2305,#2306,#2307,#2308,#2309,#2310,#2311,#2312,
#2313,#2314,#2315,#2316,#2317,#2318,#2319,#2320,#2321,#2322,#2323,#2324,
#2325,#2326,#2327,#2328,#2329,#2330,#2331,#2332,#2333,#2334,#2335,#2336,
#2337,#2338,#2339,#2340,#2341,#2342,#2343,#2344,#2345,#2346,#2347,#2348));
#2350=STYLED_ITEM('',(#2351),#2358);
#2351=PRESENTATION_STYLE_ASSIGNMENT((#2352));
#2352=SURFACE_STYLE_USAGE(.BOTH.,#2353);
#2353=SURFACE_SIDE_STYLE('',(#2354));
#2354=SURFACE_STYLE_FILL_AREA(#2355);
#2355=FILL_AREA_STYLE('',(#2356));
#2356=FILL_AREA_STYLE_COLOUR('',#2357);
#2357=COLOUR_RGB('',0.972549019607843,0.529411764705882,0.00392156862745098);
#2358=MANIFOLD_SOLID_BREP('Part 2',#2349);
#2359=SHAPE_DEFINITION_REPRESENTATION(#3973,#2360);
#2360=SHAPE_REPRESENTATION('Part 2',(#2361),#3968);
#2361=AXIS2_PLACEMENT_3D('',#3285,#2596,#2597);
#2362=AXIS2_PLACEMENT_3D('',#3286,#2598,#2599);
#2363=AXIS2_PLACEMENT_3D('',#3287,#2600,#2601);
#2364=AXIS2_PLACEMENT_3D('',#3292,#2603,#2604);
#2365=AXIS2_PLACEMENT_3D('',#3295,#2606,#2607);
#2366=AXIS2_PLACEMENT_3D('',#3301,#2611,#2612);
#2367=AXIS2_PLACEMENT_3D('',#3302,#2613,#2614);
#2368=AXIS2_PLACEMENT_3D('',#3306,#2616,#2617);
#2369=AXIS2_PLACEMENT_3D('',#3307,#2618,#2619);
#2370=AXIS2_PLACEMENT_3D('',#3313,#2623,#2624);
#2371=AXIS2_PLACEMENT_3D('',#3314,#2625,#2626);
#2372=AXIS2_PLACEMENT_3D('',#3318,#2628,#2629);
#2373=AXIS2_PLACEMENT_3D('',#3319,#2630,#2631);
#2374=AXIS2_PLACEMENT_3D('',#3325,#2635,#2636);
#2375=AXIS2_PLACEMENT_3D('',#3326,#2637,#2638);
#2376=AXIS2_PLACEMENT_3D('',#3330,#2640,#2641);
#2377=AXIS2_PLACEMENT_3D('',#3331,#2642,#2643);
#2378=AXIS2_PLACEMENT_3D('',#3332,#2644,#2645);
#2379=AXIS2_PLACEMENT_3D('',#3337,#2647,#2648);
#2380=AXIS2_PLACEMENT_3D('',#3340,#2650,#2651);
#2381=AXIS2_PLACEMENT_3D('',#3346,#2655,#2656);
#2382=AXIS2_PLACEMENT_3D('',#3347,#2657,#2658);
#2383=AXIS2_PLACEMENT_3D('',#3351,#2660,#2661);
#2384=AXIS2_PLACEMENT_3D('',#3352,#2662,#2663);
#2385=AXIS2_PLACEMENT_3D('',#3358,#2667,#2668);
#2386=AXIS2_PLACEMENT_3D('',#3359,#2669,#2670);
#2387=AXIS2_PLACEMENT_3D('',#3363,#2672,#2673);
#2388=AXIS2_PLACEMENT_3D('',#3364,#2674,#2675);
#2389=AXIS2_PLACEMENT_3D('',#3370,#2679,#2680);
#2390=AXIS2_PLACEMENT_3D('',#3371,#2681,#2682);
#2391=AXIS2_PLACEMENT_3D('',#3375,#2684,#2685);
#2392=AXIS2_PLACEMENT_3D('',#3376,#2686,#2687);
#2393=AXIS2_PLACEMENT_3D('',#3377,#2688,#2689);
#2394=AXIS2_PLACEMENT_3D('',#3382,#2691,#2692);
#2395=AXIS2_PLACEMENT_3D('',#3385,#2694,#2695);
#2396=AXIS2_PLACEMENT_3D('',#3391,#2699,#2700);
#2397=AXIS2_PLACEMENT_3D('',#3392,#2701,#2702);
#2398=AXIS2_PLACEMENT_3D('',#3396,#2704,#2705);
#2399=AXIS2_PLACEMENT_3D('',#3397,#2706,#2707);
#2400=AXIS2_PLACEMENT_3D('',#3403,#2711,#2712);
#2401=AXIS2_PLACEMENT_3D('',#3404,#2713,#2714);
#2402=AXIS2_PLACEMENT_3D('',#3408,#2716,#2717);
#2403=AXIS2_PLACEMENT_3D('',#3409,#2718,#2719);
#2404=AXIS2_PLACEMENT_3D('',#3415,#2723,#2724);
#2405=AXIS2_PLACEMENT_3D('',#3416,#2725,#2726);
#2406=AXIS2_PLACEMENT_3D('',#3420,#2728,#2729);
#2407=AXIS2_PLACEMENT_3D('',#3421,#2730,#2731);
#2408=AXIS2_PLACEMENT_3D('',#3422,#2732,#2733);
#2409=AXIS2_PLACEMENT_3D('',#3427,#2735,#2736);
#2410=AXIS2_PLACEMENT_3D('',#3430,#2738,#2739);
#2411=AXIS2_PLACEMENT_3D('',#3436,#2743,#2744);
#2412=AXIS2_PLACEMENT_3D('',#3437,#2745,#2746);
#2413=AXIS2_PLACEMENT_3D('',#3441,#2748,#2749);
#2414=AXIS2_PLACEMENT_3D('',#3442,#2750,#2751);
#2415=AXIS2_PLACEMENT_3D('',#3448,#2755,#2756);
#2416=AXIS2_PLACEMENT_3D('',#3449,#2757,#2758);
#2417=AXIS2_PLACEMENT_3D('',#3453,#2760,#2761);
#2418=AXIS2_PLACEMENT_3D('',#3454,#2762,#2763);
#2419=AXIS2_PLACEMENT_3D('',#3460,#2767,#2768);
#2420=AXIS2_PLACEMENT_3D('',#3461,#2769,#2770);
#2421=AXIS2_PLACEMENT_3D('',#3465,#2772,#2773);
#2422=AXIS2_PLACEMENT_3D('',#3466,#2774,#2775);
#2423=AXIS2_PLACEMENT_3D('',#3467,#2776,#2777);
#2424=AXIS2_PLACEMENT_3D('',#3472,#2779,#2780);
#2425=AXIS2_PLACEMENT_3D('',#3475,#2782,#2783);
#2426=AXIS2_PLACEMENT_3D('',#3481,#2787,#2788);
#2427=AXIS2_PLACEMENT_3D('',#3482,#2789,#2790);
#2428=AXIS2_PLACEMENT_3D('',#3486,#2792,#2793);
#2429=AXIS2_PLACEMENT_3D('',#3487,#2794,#2795);
#2430=AXIS2_PLACEMENT_3D('',#3493,#2799,#2800);
#2431=AXIS2_PLACEMENT_3D('',#3494,#2801,#2802);
#2432=AXIS2_PLACEMENT_3D('',#3498,#2804,#2805);
#2433=AXIS2_PLACEMENT_3D('',#3499,#2806,#2807);
#2434=AXIS2_PLACEMENT_3D('',#3505,#2811,#2812);
#2435=AXIS2_PLACEMENT_3D('',#3506,#2813,#2814);
#2436=AXIS2_PLACEMENT_3D('',#3510,#2816,#2817);
#2437=AXIS2_PLACEMENT_3D('',#3511,#2818,#2819);
#2438=AXIS2_PLACEMENT_3D('',#3512,#2820,#2821);
#2439=AXIS2_PLACEMENT_3D('',#3517,#2823,#2824);
#2440=AXIS2_PLACEMENT_3D('',#3520,#2826,#2827);
#2441=AXIS2_PLACEMENT_3D('',#3526,#2831,#2832);
#2442=AXIS2_PLACEMENT_3D('',#3527,#2833,#2834);
#2443=AXIS2_PLACEMENT_3D('',#3531,#2836,#2837);
#2444=AXIS2_PLACEMENT_3D('',#3532,#2838,#2839);
#2445=AXIS2_PLACEMENT_3D('',#3538,#2843,#2844);
#2446=AXIS2_PLACEMENT_3D('',#3539,#2845,#2846);
#2447=AXIS2_PLACEMENT_3D('',#3543,#2848,#2849);
#2448=AXIS2_PLACEMENT_3D('',#3544,#2850,#2851);
#2449=AXIS2_PLACEMENT_3D('',#3550,#2855,#2856);
#2450=AXIS2_PLACEMENT_3D('',#3551,#2857,#2858);
#2451=AXIS2_PLACEMENT_3D('',#3555,#2860,#2861);
#2452=AXIS2_PLACEMENT_3D('',#3556,#2862,#2863);
#2453=AXIS2_PLACEMENT_3D('',#3557,#2864,#2865);
#2454=AXIS2_PLACEMENT_3D('',#3562,#2867,#2868);
#2455=AXIS2_PLACEMENT_3D('',#3565,#2870,#2871);
#2456=AXIS2_PLACEMENT_3D('',#3571,#2875,#2876);
#2457=AXIS2_PLACEMENT_3D('',#3572,#2877,#2878);
#2458=AXIS2_PLACEMENT_3D('',#3576,#2880,#2881);
#2459=AXIS2_PLACEMENT_3D('',#3577,#2882,#2883);
#2460=AXIS2_PLACEMENT_3D('',#3583,#2887,#2888);
#2461=AXIS2_PLACEMENT_3D('',#3584,#2889,#2890);
#2462=AXIS2_PLACEMENT_3D('',#3588,#2892,#2893);
#2463=AXIS2_PLACEMENT_3D('',#3589,#2894,#2895);
#2464=AXIS2_PLACEMENT_3D('',#3595,#2899,#2900);
#2465=AXIS2_PLACEMENT_3D('',#3596,#2901,#2902);
#2466=AXIS2_PLACEMENT_3D('',#3600,#2904,#2905);
#2467=AXIS2_PLACEMENT_3D('',#3601,#2906,#2907);
#2468=AXIS2_PLACEMENT_3D('',#3602,#2908,#2909);
#2469=AXIS2_PLACEMENT_3D('',#3607,#2911,#2912);
#2470=AXIS2_PLACEMENT_3D('',#3610,#2914,#2915);
#2471=AXIS2_PLACEMENT_3D('',#3616,#2919,#2920);
#2472=AXIS2_PLACEMENT_3D('',#3617,#2921,#2922);
#2473=AXIS2_PLACEMENT_3D('',#3621,#2924,#2925);
#2474=AXIS2_PLACEMENT_3D('',#3622,#2926,#2927);
#2475=AXIS2_PLACEMENT_3D('',#3628,#2931,#2932);
#2476=AXIS2_PLACEMENT_3D('',#3629,#2933,#2934);
#2477=AXIS2_PLACEMENT_3D('',#3633,#2936,#2937);
#2478=AXIS2_PLACEMENT_3D('',#3634,#2938,#2939);
#2479=AXIS2_PLACEMENT_3D('',#3640,#2943,#2944);
#2480=AXIS2_PLACEMENT_3D('',#3641,#2945,#2946);
#2481=AXIS2_PLACEMENT_3D('',#3645,#2948,#2949);
#2482=AXIS2_PLACEMENT_3D('',#3646,#2950,#2951);
#2483=AXIS2_PLACEMENT_3D('',#3647,#2952,#2953);
#2484=AXIS2_PLACEMENT_3D('',#3652,#2955,#2956);
#2485=AXIS2_PLACEMENT_3D('',#3655,#2958,#2959);
#2486=AXIS2_PLACEMENT_3D('',#3661,#2963,#2964);
#2487=AXIS2_PLACEMENT_3D('',#3662,#2965,#2966);
#2488=AXIS2_PLACEMENT_3D('',#3666,#2968,#2969);
#2489=AXIS2_PLACEMENT_3D('',#3667,#2970,#2971);
#2490=AXIS2_PLACEMENT_3D('',#3673,#2975,#2976);
#2491=AXIS2_PLACEMENT_3D('',#3674,#2977,#2978);
#2492=AXIS2_PLACEMENT_3D('',#3678,#2980,#2981);
#2493=AXIS2_PLACEMENT_3D('',#3679,#2982,#2983);
#2494=AXIS2_PLACEMENT_3D('',#3685,#2987,#2988);
#2495=AXIS2_PLACEMENT_3D('',#3686,#2989,#2990);
#2496=AXIS2_PLACEMENT_3D('',#3690,#2992,#2993);
#2497=AXIS2_PLACEMENT_3D('',#3691,#2994,#2995);
#2498=AXIS2_PLACEMENT_3D('',#3692,#2996,#2997);
#2499=AXIS2_PLACEMENT_3D('',#3697,#2999,#3000);
#2500=AXIS2_PLACEMENT_3D('',#3700,#3002,#3003);
#2501=AXIS2_PLACEMENT_3D('',#3706,#3007,#3008);
#2502=AXIS2_PLACEMENT_3D('',#3707,#3009,#3010);
#2503=AXIS2_PLACEMENT_3D('',#3711,#3012,#3013);
#2504=AXIS2_PLACEMENT_3D('',#3712,#3014,#3015);
#2505=AXIS2_PLACEMENT_3D('',#3718,#3019,#3020);
#2506=AXIS2_PLACEMENT_3D('',#3719,#3021,#3022);
#2507=AXIS2_PLACEMENT_3D('',#3723,#3024,#3025);
#2508=AXIS2_PLACEMENT_3D('',#3724,#3026,#3027);
#2509=AXIS2_PLACEMENT_3D('',#3730,#3031,#3032);
#2510=AXIS2_PLACEMENT_3D('',#3731,#3033,#3034);
#2511=AXIS2_PLACEMENT_3D('',#3735,#3036,#3037);
#2512=AXIS2_PLACEMENT_3D('',#3736,#3038,#3039);
#2513=AXIS2_PLACEMENT_3D('',#3737,#3040,#3041);
#2514=AXIS2_PLACEMENT_3D('',#3742,#3043,#3044);
#2515=AXIS2_PLACEMENT_3D('',#3745,#3046,#3047);
#2516=AXIS2_PLACEMENT_3D('',#3751,#3051,#3052);
#2517=AXIS2_PLACEMENT_3D('',#3752,#3053,#3054);
#2518=AXIS2_PLACEMENT_3D('',#3756,#3056,#3057);
#2519=AXIS2_PLACEMENT_3D('',#3757,#3058,#3059);
#2520=AXIS2_PLACEMENT_3D('',#3763,#3063,#3064);
#2521=AXIS2_PLACEMENT_3D('',#3764,#3065,#3066);
#2522=AXIS2_PLACEMENT_3D('',#3768,#3068,#3069);
#2523=AXIS2_PLACEMENT_3D('',#3769,#3070,#3071);
#2524=AXIS2_PLACEMENT_3D('',#3775,#3075,#3076);
#2525=AXIS2_PLACEMENT_3D('',#3776,#3077,#3078);
#2526=AXIS2_PLACEMENT_3D('',#3780,#3080,#3081);
#2527=AXIS2_PLACEMENT_3D('',#3781,#3082,#3083);
#2528=AXIS2_PLACEMENT_3D('',#3782,#3084,#3085);
#2529=AXIS2_PLACEMENT_3D('',#3787,#3087,#3088);
#2530=AXIS2_PLACEMENT_3D('',#3790,#3090,#3091);
#2531=AXIS2_PLACEMENT_3D('',#3796,#3095,#3096);
#2532=AXIS2_PLACEMENT_3D('',#3797,#3097,#3098);
#2533=AXIS2_PLACEMENT_3D('',#3801,#3100,#3101);
#2534=AXIS2_PLACEMENT_3D('',#3802,#3102,#3103);
#2535=AXIS2_PLACEMENT_3D('',#3808,#3107,#3108);
#2536=AXIS2_PLACEMENT_3D('',#3809,#3109,#3110);
#2537=AXIS2_PLACEMENT_3D('',#3813,#3112,#3113);
#2538=AXIS2_PLACEMENT_3D('',#3814,#3114,#3115);
#2539=AXIS2_PLACEMENT_3D('',#3820,#3119,#3120);
#2540=AXIS2_PLACEMENT_3D('',#3821,#3121,#3122);
#2541=AXIS2_PLACEMENT_3D('',#3825,#3124,#3125);
#2542=AXIS2_PLACEMENT_3D('',#3826,#3126,#3127);
#2543=AXIS2_PLACEMENT_3D('',#3835,#3132,#3133);
#2544=AXIS2_PLACEMENT_3D('',#3836,#3134,#3135);
#2545=AXIS2_PLACEMENT_3D('',#3840,#3137,#3138);
#2546=AXIS2_PLACEMENT_3D('',#3841,#3139,#3140);
#2547=AXIS2_PLACEMENT_3D('',#3847,#3144,#3145);
#2548=AXIS2_PLACEMENT_3D('',#3848,#3146,#3147);
#2549=AXIS2_PLACEMENT_3D('',#3852,#3149,#3150);
#2550=AXIS2_PLACEMENT_3D('',#3853,#3151,#3152);
#2551=AXIS2_PLACEMENT_3D('',#3859,#3156,#3157);
#2552=AXIS2_PLACEMENT_3D('',#3860,#3158,#3159);
#2553=AXIS2_PLACEMENT_3D('',#3864,#3161,#3162);
#2554=AXIS2_PLACEMENT_3D('',#3865,#3163,#3164);
#2555=AXIS2_PLACEMENT_3D('',#3871,#3168,#3169);
#2556=AXIS2_PLACEMENT_3D('',#3872,#3170,#3171);
#2557=AXIS2_PLACEMENT_3D('',#3876,#3173,#3174);
#2558=AXIS2_PLACEMENT_3D('',#3877,#3175,#3176);
#2559=AXIS2_PLACEMENT_3D('',#3883,#3180,#3181);
#2560=AXIS2_PLACEMENT_3D('',#3884,#3182,#3183);
#2561=AXIS2_PLACEMENT_3D('',#3888,#3185,#3186);
#2562=AXIS2_PLACEMENT_3D('',#3889,#3187,#3188);
#2563=AXIS2_PLACEMENT_3D('',#3895,#3192,#3193);
#2564=AXIS2_PLACEMENT_3D('',#3896,#3194,#3195);
#2565=AXIS2_PLACEMENT_3D('',#3900,#3197,#3198);
#2566=AXIS2_PLACEMENT_3D('',#3901,#3199,#3200);
#2567=AXIS2_PLACEMENT_3D('',#3902,#3201,#3202);
#2568=AXIS2_PLACEMENT_3D('',#3904,#3203,#3204);
#2569=AXIS2_PLACEMENT_3D('',#3906,#3205,#3206);
#2570=AXIS2_PLACEMENT_3D('',#3909,#3209,#3210);
#2571=AXIS2_PLACEMENT_3D('',#3912,#3213,#3214);
#2572=AXIS2_PLACEMENT_3D('',#3915,#3217,#3218);
#2573=AXIS2_PLACEMENT_3D('',#3918,#3221,#3222);
#2574=AXIS2_PLACEMENT_3D('',#3921,#3225,#3226);
#2575=AXIS2_PLACEMENT_3D('',#3924,#3229,#3230);
#2576=AXIS2_PLACEMENT_3D('',#3927,#3233,#3234);
#2577=AXIS2_PLACEMENT_3D('',#3930,#3237,#3238);
#2578=AXIS2_PLACEMENT_3D('',#3933,#3241,#3242);
#2579=AXIS2_PLACEMENT_3D('',#3936,#3245,#3246);
#2580=AXIS2_PLACEMENT_3D('',#3939,#3249,#3250);
#2581=AXIS2_PLACEMENT_3D('',#3942,#3253,#3254);
#2582=AXIS2_PLACEMENT_3D('',#3943,#3255,#3256);
#2583=AXIS2_PLACEMENT_3D('',#3945,#3257,#3258);
#2584=AXIS2_PLACEMENT_3D('',#3947,#3259,#3260);
#2585=AXIS2_PLACEMENT_3D('',#3948,#3261,#3262);
#2586=AXIS2_PLACEMENT_3D('',#3950,#3263,#3264);
#2587=AXIS2_PLACEMENT_3D('',#3952,#3265,#3266);
#2588=AXIS2_PLACEMENT_3D('',#3953,#3267,#3268);
#2589=AXIS2_PLACEMENT_3D('',#3955,#3269,#3270);
#2590=AXIS2_PLACEMENT_3D('',#3957,#3271,#3272);
#2591=AXIS2_PLACEMENT_3D('',#3958,#3273,#3274);
#2592=AXIS2_PLACEMENT_3D('',#3960,#3275,#3276);
#2593=AXIS2_PLACEMENT_3D('',#3962,#3277,#3278);
#2594=AXIS2_PLACEMENT_3D('',#3965,#3281,#3282);
#2595=AXIS2_PLACEMENT_3D('',#3966,#3283,#3284);
#2596=DIRECTION('',(0.,0.,1.));
#2597=DIRECTION('',(1.,0.,0.));
#2598=DIRECTION('',(0.,0.,-1.));
#2599=DIRECTION('',(-1.,0.,0.));
#2600=DIRECTION('',(0.,0.,1.));
#2601=DIRECTION('',(1.,0.,0.));
#2602=DIRECTION('',(0.,0.,-1.));
#2603=DIRECTION('',(0.,0.,1.));
#2604=DIRECTION('',(1.,0.,0.));
#2605=DIRECTION('',(0.,0.,-1.));
#2606=DIRECTION('',(1.,0.,0.));
#2607=DIRECTION('',(0.,0.,-1.));
#2608=DIRECTION('',(0.,-1.,0.));
#2609=DIRECTION('',(0.,0.,-1.));
#2610=DIRECTION('',(0.,-1.,0.));
#2611=DIRECTION('',(0.,0.,-1.));
#2612=DIRECTION('',(-1.,0.,0.));
#2613=DIRECTION('',(0.,0.,1.));
#2614=DIRECTION('',(0.,-1.,0.));
#2615=DIRECTION('',(0.,0.,-1.));
#2616=DIRECTION('',(0.,0.,1.));
#2617=DIRECTION('',(0.,-1.,0.));
#2618=DIRECTION('',(0.,1.,0.));
#2619=DIRECTION('',(0.,0.,1.));
#2620=DIRECTION('',(1.,0.,0.));
#2621=DIRECTION('',(0.,0.,-1.));
#2622=DIRECTION('',(1.,0.,0.));
#2623=DIRECTION('',(0.,0.,-1.));
#2624=DIRECTION('',(-1.,0.,0.));
#2625=DIRECTION('',(0.,0.,1.));
#2626=DIRECTION('',(-1.,0.,0.));
#2627=DIRECTION('',(0.,0.,-1.));
#2628=DIRECTION('',(0.,0.,1.));
#2629=DIRECTION('',(-1.,0.,0.));
#2630=DIRECTION('',(1.,0.,0.));
#2631=DIRECTION('',(0.,0.,-1.));
#2632=DIRECTION('',(0.,-1.,0.));
#2633=DIRECTION('',(0.,0.,-1.));
#2634=DIRECTION('',(0.,-1.,0.));
#2635=DIRECTION('',(0.,0.,-1.));
#2636=DIRECTION('',(-1.,0.,0.));
#2637=DIRECTION('',(0.,0.,1.));
#2638=DIRECTION('',(0.,1.,0.));
#2639=DIRECTION('',(0.,0.,-1.));
#2640=DIRECTION('',(0.,0.,1.));
#2641=DIRECTION('',(0.,1.,0.));
#2642=DIRECTION('',(0.,0.,-1.));
#2643=DIRECTION('',(-1.,0.,0.));
#2644=DIRECTION('',(0.,0.,1.));
#2645=DIRECTION('',(0.,1.,0.));
#2646=DIRECTION('',(0.,0.,-1.));
#2647=DIRECTION('',(0.,0.,1.));
#2648=DIRECTION('',(0.,1.,0.));
#2649=DIRECTION('',(0.,0.,-1.));
#2650=DIRECTION('',(0.,1.,0.));
#2651=DIRECTION('',(0.,0.,1.));
#2652=DIRECTION('',(1.,0.,0.));
#2653=DIRECTION('',(0.,0.,-1.));
#2654=DIRECTION('',(1.,0.,0.));
#2655=DIRECTION('',(0.,0.,-1.));
#2656=DIRECTION('',(-1.,0.,0.));
#2657=DIRECTION('',(0.,0.,1.));
#2658=DIRECTION('',(1.,0.,0.));
#2659=DIRECTION('',(0.,0.,-1.));
#2660=DIRECTION('',(0.,0.,1.));
#2661=DIRECTION('',(1.,0.,0.));
#2662=DIRECTION('',(-1.,0.,0.));
#2663=DIRECTION('',(0.,0.,1.));
#2664=DIRECTION('',(0.,1.,0.));
#2665=DIRECTION('',(0.,0.,-1.));
#2666=DIRECTION('',(0.,1.,0.));
#2667=DIRECTION('',(0.,0.,-1.));
#2668=DIRECTION('',(-1.,0.,0.));
#2669=DIRECTION('',(0.,0.,1.));
#2670=DIRECTION('',(-6.93889390390727E-15,-1.,0.));
#2671=DIRECTION('',(0.,0.,-1.));
#2672=DIRECTION('',(0.,0.,1.));
#2673=DIRECTION('',(-6.93889390390727E-15,-1.,0.));
#2674=DIRECTION('',(0.,1.,0.));
#2675=DIRECTION('',(0.,0.,1.));
#2676=DIRECTION('',(1.,0.,0.));
#2677=DIRECTION('',(0.,0.,-1.));
#2678=DIRECTION('',(1.,0.,0.));
#2679=DIRECTION('',(0.,0.,-1.));
#2680=DIRECTION('',(-1.,0.,0.));
#2681=DIRECTION('',(0.,0.,1.));
#2682=DIRECTION('',(-1.,0.,0.));
#2683=DIRECTION('',(0.,0.,-1.));
#2684=DIRECTION('',(0.,0.,1.));
#2685=DIRECTION('',(-1.,0.,0.));
#2686=DIRECTION('',(0.,0.,-1.));
#2687=DIRECTION('',(-1.,0.,0.));
#2688=DIRECTION('',(0.,0.,1.));
#2689=DIRECTION('',(1.,0.,0.));
#2690=DIRECTION('',(0.,0.,-1.));
#2691=DIRECTION('',(0.,0.,1.));
#2692=DIRECTION('',(1.,0.,0.));
#2693=DIRECTION('',(0.,0.,-1.));
#2694=DIRECTION('',(1.,0.,0.));
#2695=DIRECTION('',(0.,0.,-1.));
#2696=DIRECTION('',(0.,-1.,0.));
#2697=DIRECTION('',(0.,0.,-1.));
#2698=DIRECTION('',(0.,-1.,0.));
#2699=DIRECTION('',(0.,0.,-1.));
#2700=DIRECTION('',(-1.,0.,0.));
#2701=DIRECTION('',(0.,0.,1.));
#2702=DIRECTION('',(4.62592926927146E-15,-1.,0.));
#2703=DIRECTION('',(0.,0.,-1.));
#2704=DIRECTION('',(0.,0.,1.));
#2705=DIRECTION('',(4.62592926927146E-15,-1.,0.));
#2706=DIRECTION('',(0.,1.,0.));
#2707=DIRECTION('',(0.,0.,1.));
#2708=DIRECTION('',(1.,0.,0.));
#2709=DIRECTION('',(0.,0.,-1.));
#2710=DIRECTION('',(1.,0.,0.));
#2711=DIRECTION('',(0.,0.,-1.));
#2712=DIRECTION('',(-1.,0.,0.));
#2713=DIRECTION('',(0.,0.,1.));
#2714=DIRECTION('',(-1.,0.,0.));
#2715=DIRECTION('',(0.,0.,-1.));
#2716=DIRECTION('',(0.,0.,1.));
#2717=DIRECTION('',(-1.,0.,0.));
#2718=DIRECTION('',(1.,0.,0.));
#2719=DIRECTION('',(0.,0.,-1.));
#2720=DIRECTION('',(0.,-1.,0.));
#2721=DIRECTION('',(0.,0.,-1.));
#2722=DIRECTION('',(0.,-1.,0.));
#2723=DIRECTION('',(0.,0.,-1.));
#2724=DIRECTION('',(-1.,0.,0.));
#2725=DIRECTION('',(0.,0.,1.));
#2726=DIRECTION('',(1.38777878078146E-14,1.,2.31296463463576E-15));
#2727=DIRECTION('',(0.,0.,-1.));
#2728=DIRECTION('',(0.,0.,1.));
#2729=DIRECTION('',(1.38777878078146E-14,1.,2.31296463463576E-15));
#2730=DIRECTION('',(0.,0.,-1.));
#2731=DIRECTION('',(-1.,0.,0.));
#2732=DIRECTION('',(0.,0.,1.));
#2733=DIRECTION('',(0.,1.,0.));
#2734=DIRECTION('',(0.,0.,-1.));
#2735=DIRECTION('',(0.,0.,1.));
#2736=DIRECTION('',(0.,1.,0.));
#2737=DIRECTION('',(0.,0.,-1.));
#2738=DIRECTION('',(0.,1.,0.));
#2739=DIRECTION('',(0.,0.,1.));
#2740=DIRECTION('',(1.,0.,0.));
#2741=DIRECTION('',(0.,0.,-1.));
#2742=DIRECTION('',(1.,0.,0.));
#2743=DIRECTION('',(0.,0.,-1.));
#2744=DIRECTION('',(-1.,0.,0.));
#2745=DIRECTION('',(0.,0.,1.));
#2746=DIRECTION('',(1.,0.,0.));
#2747=DIRECTION('',(0.,0.,-1.));
#2748=DIRECTION('',(0.,0.,1.));
#2749=DIRECTION('',(1.,0.,0.));
#2750=DIRECTION('',(1.,0.,0.));
#2751=DIRECTION('',(0.,0.,-1.));
#2752=DIRECTION('',(0.,-1.,0.));
#2753=DIRECTION('',(0.,0.,-1.));
#2754=DIRECTION('',(0.,-1.,0.));
#2755=DIRECTION('',(0.,0.,-1.));
#2756=DIRECTION('',(-1.,0.,0.));
#2757=DIRECTION('',(0.,0.,1.));
#2758=DIRECTION('',(2.90518590875245E-14,-1.,0.));
#2759=DIRECTION('',(0.,0.,-1.));
#2760=DIRECTION('',(0.,0.,1.));
#2761=DIRECTION('',(2.90518590875245E-14,-1.,0.));
#2762=DIRECTION('',(0.,1.,0.));
#2763=DIRECTION('',(0.,0.,1.));
#2764=DIRECTION('',(1.,0.,0.));
#2765=DIRECTION('',(0.,0.,-1.));
#2766=DIRECTION('',(1.,0.,0.));
#2767=DIRECTION('',(0.,0.,-1.));
#2768=DIRECTION('',(-1.,0.,0.));
#2769=DIRECTION('',(0.,0.,1.));
#2770=DIRECTION('',(-1.,0.,0.));
#2771=DIRECTION('',(0.,0.,-1.));
#2772=DIRECTION('',(0.,0.,1.));
#2773=DIRECTION('',(-1.,0.,0.));
#2774=DIRECTION('',(0.,0.,-1.));
#2775=DIRECTION('',(-1.,0.,0.));
#2776=DIRECTION('',(0.,0.,1.));
#2777=DIRECTION('',(0.,1.,0.));
#2778=DIRECTION('',(0.,0.,-1.));
#2779=DIRECTION('',(0.,0.,1.));
#2780=DIRECTION('',(0.,1.,0.));
#2781=DIRECTION('',(0.,0.,-1.));
#2782=DIRECTION('',(0.,1.,0.));
#2783=DIRECTION('',(0.,0.,1.));
#2784=DIRECTION('',(1.,0.,0.));
#2785=DIRECTION('',(0.,0.,-1.));
#2786=DIRECTION('',(1.,0.,0.));
#2787=DIRECTION('',(0.,0.,-1.));
#2788=DIRECTION('',(-1.,0.,0.));
#2789=DIRECTION('',(0.,0.,1.));
#2790=DIRECTION('',(1.,0.,0.));
#2791=DIRECTION('',(0.,0.,-1.));
#2792=DIRECTION('',(0.,0.,1.));
#2793=DIRECTION('',(1.,0.,0.));
#2794=DIRECTION('',(1.,0.,0.));
#2795=DIRECTION('',(0.,0.,-1.));
#2796=DIRECTION('',(0.,-1.,0.));
#2797=DIRECTION('',(0.,0.,-1.));
#2798=DIRECTION('',(0.,-1.,0.));
#2799=DIRECTION('',(0.,0.,-1.));
#2800=DIRECTION('',(-1.,0.,0.));
#2801=DIRECTION('',(0.,0.,1.));
#2802=DIRECTION('',(2.54203767015839E-14,-1.,0.));
#2803=DIRECTION('',(0.,0.,-1.));
#2804=DIRECTION('',(0.,0.,1.));
#2805=DIRECTION('',(2.54203767015839E-14,-1.,0.));
#2806=DIRECTION('',(0.,1.,0.));
#2807=DIRECTION('',(0.,0.,1.));
#2808=DIRECTION('',(1.,0.,0.));
#2809=DIRECTION('',(0.,0.,-1.));
#2810=DIRECTION('',(1.,0.,0.));
#2811=DIRECTION('',(0.,0.,-1.));
#2812=DIRECTION('',(-1.,0.,0.));
#2813=DIRECTION('',(0.,0.,1.));
#2814=DIRECTION('',(-1.,0.,0.));
#2815=DIRECTION('',(0.,0.,-1.));
#2816=DIRECTION('',(0.,0.,1.));
#2817=DIRECTION('',(-1.,0.,0.));
#2818=DIRECTION('',(0.,0.,-1.));
#2819=DIRECTION('',(-1.,0.,0.));
#2820=DIRECTION('',(0.,0.,1.));
#2821=DIRECTION('',(0.,1.,0.));
#2822=DIRECTION('',(0.,0.,-1.));
#2823=DIRECTION('',(0.,0.,1.));
#2824=DIRECTION('',(0.,1.,0.));
#2825=DIRECTION('',(0.,0.,-1.));
#2826=DIRECTION('',(0.,1.,0.));
#2827=DIRECTION('',(0.,0.,1.));
#2828=DIRECTION('',(1.,0.,0.));
#2829=DIRECTION('',(0.,0.,-1.));
#2830=DIRECTION('',(1.,0.,0.));
#2831=DIRECTION('',(0.,0.,-1.));
#2832=DIRECTION('',(-1.,0.,0.));
#2833=DIRECTION('',(0.,0.,1.));
#2834=DIRECTION('',(1.,0.,0.));
#2835=DIRECTION('',(0.,0.,-1.));
#2836=DIRECTION('',(0.,0.,1.));
#2837=DIRECTION('',(1.,0.,0.));
#2838=DIRECTION('',(1.,0.,0.));
#2839=DIRECTION('',(0.,0.,-1.));
#2840=DIRECTION('',(0.,-1.,0.));
#2841=DIRECTION('',(0.,0.,-1.));
#2842=DIRECTION('',(0.,-1.,0.));
#2843=DIRECTION('',(0.,0.,-1.));
#2844=DIRECTION('',(-1.,0.,0.));
#2845=DIRECTION('',(0.,0.,1.));
#2846=DIRECTION('',(2.45125061050988E-14,-1.,0.));
#2847=DIRECTION('',(0.,0.,-1.));
#2848=DIRECTION('',(0.,0.,1.));
#2849=DIRECTION('',(2.45125061050988E-14,-1.,0.));
#2850=DIRECTION('',(0.,1.,0.));
#2851=DIRECTION('',(0.,0.,1.));
#2852=DIRECTION('',(1.,0.,0.));
#2853=DIRECTION('',(0.,0.,-1.));
#2854=DIRECTION('',(1.,0.,0.));
#2855=DIRECTION('',(0.,0.,-1.));
#2856=DIRECTION('',(-1.,0.,0.));
#2857=DIRECTION('',(0.,0.,1.));
#2858=DIRECTION('',(-1.,0.,0.));
#2859=DIRECTION('',(0.,0.,-1.));
#2860=DIRECTION('',(0.,0.,1.));
#2861=DIRECTION('',(-1.,0.,0.));
#2862=DIRECTION('',(0.,0.,-1.));
#2863=DIRECTION('',(-1.,0.,0.));
#2864=DIRECTION('',(0.,0.,1.));
#2865=DIRECTION('',(0.,1.,0.));
#2866=DIRECTION('',(0.,0.,-1.));
#2867=DIRECTION('',(0.,0.,1.));
#2868=DIRECTION('',(0.,1.,0.));
#2869=DIRECTION('',(0.,0.,-1.));
#2870=DIRECTION('',(0.,1.,0.));
#2871=DIRECTION('',(0.,0.,1.));
#2872=DIRECTION('',(1.,0.,0.));
#2873=DIRECTION('',(0.,0.,-1.));
#2874=DIRECTION('',(1.,0.,0.));
#2875=DIRECTION('',(0.,0.,-1.));
#2876=DIRECTION('',(-1.,0.,0.));
#2877=DIRECTION('',(0.,0.,1.));
#2878=DIRECTION('',(1.,0.,0.));
#2879=DIRECTION('',(0.,0.,-1.));
#2880=DIRECTION('',(0.,0.,1.));
#2881=DIRECTION('',(1.,0.,0.));
#2882=DIRECTION('',(1.,0.,0.));
#2883=DIRECTION('',(0.,0.,-1.));
#2884=DIRECTION('',(0.,-1.,0.));
#2885=DIRECTION('',(0.,0.,-1.));
#2886=DIRECTION('',(0.,-1.,0.));
#2887=DIRECTION('',(0.,0.,-1.));
#2888=DIRECTION('',(-1.,0.,0.));
#2889=DIRECTION('',(0.,0.,1.));
#2890=DIRECTION('',(2.17888943156434E-14,-1.,0.));
#2891=DIRECTION('',(0.,0.,-1.));
#2892=DIRECTION('',(0.,0.,1.));
#2893=DIRECTION('',(2.17888943156434E-14,-1.,0.));
#2894=DIRECTION('',(0.,1.,0.));
#2895=DIRECTION('',(0.,0.,1.));
#2896=DIRECTION('',(1.,0.,0.));
#2897=DIRECTION('',(0.,0.,-1.));
#2898=DIRECTION('',(1.,0.,0.));
#2899=DIRECTION('',(0.,0.,-1.));
#2900=DIRECTION('',(-1.,0.,0.));
#2901=DIRECTION('',(0.,0.,1.));
#2902=DIRECTION('',(-1.,0.,0.));
#2903=DIRECTION('',(0.,0.,-1.));
#2904=DIRECTION('',(0.,0.,1.));
#2905=DIRECTION('',(-1.,0.,0.));
#2906=DIRECTION('',(0.,0.,-1.));
#2907=DIRECTION('',(-1.,0.,0.));
#2908=DIRECTION('',(0.,0.,1.));
#2909=DIRECTION('',(0.,1.,0.));
#2910=DIRECTION('',(0.,0.,-1.));
#2911=DIRECTION('',(0.,0.,1.));
#2912=DIRECTION('',(0.,1.,0.));
#2913=DIRECTION('',(0.,0.,-1.));
#2914=DIRECTION('',(0.,1.,0.));
#2915=DIRECTION('',(0.,0.,1.));
#2916=DIRECTION('',(1.,0.,0.));
#2917=DIRECTION('',(0.,0.,-1.));
#2918=DIRECTION('',(1.,0.,0.));
#2919=DIRECTION('',(0.,0.,-1.));
#2920=DIRECTION('',(-1.,0.,0.));
#2921=DIRECTION('',(0.,0.,1.));
#2922=DIRECTION('',(1.,0.,0.));
#2923=DIRECTION('',(0.,0.,-1.));
#2924=DIRECTION('',(0.,0.,1.));
#2925=DIRECTION('',(1.,0.,0.));
#2926=DIRECTION('',(1.,0.,0.));
#2927=DIRECTION('',(0.,0.,-1.));
#2928=DIRECTION('',(0.,-1.,0.));
#2929=DIRECTION('',(0.,0.,-1.));
#2930=DIRECTION('',(0.,-1.,0.));
#2931=DIRECTION('',(0.,0.,-1.));
#2932=DIRECTION('',(-1.,0.,0.));
#2933=DIRECTION('',(0.,0.,1.));
#2934=DIRECTION('',(0.,-1.,0.));
#2935=DIRECTION('',(0.,0.,-1.));
#2936=DIRECTION('',(0.,0.,1.));
#2937=DIRECTION('',(0.,-1.,0.));
#2938=DIRECTION('',(0.,1.,0.));
#2939=DIRECTION('',(0.,0.,1.));
#2940=DIRECTION('',(1.,0.,0.));
#2941=DIRECTION('',(0.,0.,-1.));
#2942=DIRECTION('',(1.,0.,0.));
#2943=DIRECTION('',(0.,0.,-1.));
#2944=DIRECTION('',(-1.,0.,0.));
#2945=DIRECTION('',(0.,0.,1.));
#2946=DIRECTION('',(-1.,0.,0.));
#2947=DIRECTION('',(0.,0.,-1.));
#2948=DIRECTION('',(0.,0.,1.));
#2949=DIRECTION('',(-1.,0.,0.));
#2950=DIRECTION('',(0.,0.,-1.));
#2951=DIRECTION('',(-1.,0.,0.));
#2952=DIRECTION('',(0.,0.,1.));
#2953=DIRECTION('',(0.,1.,0.));
#2954=DIRECTION('',(0.,0.,-1.));
#2955=DIRECTION('',(0.,0.,1.));
#2956=DIRECTION('',(0.,1.,0.));
#2957=DIRECTION('',(0.,0.,-1.));
#2958=DIRECTION('',(0.,1.,0.));
#2959=DIRECTION('',(0.,0.,1.));
#2960=DIRECTION('',(1.,0.,0.));
#2961=DIRECTION('',(0.,0.,-1.));
#2962=DIRECTION('',(1.,0.,0.));
#2963=DIRECTION('',(0.,0.,-1.));
#2964=DIRECTION('',(-1.,0.,0.));
#2965=DIRECTION('',(0.,0.,1.));
#2966=DIRECTION('',(1.,0.,0.));
#2967=DIRECTION('',(0.,0.,-1.));
#2968=DIRECTION('',(0.,0.,1.));
#2969=DIRECTION('',(1.,0.,0.));
#2970=DIRECTION('',(1.,0.,0.));
#2971=DIRECTION('',(0.,0.,-1.));
#2972=DIRECTION('',(0.,-1.,0.));
#2973=DIRECTION('',(0.,0.,-1.));
#2974=DIRECTION('',(0.,-1.,0.));
#2975=DIRECTION('',(0.,0.,-1.));
#2976=DIRECTION('',(-1.,0.,0.));
#2977=DIRECTION('',(0.,0.,1.));
#2978=DIRECTION('',(0.,-1.,0.));
#2979=DIRECTION('',(0.,0.,-1.));
#2980=DIRECTION('',(0.,0.,1.));
#2981=DIRECTION('',(0.,-1.,0.));
#2982=DIRECTION('',(0.,1.,0.));
#2983=DIRECTION('',(0.,0.,1.));
#2984=DIRECTION('',(1.,0.,0.));
#2985=DIRECTION('',(0.,0.,-1.));
#2986=DIRECTION('',(1.,0.,0.));
#2987=DIRECTION('',(0.,0.,-1.));
#2988=DIRECTION('',(-1.,0.,0.));
#2989=DIRECTION('',(0.,0.,1.));
#2990=DIRECTION('',(-1.,0.,0.));
#2991=DIRECTION('',(0.,0.,-1.));
#2992=DIRECTION('',(0.,0.,1.));
#2993=DIRECTION('',(-1.,0.,0.));
#2994=DIRECTION('',(0.,0.,-1.));
#2995=DIRECTION('',(-1.,0.,0.));
#2996=DIRECTION('',(0.,0.,1.));
#2997=DIRECTION('',(-7.26296477188113E-15,1.,0.));
#2998=DIRECTION('',(0.,0.,-1.));
#2999=DIRECTION('',(0.,0.,1.));
#3000=DIRECTION('',(-7.26296477188113E-15,1.,0.));
#3001=DIRECTION('',(0.,0.,-1.));
#3002=DIRECTION('',(0.,1.,0.));
#3003=DIRECTION('',(0.,0.,1.));
#3004=DIRECTION('',(1.,0.,0.));
#3005=DIRECTION('',(0.,0.,-1.));
#3006=DIRECTION('',(1.,0.,0.));
#3007=DIRECTION('',(0.,0.,-1.));
#3008=DIRECTION('',(-1.,0.,0.));
#3009=DIRECTION('',(0.,0.,1.));
#3010=DIRECTION('',(1.,0.,0.));
#3011=DIRECTION('',(0.,0.,-1.));
#3012=DIRECTION('',(0.,0.,1.));
#3013=DIRECTION('',(1.,0.,0.));
#3014=DIRECTION('',(1.,0.,0.));
#3015=DIRECTION('',(0.,0.,-1.));
#3016=DIRECTION('',(0.,-1.,0.));
#3017=DIRECTION('',(0.,0.,-1.));
#3018=DIRECTION('',(0.,-1.,0.));
#3019=DIRECTION('',(0.,0.,-1.));
#3020=DIRECTION('',(-1.,0.,0.));
#3021=DIRECTION('',(0.,0.,1.));
#3022=DIRECTION('',(0.,-1.,0.));
#3023=DIRECTION('',(0.,0.,-1.));
#3024=DIRECTION('',(0.,0.,1.));
#3025=DIRECTION('',(0.,-1.,0.));
#3026=DIRECTION('',(0.,1.,0.));
#3027=DIRECTION('',(0.,0.,1.));
#3028=DIRECTION('',(1.,0.,0.));
#3029=DIRECTION('',(0.,0.,-1.));
#3030=DIRECTION('',(1.,0.,0.));
#3031=DIRECTION('',(0.,0.,-1.));
#3032=DIRECTION('',(-1.,0.,0.));
#3033=DIRECTION('',(0.,0.,1.));
#3034=DIRECTION('',(-1.,0.,0.));
#3035=DIRECTION('',(0.,0.,-1.));
#3036=DIRECTION('',(0.,0.,1.));
#3037=DIRECTION('',(-1.,0.,0.));
#3038=DIRECTION('',(0.,0.,-1.));
#3039=DIRECTION('',(-1.,0.,0.));
#3040=DIRECTION('',(0.,0.,1.));
#3041=DIRECTION('',(0.,1.,0.));
#3042=DIRECTION('',(0.,0.,-1.));
#3043=DIRECTION('',(0.,0.,1.));
#3044=DIRECTION('',(0.,1.,0.));
#3045=DIRECTION('',(0.,0.,-1.));
#3046=DIRECTION('',(0.,1.,0.));
#3047=DIRECTION('',(0.,0.,1.));
#3048=DIRECTION('',(1.,0.,0.));
#3049=DIRECTION('',(0.,0.,-1.));
#3050=DIRECTION('',(1.,0.,0.));
#3051=DIRECTION('',(0.,0.,-1.));
#3052=DIRECTION('',(-1.,0.,0.));
#3053=DIRECTION('',(0.,0.,1.));
#3054=DIRECTION('',(1.,0.,0.));
#3055=DIRECTION('',(0.,0.,-1.));
#3056=DIRECTION('',(0.,0.,1.));
#3057=DIRECTION('',(1.,0.,0.));
#3058=DIRECTION('',(1.,0.,0.));
#3059=DIRECTION('',(0.,0.,-1.));
#3060=DIRECTION('',(0.,-1.,0.));
#3061=DIRECTION('',(0.,0.,-1.));
#3062=DIRECTION('',(0.,-1.,0.));
#3063=DIRECTION('',(0.,0.,-1.));
#3064=DIRECTION('',(-1.,0.,0.));
#3065=DIRECTION('',(0.,0.,1.));
#3066=DIRECTION('',(0.,-1.,0.));
#3067=DIRECTION('',(0.,0.,-1.));
#3068=DIRECTION('',(0.,0.,1.));
#3069=DIRECTION('',(0.,-1.,0.));
#3070=DIRECTION('',(0.,1.,0.));
#3071=DIRECTION('',(0.,0.,1.));
#3072=DIRECTION('',(1.,0.,0.));
#3073=DIRECTION('',(0.,0.,-1.));
#3074=DIRECTION('',(1.,0.,0.));
#3075=DIRECTION('',(0.,0.,-1.));
#3076=DIRECTION('',(-1.,0.,0.));
#3077=DIRECTION('',(0.,0.,1.));
#3078=DIRECTION('',(-1.,0.,0.));
#3079=DIRECTION('',(0.,0.,-1.));
#3080=DIRECTION('',(0.,0.,1.));
#3081=DIRECTION('',(-1.,0.,0.));
#3082=DIRECTION('',(0.,0.,-1.));
#3083=DIRECTION('',(-1.,0.,0.));
#3084=DIRECTION('',(0.,0.,1.));
#3085=DIRECTION('',(0.,1.,0.));
#3086=DIRECTION('',(0.,0.,-1.));
#3087=DIRECTION('',(0.,0.,1.));
#3088=DIRECTION('',(0.,1.,0.));
#3089=DIRECTION('',(0.,0.,-1.));
#3090=DIRECTION('',(0.,1.,0.));
#3091=DIRECTION('',(0.,0.,1.));
#3092=DIRECTION('',(1.,0.,0.));
#3093=DIRECTION('',(0.,0.,-1.));
#3094=DIRECTION('',(1.,0.,0.));
#3095=DIRECTION('',(0.,0.,-1.));
#3096=DIRECTION('',(-1.,0.,0.));
#3097=DIRECTION('',(0.,0.,1.));
#3098=DIRECTION('',(1.,0.,0.));
#3099=DIRECTION('',(0.,0.,-1.));
#3100=DIRECTION('',(0.,0.,1.));
#3101=DIRECTION('',(1.,0.,0.));
#3102=DIRECTION('',(1.,0.,0.));
#3103=DIRECTION('',(0.,0.,-1.));
#3104=DIRECTION('',(0.,-1.,0.));
#3105=DIRECTION('',(0.,0.,-1.));
#3106=DIRECTION('',(0.,-1.,0.));
#3107=DIRECTION('',(0.,0.,-1.));
#3108=DIRECTION('',(-1.,0.,0.));
#3109=DIRECTION('',(0.,0.,1.));
#3110=DIRECTION('',(0.,-1.,0.));
#3111=DIRECTION('',(0.,0.,-1.));
#3112=DIRECTION('',(0.,0.,1.));
#3113=DIRECTION('',(0.,-1.,0.));
#3114=DIRECTION('',(0.,1.,0.));
#3115=DIRECTION('',(0.,0.,1.));
#3116=DIRECTION('',(1.,0.,0.));
#3117=DIRECTION('',(0.,0.,-1.));
#3118=DIRECTION('',(1.,0.,0.));
#3119=DIRECTION('',(0.,0.,-1.));
#3120=DIRECTION('',(-1.,0.,0.));
#3121=DIRECTION('',(0.,0.,1.));
#3122=DIRECTION('',(-1.,0.,0.));
#3123=DIRECTION('',(0.,0.,-1.));
#3124=DIRECTION('',(0.,0.,1.));
#3125=DIRECTION('',(-1.,0.,0.));
#3126=DIRECTION('',(1.44560289664734E-16,-1.,0.));
#3127=DIRECTION('',(1.,1.44560289664734E-16,0.));
#3128=DIRECTION('',(-1.,-1.44560289664734E-16,0.));
#3129=DIRECTION('',(0.,0.,-1.));
#3130=DIRECTION('',(-1.,-1.44560289664734E-16,0.));
#3131=DIRECTION('',(0.,0.,-1.));
#3132=DIRECTION('',(0.,0.,-1.));
#3133=DIRECTION('',(-1.,0.,0.));
#3134=DIRECTION('',(0.,0.,1.));
#3135=DIRECTION('',(0.,-1.,0.));
#3136=DIRECTION('',(0.,0.,-1.));
#3137=DIRECTION('',(0.,0.,1.));
#3138=DIRECTION('',(0.,-1.,0.));
#3139=DIRECTION('',(1.,0.,0.));
#3140=DIRECTION('',(0.,0.,-1.));
#3141=DIRECTION('',(0.,-1.,0.));
#3142=DIRECTION('',(0.,0.,-1.));
#3143=DIRECTION('',(0.,-1.,0.));
#3144=DIRECTION('',(0.,0.,-1.));
#3145=DIRECTION('',(-1.,0.,0.));
#3146=DIRECTION('',(0.,0.,1.));
#3147=DIRECTION('',(1.,0.,0.));
#3148=DIRECTION('',(0.,0.,-1.));
#3149=DIRECTION('',(0.,0.,1.));
#3150=DIRECTION('',(1.,0.,0.));
#3151=DIRECTION('',(1.54197642309049E-16,-1.,0.));
#3152=DIRECTION('',(1.,1.54197642309049E-16,0.));
#3153=DIRECTION('',(-1.,-1.54197642309049E-16,0.));
#3154=DIRECTION('',(0.,0.,-1.));
#3155=DIRECTION('',(-1.,-1.54197642309049E-16,0.));
#3156=DIRECTION('',(0.,0.,-1.));
#3157=DIRECTION('',(-1.,0.,0.));
#3158=DIRECTION('',(0.,0.,1.));
#3159=DIRECTION('',(0.,1.,0.));
#3160=DIRECTION('',(0.,0.,-1.));
#3161=DIRECTION('',(0.,0.,1.));
#3162=DIRECTION('',(0.,1.,0.));
#3163=DIRECTION('',(1.,0.,0.));
#3164=DIRECTION('',(0.,0.,-1.));
#3165=DIRECTION('',(0.,-1.,0.));
#3166=DIRECTION('',(0.,0.,-1.));
#3167=DIRECTION('',(0.,-1.,0.));
#3168=DIRECTION('',(0.,0.,-1.));
#3169=DIRECTION('',(-1.,0.,0.));
#3170=DIRECTION('',(0.,0.,1.));
#3171=DIRECTION('',(0.549511146713812,-0.835486385069961,0.));
#3172=DIRECTION('',(0.,0.,-1.));
#3173=DIRECTION('',(0.,0.,1.));
#3174=DIRECTION('',(0.549511146713812,-0.835486385069961,0.));
#3175=DIRECTION('',(0.549511146713814,-0.83548638506996,0.));
#3176=DIRECTION('',(0.83548638506996,0.549511146713814,0.));
#3177=DIRECTION('',(-0.83548638506996,-0.549511146713814,0.));
#3178=DIRECTION('',(0.,0.,-1.));
#3179=DIRECTION('',(-0.83548638506996,-0.549511146713814,0.));
#3180=DIRECTION('',(0.,0.,-1.));
#3181=DIRECTION('',(-1.,0.,0.));
#3182=DIRECTION('',(0.,0.,1.));
#3183=DIRECTION('',(-0.549511146713811,0.835486385069962,0.));
#3184=DIRECTION('',(0.,0.,-1.));
#3185=DIRECTION('',(0.,0.,1.));
#3186=DIRECTION('',(-0.549511146713811,0.835486385069962,0.));
#3187=DIRECTION('',(1.,2.9626028704491E-16,0.));
#3188=DIRECTION('',(-2.9626028704491E-16,1.,0.));
#3189=DIRECTION('',(2.9626028704491E-16,-1.,0.));
#3190=DIRECTION('',(0.,0.,-1.));
#3191=DIRECTION('',(2.9626028704491E-16,-1.,0.));
#3192=DIRECTION('',(0.,0.,-1.));
#3193=DIRECTION('',(-1.,0.,0.));
#3194=DIRECTION('',(0.,0.,1.));
#3195=DIRECTION('',(-1.,2.31296463463575E-15,0.));
#3196=DIRECTION('',(0.,0.,-1.));
#3197=DIRECTION('',(0.,0.,1.));
#3198=DIRECTION('',(-1.,2.31296463463575E-15,0.));
#3199=DIRECTION('',(0.,0.,-1.));
#3200=DIRECTION('',(-1.,0.,0.));
#3201=DIRECTION('',(0.,0.,1.));
#3202=DIRECTION('',(1.,0.,0.));
#3203=DIRECTION('',(0.,0.,1.));
#3204=DIRECTION('',(1.,0.,0.));
#3205=DIRECTION('',(-1.,0.,0.));
#3206=DIRECTION('',(0.,0.,1.));
#3207=DIRECTION('',(0.,1.,0.));
#3208=DIRECTION('',(0.,1.,0.));
#3209=DIRECTION('',(0.,1.,0.));
#3210=DIRECTION('',(0.,0.,1.));
#3211=DIRECTION('',(1.,0.,0.));
#3212=DIRECTION('',(1.,0.,0.));
#3213=DIRECTION('',(1.,0.,0.));
#3214=DIRECTION('',(0.,0.,-1.));
#3215=DIRECTION('',(0.,-1.,0.));
#3216=DIRECTION('',(0.,-1.,0.));
#3217=DIRECTION('',(1.,0.,0.));
#3218=DIRECTION('',(0.,0.,-1.));
#3219=DIRECTION('',(0.,-1.,0.));
#3220=DIRECTION('',(0.,-1.,0.));
#3221=DIRECTION('',(1.,0.,0.));
#3222=DIRECTION('',(0.,0.,-1.));
#3223=DIRECTION('',(0.,-1.,0.));
#3224=DIRECTION('',(0.,-1.,0.));
#3225=DIRECTION('',(1.,0.,0.));
#3226=DIRECTION('',(0.,0.,-1.));
#3227=DIRECTION('',(0.,-1.,0.));
#3228=DIRECTION('',(0.,-1.,0.));
#3229=DIRECTION('',(1.,0.,0.));
#3230=DIRECTION('',(0.,0.,-1.));
#3231=DIRECTION('',(0.,-1.,0.));
#3232=DIRECTION('',(0.,-1.,0.));
#3233=DIRECTION('',(1.,0.,0.));
#3234=DIRECTION('',(0.,0.,-1.));
#3235=DIRECTION('',(0.,-1.,0.));
#3236=DIRECTION('',(0.,-1.,0.));
#3237=DIRECTION('',(1.,0.,0.));
#3238=DIRECTION('',(0.,0.,-1.));
#3239=DIRECTION('',(0.,-1.,0.));
#3240=DIRECTION('',(0.,-1.,0.));
#3241=DIRECTION('',(1.,0.,0.));
#3242=DIRECTION('',(0.,0.,-1.));
#3243=DIRECTION('',(0.,-1.,0.));
#3244=DIRECTION('',(0.,-1.,0.));
#3245=DIRECTION('',(1.,0.,0.));
#3246=DIRECTION('',(0.,0.,-1.));
#3247=DIRECTION('',(0.,-1.,0.));
#3248=DIRECTION('',(0.,-1.,0.));
#3249=DIRECTION('',(-2.21571923050912E-7,0.999999999999975,0.));
#3250=DIRECTION('',(-0.999999999999976,-2.21571923050912E-7,0.));
#3251=DIRECTION('',(0.999999999999976,2.21571923050912E-7,0.));
#3252=DIRECTION('',(0.999999999999976,2.21571923050912E-7,0.));
#3253=DIRECTION('',(0.,0.,-1.));
#3254=DIRECTION('',(-1.,0.,0.));
#3255=DIRECTION('',(0.,0.,1.));
#3256=DIRECTION('',(1.,0.,0.));
#3257=DIRECTION('',(0.,0.,1.));
#3258=DIRECTION('',(1.,0.,0.));
#3259=DIRECTION('',(0.,0.,-1.));
#3260=DIRECTION('',(-1.,0.,0.));
#3261=DIRECTION('',(0.,0.,1.));
#3262=DIRECTION('',(1.,0.,0.));
#3263=DIRECTION('',(0.,0.,1.));
#3264=DIRECTION('',(1.,0.,0.));
#3265=DIRECTION('',(0.,0.,-1.));
#3266=DIRECTION('',(-1.,0.,0.));
#3267=DIRECTION('',(0.,0.,1.));
#3268=DIRECTION('',(1.,0.,0.));
#3269=DIRECTION('',(0.,0.,1.));
#3270=DIRECTION('',(1.,0.,0.));
#3271=DIRECTION('',(0.,0.,-1.));
#3272=DIRECTION('',(-1.,0.,0.));
#3273=DIRECTION('',(0.,0.,1.));
#3274=DIRECTION('',(1.,0.,0.));
#3275=DIRECTION('',(0.,0.,1.));
#3276=DIRECTION('',(1.,0.,0.));
#3277=DIRECTION('',(0.,1.,0.));
#3278=DIRECTION('',(0.,0.,1.));
#3279=DIRECTION('',(1.,0.,0.));
#3280=DIRECTION('',(1.,0.,0.));
#3281=DIRECTION('',(0.,0.,1.));
#3282=DIRECTION('',(1.,0.,0.));
#3283=DIRECTION('',(0.,0.,1.));
#3284=DIRECTION('',(1.,0.,0.));
#3285=CARTESIAN_POINT('',(0.,0.,0.));
#3286=CARTESIAN_POINT('',(-3.36771577165971,-7.30702559128245,15.));
#3287=CARTESIAN_POINT('',(-3.36771577165971,-7.30702559128245,12.));
#3288=CARTESIAN_POINT('',(-2.89002559128245,-7.30702559128245,12.));
#3289=CARTESIAN_POINT('',(-3.36771577165971,-6.82933541090518,12.));
#3290=CARTESIAN_POINT('',(-2.89002559128245,-7.30702559128245,15.));
#3291=CARTESIAN_POINT('',(-2.89002559128245,-7.30702559128245,15.));
#3292=CARTESIAN_POINT('',(-3.36771577165971,-7.30702559128245,15.));
#3293=CARTESIAN_POINT('',(-3.36771577165971,-6.82933541090518,15.));
#3294=CARTESIAN_POINT('',(-3.36771577165971,-6.82933541090518,15.));
#3295=CARTESIAN_POINT('',(-2.89002559128245,-13.5169979361869,15.));
#3296=CARTESIAN_POINT('',(-2.89002559128245,-13.5169979361869,12.));
#3297=CARTESIAN_POINT('',(-2.89002559128245,-19.7269702810913,12.));
#3298=CARTESIAN_POINT('',(-2.89002559128245,-19.7269702810913,15.));
#3299=CARTESIAN_POINT('',(-2.89002559128245,-19.7269702810913,15.));
#3300=CARTESIAN_POINT('',(-2.89002559128245,-13.5169979361869,15.));
#3301=CARTESIAN_POINT('',(-3.36771577165971,-19.7269702810913,15.));
#3302=CARTESIAN_POINT('',(-3.36771577165971,-19.7269702810913,12.));
#3303=CARTESIAN_POINT('',(-3.36771577165971,-20.2046604614686,12.));
#3304=CARTESIAN_POINT('',(-3.36771577165971,-20.2046604614686,15.));
#3305=CARTESIAN_POINT('',(-3.36771577165971,-20.2046604614686,15.));
#3306=CARTESIAN_POINT('',(-3.36771577165971,-19.7269702810913,15.));
#3307=CARTESIAN_POINT('',(-9.57768811656416,-20.2046604614686,15.));
#3308=CARTESIAN_POINT('',(-9.57768811656416,-20.2046604614686,12.));
#3309=CARTESIAN_POINT('',(-15.7876604614686,-20.2046604614686,12.));
#3310=CARTESIAN_POINT('',(-15.7876604614686,-20.2046604614686,15.));
#3311=CARTESIAN_POINT('',(-15.7876604614686,-20.2046604614686,15.));
#3312=CARTESIAN_POINT('',(-9.57768811656416,-20.2046604614686,15.));
#3313=CARTESIAN_POINT('',(-15.7876604614686,-19.7269702810913,15.));
#3314=CARTESIAN_POINT('',(-15.7876604614686,-19.7269702810913,12.));
#3315=CARTESIAN_POINT('',(-16.2653506418458,-19.7269702810913,12.));
#3316=CARTESIAN_POINT('',(-16.2653506418458,-19.7269702810913,15.));
#3317=CARTESIAN_POINT('',(-16.2653506418458,-19.7269702810913,15.));
#3318=CARTESIAN_POINT('',(-15.7876604614686,-19.7269702810913,15.));
#3319=CARTESIAN_POINT('',(-16.2653506418458,-13.5169979361869,15.));
#3320=CARTESIAN_POINT('',(-16.2653506418458,-13.5169979361869,12.));
#3321=CARTESIAN_POINT('',(-16.2653506418458,-7.30702559128245,12.));
#3322=CARTESIAN_POINT('',(-16.2653506418458,-7.30702559128245,15.));
#3323=CARTESIAN_POINT('',(-16.2653506418458,-7.30702559128245,15.));
#3324=CARTESIAN_POINT('',(-16.2653506418458,-13.5169979361869,15.));
#3325=CARTESIAN_POINT('',(-15.7876604614686,-7.30702559128245,15.));
#3326=CARTESIAN_POINT('',(-15.7876604614686,-7.30702559128245,12.));
#3327=CARTESIAN_POINT('',(-15.7876604614686,-6.82933541090518,12.));
#3328=CARTESIAN_POINT('',(-15.7876604614686,-6.82933541090518,15.));
#3329=CARTESIAN_POINT('',(-15.7876604614686,-6.82933541090518,15.));
#3330=CARTESIAN_POINT('',(-15.7876604614686,-7.30702559128245,15.));
#3331=CARTESIAN_POINT('',(2.89002559128245,32.3376809753619,15.));
#3332=CARTESIAN_POINT('',(2.89002559128245,32.3376809753619,12.));
#3333=CARTESIAN_POINT('',(2.89002559128245,33.337680975362,12.));
#3334=CARTESIAN_POINT('',(1.89002559128245,32.3376809753619,12.));
#3335=CARTESIAN_POINT('',(2.89002559128245,33.337680975362,15.));
#3336=CARTESIAN_POINT('',(2.89002559128245,33.337680975362,15.));
#3337=CARTESIAN_POINT('',(2.89002559128245,32.3376809753619,15.));
#3338=CARTESIAN_POINT('',(1.89002559128245,32.3376809753619,15.));
#3339=CARTESIAN_POINT('',(1.89002559128245,32.3376809753619,15.));
#3340=CARTESIAN_POINT('',(13.3900255912824,33.337680975362,15.));
#3341=CARTESIAN_POINT('',(13.3900255912824,33.337680975362,12.));
#3342=CARTESIAN_POINT('',(23.8900255912824,33.337680975362,12.));
#3343=CARTESIAN_POINT('',(23.8900255912824,33.337680975362,15.));
#3344=CARTESIAN_POINT('',(23.8900255912824,33.337680975362,15.));
#3345=CARTESIAN_POINT('',(13.3900255912824,33.337680975362,15.));
#3346=CARTESIAN_POINT('',(23.8900255912824,32.3376809753619,15.));
#3347=CARTESIAN_POINT('',(23.8900255912824,32.3376809753619,12.));
#3348=CARTESIAN_POINT('',(24.8900255912824,32.3376809753619,12.));
#3349=CARTESIAN_POINT('',(24.8900255912824,32.3376809753619,15.));
#3350=CARTESIAN_POINT('',(24.8900255912824,32.3376809753619,15.));
#3351=CARTESIAN_POINT('',(23.8900255912824,32.3376809753619,15.));
#3352=CARTESIAN_POINT('',(24.8900255912824,29.8376809753619,15.));
#3353=CARTESIAN_POINT('',(24.8900255912824,29.8376809753619,12.));
#3354=CARTESIAN_POINT('',(24.8900255912824,27.337680975362,12.));
#3355=CARTESIAN_POINT('',(24.8900255912824,27.337680975362,15.));
#3356=CARTESIAN_POINT('',(24.8900255912824,27.337680975362,15.));
#3357=CARTESIAN_POINT('',(24.8900255912824,29.8376809753619,15.));
#3358=CARTESIAN_POINT('',(23.8900255912824,27.337680975362,15.));
#3359=CARTESIAN_POINT('',(23.8900255912824,27.337680975362,12.));
#3360=CARTESIAN_POINT('',(23.8900255912824,26.3376809753619,12.));
#3361=CARTESIAN_POINT('',(23.8900255912824,26.3376809753619,15.));
#3362=CARTESIAN_POINT('',(23.8900255912824,26.3376809753619,15.));
#3363=CARTESIAN_POINT('',(23.8900255912824,27.337680975362,15.));
#3364=CARTESIAN_POINT('',(13.3900255912824,26.3376809753619,15.));
#3365=CARTESIAN_POINT('',(13.3900255912824,26.3376809753619,12.));
#3366=CARTESIAN_POINT('',(2.89002559128245,26.3376809753619,12.));
#3367=CARTESIAN_POINT('',(2.89002559128245,26.3376809753619,15.));
#3368=CARTESIAN_POINT('',(2.89002559128245,26.3376809753619,15.));
#3369=CARTESIAN_POINT('',(13.3900255912824,26.3376809753619,15.));
#3370=CARTESIAN_POINT('',(2.89002559128245,27.337680975362,15.));
#3371=CARTESIAN_POINT('',(2.89002559128245,27.337680975362,12.));
#3372=CARTESIAN_POINT('',(1.89002559128245,27.337680975362,12.));
#3373=CARTESIAN_POINT('',(1.89002559128245,27.337680975362,15.));
#3374=CARTESIAN_POINT('',(1.89002559128245,27.337680975362,15.));
#3375=CARTESIAN_POINT('',(2.89002559128245,27.337680975362,15.));
#3376=CARTESIAN_POINT('',(-22.1985,41.2567959427833,15.));
#3377=CARTESIAN_POINT('',(-22.1985,41.2567959427833,12.));
#3378=CARTESIAN_POINT('',(-20.6985,41.2567959427833,12.));
#3379=CARTESIAN_POINT('',(-22.1985,42.7567959427833,12.));
#3380=CARTESIAN_POINT('',(-20.6985,41.2567959427833,15.));
#3381=CARTESIAN_POINT('',(-20.6985,41.2567959427833,15.));
#3382=CARTESIAN_POINT('',(-22.1985,41.2567959427833,15.));
#3383=CARTESIAN_POINT('',(-22.1985,42.7567959427833,15.));
#3384=CARTESIAN_POINT('',(-22.1985,42.7567959427833,15.));
#3385=CARTESIAN_POINT('',(-20.6985,32.2567959427834,15.));
#3386=CARTESIAN_POINT('',(-20.6985,32.2567959427834,12.));
#3387=CARTESIAN_POINT('',(-20.6985,23.2567959427833,12.));
#3388=CARTESIAN_POINT('',(-20.6985,23.2567959427833,15.));
#3389=CARTESIAN_POINT('',(-20.6985,23.2567959427833,15.));
#3390=CARTESIAN_POINT('',(-20.6985,32.2567959427834,15.));
#3391=CARTESIAN_POINT('',(-22.1985,23.2567959427833,15.));
#3392=CARTESIAN_POINT('',(-22.1985,23.2567959427833,12.));
#3393=CARTESIAN_POINT('',(-22.1985,21.7567959427833,12.));
#3394=CARTESIAN_POINT('',(-22.1985,21.7567959427833,15.));
#3395=CARTESIAN_POINT('',(-22.1985,21.7567959427833,15.));
#3396=CARTESIAN_POINT('',(-22.1985,23.2567959427833,15.));
#3397=CARTESIAN_POINT('',(-29.1985,21.7567959427833,15.));
#3398=CARTESIAN_POINT('',(-29.1985,21.7567959427833,12.));
#3399=CARTESIAN_POINT('',(-36.1985,21.7567959427833,12.));
#3400=CARTESIAN_POINT('',(-36.1985,21.7567959427833,15.));
#3401=CARTESIAN_POINT('',(-36.1985,21.7567959427833,15.));
#3402=CARTESIAN_POINT('',(-29.1985,21.7567959427833,15.));
#3403=CARTESIAN_POINT('',(-36.1985,23.2567959427833,15.));
#3404=CARTESIAN_POINT('',(-36.1985,23.2567959427833,12.));
#3405=CARTESIAN_POINT('',(-37.6985,23.2567959427833,12.));
#3406=CARTESIAN_POINT('',(-37.6985,23.2567959427833,15.));
#3407=CARTESIAN_POINT('',(-37.6985,23.2567959427833,15.));
#3408=CARTESIAN_POINT('',(-36.1985,23.2567959427833,15.));
#3409=CARTESIAN_POINT('',(-37.6985,32.2567959427834,15.));
#3410=CARTESIAN_POINT('',(-37.6985,32.2567959427834,12.));
#3411=CARTESIAN_POINT('',(-37.6985,41.2567959427833,12.));
#3412=CARTESIAN_POINT('',(-37.6985,41.2567959427833,15.));
#3413=CARTESIAN_POINT('',(-37.6985,41.2567959427833,15.));
#3414=CARTESIAN_POINT('',(-37.6985,32.2567959427834,15.));
#3415=CARTESIAN_POINT('',(-36.1985,41.2567959427833,15.));
#3416=CARTESIAN_POINT('',(-36.1985,41.2567959427833,12.));
#3417=CARTESIAN_POINT('',(-36.1985,42.7567959427833,12.));
#3418=CARTESIAN_POINT('',(-36.1985,42.7567959427833,15.));
#3419=CARTESIAN_POINT('',(-36.1985,42.7567959427833,15.));
#3420=CARTESIAN_POINT('',(-36.1985,41.2567959427833,15.));
#3421=CARTESIAN_POINT('',(22.1900214636563,-26.3070214636562,15.));
#3422=CARTESIAN_POINT('',(22.1900214636563,-26.3070214636562,12.));
#3423=CARTESIAN_POINT('',(22.1900214636563,-25.829331283279,12.));
#3424=CARTESIAN_POINT('',(21.7123312832789,-26.3070214636562,12.));
#3425=CARTESIAN_POINT('',(22.1900214636563,-25.829331283279,15.));
#3426=CARTESIAN_POINT('',(22.1900214636563,-25.829331283279,15.));
#3427=CARTESIAN_POINT('',(22.1900214636563,-26.3070214636562,15.));
#3428=CARTESIAN_POINT('',(21.7123312832789,-26.3070214636562,15.));
#3429=CARTESIAN_POINT('',(21.7123312832789,-26.3070214636562,15.));
#3430=CARTESIAN_POINT('',(28.3999938085606,-25.829331283279,15.));
#3431=CARTESIAN_POINT('',(28.3999938085606,-25.829331283279,12.));
#3432=CARTESIAN_POINT('',(34.6099661534651,-25.829331283279,12.));
#3433=CARTESIAN_POINT('',(34.6099661534651,-25.829331283279,15.));
#3434=CARTESIAN_POINT('',(34.6099661534651,-25.829331283279,15.));
#3435=CARTESIAN_POINT('',(28.3999938085606,-25.829331283279,15.));
#3436=CARTESIAN_POINT('',(34.6099661534651,-26.3070214636562,15.));
#3437=CARTESIAN_POINT('',(34.6099661534651,-26.3070214636562,12.));
#3438=CARTESIAN_POINT('',(35.0876563338424,-26.3070214636562,12.));
#3439=CARTESIAN_POINT('',(35.0876563338424,-26.3070214636562,15.));
#3440=CARTESIAN_POINT('',(35.0876563338424,-26.3070214636562,15.));
#3441=CARTESIAN_POINT('',(34.6099661534651,-26.3070214636562,15.));
#3442=CARTESIAN_POINT('',(35.0876563338424,-32.5169938085607,15.));
#3443=CARTESIAN_POINT('',(35.0876563338424,-32.5169938085607,12.));
#3444=CARTESIAN_POINT('',(35.0876563338424,-38.7269661534651,12.));
#3445=CARTESIAN_POINT('',(35.0876563338424,-38.7269661534651,15.));
#3446=CARTESIAN_POINT('',(35.0876563338424,-38.7269661534651,15.));
#3447=CARTESIAN_POINT('',(35.0876563338424,-32.5169938085607,15.));
#3448=CARTESIAN_POINT('',(34.6099661534651,-38.7269661534651,15.));
#3449=CARTESIAN_POINT('',(34.6099661534651,-38.7269661534651,12.));
#3450=CARTESIAN_POINT('',(34.6099661534651,-39.2046563338424,12.));
#3451=CARTESIAN_POINT('',(34.6099661534651,-39.2046563338424,15.));
#3452=CARTESIAN_POINT('',(34.6099661534651,-39.2046563338424,15.));
#3453=CARTESIAN_POINT('',(34.6099661534651,-38.7269661534651,15.));
#3454=CARTESIAN_POINT('',(28.3999938085606,-39.2046563338424,15.));
#3455=CARTESIAN_POINT('',(28.3999938085606,-39.2046563338424,12.));
#3456=CARTESIAN_POINT('',(22.1900214636563,-39.2046563338424,12.));
#3457=CARTESIAN_POINT('',(22.1900214636563,-39.2046563338424,15.));
#3458=CARTESIAN_POINT('',(22.1900214636563,-39.2046563338424,15.));
#3459=CARTESIAN_POINT('',(28.3999938085606,-39.2046563338424,15.));
#3460=CARTESIAN_POINT('',(22.1900214636563,-38.7269661534651,15.));
#3461=CARTESIAN_POINT('',(22.1900214636563,-38.7269661534651,12.));
#3462=CARTESIAN_POINT('',(21.7123312832789,-38.7269661534651,12.));
#3463=CARTESIAN_POINT('',(21.7123312832789,-38.7269661534651,15.));
#3464=CARTESIAN_POINT('',(21.7123312832789,-38.7269661534651,15.));
#3465=CARTESIAN_POINT('',(22.1900214636563,-38.7269661534651,15.));
#3466=CARTESIAN_POINT('',(3.14201559128245,-26.3070214636562,15.));
#3467=CARTESIAN_POINT('',(3.14201559128245,-26.3070214636562,12.));
#3468=CARTESIAN_POINT('',(3.14201559128245,-25.829331283279,12.));
#3469=CARTESIAN_POINT('',(2.66432541090519,-26.3070214636562,12.));
#3470=CARTESIAN_POINT('',(3.14201559128245,-25.829331283279,15.));
#3471=CARTESIAN_POINT('',(3.14201559128245,-25.829331283279,15.));
#3472=CARTESIAN_POINT('',(3.14201559128245,-26.3070214636562,15.));
#3473=CARTESIAN_POINT('',(2.66432541090519,-26.3070214636562,15.));
#3474=CARTESIAN_POINT('',(2.66432541090519,-26.3070214636562,15.));
#3475=CARTESIAN_POINT('',(9.35198793618689,-25.829331283279,15.));
#3476=CARTESIAN_POINT('',(9.35198793618689,-25.829331283279,12.));
#3477=CARTESIAN_POINT('',(15.5619602810914,-25.829331283279,12.));
#3478=CARTESIAN_POINT('',(15.5619602810914,-25.829331283279,15.));
#3479=CARTESIAN_POINT('',(15.5619602810914,-25.829331283279,15.));
#3480=CARTESIAN_POINT('',(9.35198793618689,-25.829331283279,15.));
#3481=CARTESIAN_POINT('',(15.5619602810914,-26.3070214636562,15.));
#3482=CARTESIAN_POINT('',(15.5619602810914,-26.3070214636562,12.));
#3483=CARTESIAN_POINT('',(16.0396504614686,-26.3070214636562,12.));
#3484=CARTESIAN_POINT('',(16.0396504614686,-26.3070214636562,15.));
#3485=CARTESIAN_POINT('',(16.0396504614686,-26.3070214636562,15.));
#3486=CARTESIAN_POINT('',(15.5619602810914,-26.3070214636562,15.));
#3487=CARTESIAN_POINT('',(16.0396504614686,-32.5169938085607,15.));
#3488=CARTESIAN_POINT('',(16.0396504614686,-32.5169938085607,12.));
#3489=CARTESIAN_POINT('',(16.0396504614686,-38.7269661534651,12.));
#3490=CARTESIAN_POINT('',(16.0396504614686,-38.7269661534651,15.));
#3491=CARTESIAN_POINT('',(16.0396504614686,-38.7269661534651,15.));
#3492=CARTESIAN_POINT('',(16.0396504614686,-32.5169938085607,15.));
#3493=CARTESIAN_POINT('',(15.5619602810913,-38.7269661534651,15.));
#3494=CARTESIAN_POINT('',(15.5619602810913,-38.7269661534651,12.));
#3495=CARTESIAN_POINT('',(15.5619602810914,-39.2046563338424,12.));
#3496=CARTESIAN_POINT('',(15.5619602810914,-39.2046563338424,15.));
#3497=CARTESIAN_POINT('',(15.5619602810914,-39.2046563338424,15.));
#3498=CARTESIAN_POINT('',(15.5619602810913,-38.7269661534651,15.));
#3499=CARTESIAN_POINT('',(9.35198793618689,-39.2046563338424,15.));
#3500=CARTESIAN_POINT('',(9.35198793618689,-39.2046563338424,12.));
#3501=CARTESIAN_POINT('',(3.14201559128245,-39.2046563338424,12.));
#3502=CARTESIAN_POINT('',(3.14201559128245,-39.2046563338424,15.));
#3503=CARTESIAN_POINT('',(3.14201559128245,-39.2046563338424,15.));
#3504=CARTESIAN_POINT('',(9.35198793618689,-39.2046563338424,15.));
#3505=CARTESIAN_POINT('',(3.14201559128246,-38.7269661534651,15.));
#3506=CARTESIAN_POINT('',(3.14201559128246,-38.7269661534651,12.));
#3507=CARTESIAN_POINT('',(2.66432541090519,-38.7269661534651,12.));
#3508=CARTESIAN_POINT('',(2.66432541090519,-38.7269661534651,15.));
#3509=CARTESIAN_POINT('',(2.66432541090519,-38.7269661534651,15.));
#3510=CARTESIAN_POINT('',(3.14201559128246,-38.7269661534651,15.));
#3511=CARTESIAN_POINT('',(-15.7876604614686,-26.3070214636562,15.));
#3512=CARTESIAN_POINT('',(-15.7876604614686,-26.3070214636562,12.));
#3513=CARTESIAN_POINT('',(-15.7876604614686,-25.829331283279,12.));
#3514=CARTESIAN_POINT('',(-16.2653506418458,-26.3070214636562,12.));
#3515=CARTESIAN_POINT('',(-15.7876604614686,-25.829331283279,15.));
#3516=CARTESIAN_POINT('',(-15.7876604614686,-25.829331283279,15.));
#3517=CARTESIAN_POINT('',(-15.7876604614686,-26.3070214636562,15.));
#3518=CARTESIAN_POINT('',(-16.2653506418458,-26.3070214636562,15.));
#3519=CARTESIAN_POINT('',(-16.2653506418458,-26.3070214636562,15.));
#3520=CARTESIAN_POINT('',(-9.57768811656416,-25.829331283279,15.));
#3521=CARTESIAN_POINT('',(-9.57768811656416,-25.829331283279,12.));
#3522=CARTESIAN_POINT('',(-3.36771577165971,-25.829331283279,12.));
#3523=CARTESIAN_POINT('',(-3.36771577165971,-25.829331283279,15.));
#3524=CARTESIAN_POINT('',(-3.36771577165971,-25.829331283279,15.));
#3525=CARTESIAN_POINT('',(-9.57768811656416,-25.829331283279,15.));
#3526=CARTESIAN_POINT('',(-3.36771577165971,-26.3070214636562,15.));
#3527=CARTESIAN_POINT('',(-3.36771577165971,-26.3070214636562,12.));
#3528=CARTESIAN_POINT('',(-2.89002559128245,-26.3070214636562,12.));
#3529=CARTESIAN_POINT('',(-2.89002559128245,-26.3070214636562,15.));
#3530=CARTESIAN_POINT('',(-2.89002559128245,-26.3070214636562,15.));
#3531=CARTESIAN_POINT('',(-3.36771577165971,-26.3070214636562,15.));
#3532=CARTESIAN_POINT('',(-2.89002559128245,-32.5169938085607,15.));
#3533=CARTESIAN_POINT('',(-2.89002559128245,-32.5169938085607,12.));
#3534=CARTESIAN_POINT('',(-2.89002559128245,-38.7269661534651,12.));
#3535=CARTESIAN_POINT('',(-2.89002559128245,-38.7269661534651,15.));
#3536=CARTESIAN_POINT('',(-2.89002559128245,-38.7269661534651,15.));
#3537=CARTESIAN_POINT('',(-2.89002559128245,-32.5169938085607,15.));
#3538=CARTESIAN_POINT('',(-3.36771577165972,-38.7269661534651,15.));
#3539=CARTESIAN_POINT('',(-3.36771577165972,-38.7269661534651,12.));
#3540=CARTESIAN_POINT('',(-3.36771577165971,-39.2046563338424,12.));
#3541=CARTESIAN_POINT('',(-3.36771577165971,-39.2046563338424,15.));
#3542=CARTESIAN_POINT('',(-3.36771577165971,-39.2046563338424,15.));
#3543=CARTESIAN_POINT('',(-3.36771577165972,-38.7269661534651,15.));
#3544=CARTESIAN_POINT('',(-9.57768811656416,-39.2046563338424,15.));
#3545=CARTESIAN_POINT('',(-9.57768811656416,-39.2046563338424,12.));
#3546=CARTESIAN_POINT('',(-15.7876604614686,-39.2046563338424,12.));
#3547=CARTESIAN_POINT('',(-15.7876604614686,-39.2046563338424,15.));
#3548=CARTESIAN_POINT('',(-15.7876604614686,-39.2046563338424,15.));
#3549=CARTESIAN_POINT('',(-9.57768811656416,-39.2046563338424,15.));
#3550=CARTESIAN_POINT('',(-15.7876604614686,-38.7269661534651,15.));
#3551=CARTESIAN_POINT('',(-15.7876604614686,-38.7269661534651,12.));
#3552=CARTESIAN_POINT('',(-16.2653506418458,-38.7269661534651,12.));
#3553=CARTESIAN_POINT('',(-16.2653506418458,-38.7269661534651,15.));
#3554=CARTESIAN_POINT('',(-16.2653506418458,-38.7269661534651,15.));
#3555=CARTESIAN_POINT('',(-15.7876604614686,-38.7269661534651,15.));
#3556=CARTESIAN_POINT('',(-34.8414782829565,-26.3070214636562,15.));
#3557=CARTESIAN_POINT('',(-34.8414782829565,-26.3070214636562,12.));
#3558=CARTESIAN_POINT('',(-34.8414782829565,-25.829331283279,12.));
#3559=CARTESIAN_POINT('',(-35.3191684633338,-26.3070214636562,12.));
#3560=CARTESIAN_POINT('',(-34.8414782829565,-25.829331283279,15.));
#3561=CARTESIAN_POINT('',(-34.8414782829565,-25.829331283279,15.));
#3562=CARTESIAN_POINT('',(-34.8414782829565,-26.3070214636562,15.));
#3563=CARTESIAN_POINT('',(-35.3191684633338,-26.3070214636562,15.));
#3564=CARTESIAN_POINT('',(-35.3191684633338,-26.3070214636562,15.));
#3565=CARTESIAN_POINT('',(-28.6315059380521,-25.829331283279,15.));
#3566=CARTESIAN_POINT('',(-28.6315059380521,-25.829331283279,12.));
#3567=CARTESIAN_POINT('',(-22.4215335931476,-25.829331283279,12.));
#3568=CARTESIAN_POINT('',(-22.4215335931476,-25.829331283279,15.));
#3569=CARTESIAN_POINT('',(-22.4215335931476,-25.829331283279,15.));
#3570=CARTESIAN_POINT('',(-28.6315059380521,-25.829331283279,15.));
#3571=CARTESIAN_POINT('',(-22.4215335931476,-26.3070214636562,15.));
#3572=CARTESIAN_POINT('',(-22.4215335931476,-26.3070214636562,12.));
#3573=CARTESIAN_POINT('',(-21.9438434127703,-26.3070214636562,12.));
#3574=CARTESIAN_POINT('',(-21.9438434127703,-26.3070214636562,15.));
#3575=CARTESIAN_POINT('',(-21.9438434127703,-26.3070214636562,15.));
#3576=CARTESIAN_POINT('',(-22.4215335931476,-26.3070214636562,15.));
#3577=CARTESIAN_POINT('',(-21.9438434127703,-32.5169938085607,15.));
#3578=CARTESIAN_POINT('',(-21.9438434127703,-32.5169938085607,12.));
#3579=CARTESIAN_POINT('',(-21.9438434127703,-38.7269661534651,12.));
#3580=CARTESIAN_POINT('',(-21.9438434127703,-38.7269661534651,15.));
#3581=CARTESIAN_POINT('',(-21.9438434127703,-38.7269661534651,15.));
#3582=CARTESIAN_POINT('',(-21.9438434127703,-32.5169938085607,15.));
#3583=CARTESIAN_POINT('',(-22.4215335931476,-38.7269661534651,15.));
#3584=CARTESIAN_POINT('',(-22.4215335931476,-38.7269661534651,12.));
#3585=CARTESIAN_POINT('',(-22.4215335931476,-39.2046563338424,12.));
#3586=CARTESIAN_POINT('',(-22.4215335931476,-39.2046563338424,15.));
#3587=CARTESIAN_POINT('',(-22.4215335931476,-39.2046563338424,15.));
#3588=CARTESIAN_POINT('',(-22.4215335931476,-38.7269661534651,15.));
#3589=CARTESIAN_POINT('',(-28.6315059380521,-39.2046563338424,15.));
#3590=CARTESIAN_POINT('',(-28.6315059380521,-39.2046563338424,12.));
#3591=CARTESIAN_POINT('',(-34.8414782829565,-39.2046563338424,12.));
#3592=CARTESIAN_POINT('',(-34.8414782829565,-39.2046563338424,15.));
#3593=CARTESIAN_POINT('',(-34.8414782829565,-39.2046563338424,15.));
#3594=CARTESIAN_POINT('',(-28.6315059380521,-39.2046563338424,15.));
#3595=CARTESIAN_POINT('',(-34.8414782829564,-38.7269661534651,15.));
#3596=CARTESIAN_POINT('',(-34.8414782829564,-38.7269661534651,12.));
#3597=CARTESIAN_POINT('',(-35.3191684633338,-38.7269661534651,12.));
#3598=CARTESIAN_POINT('',(-35.3191684633338,-38.7269661534651,15.));
#3599=CARTESIAN_POINT('',(-35.3191684633338,-38.7269661534651,15.));
#3600=CARTESIAN_POINT('',(-34.8414782829564,-38.7269661534651,15.));
#3601=CARTESIAN_POINT('',(22.1900214636563,-7.30702559128245,15.));
#3602=CARTESIAN_POINT('',(22.1900214636563,-7.30702559128245,12.));
#3603=CARTESIAN_POINT('',(22.1900214636563,-6.82933541090518,12.));
#3604=CARTESIAN_POINT('',(21.7123312832789,-7.30702559128245,12.));
#3605=CARTESIAN_POINT('',(22.1900214636563,-6.82933541090518,15.));
#3606=CARTESIAN_POINT('',(22.1900214636563,-6.82933541090518,15.));
#3607=CARTESIAN_POINT('',(22.1900214636563,-7.30702559128245,15.));
#3608=CARTESIAN_POINT('',(21.7123312832789,-7.30702559128245,15.));
#3609=CARTESIAN_POINT('',(21.7123312832789,-7.30702559128245,15.));
#3610=CARTESIAN_POINT('',(28.3999938085606,-6.82933541090518,15.));
#3611=CARTESIAN_POINT('',(28.3999938085606,-6.82933541090518,12.));
#3612=CARTESIAN_POINT('',(34.6099661534651,-6.82933541090518,12.));
#3613=CARTESIAN_POINT('',(34.6099661534651,-6.82933541090518,15.));
#3614=CARTESIAN_POINT('',(34.6099661534651,-6.82933541090518,15.));
#3615=CARTESIAN_POINT('',(28.3999938085606,-6.82933541090518,15.));
#3616=CARTESIAN_POINT('',(34.6099661534651,-7.30702559128245,15.));
#3617=CARTESIAN_POINT('',(34.6099661534651,-7.30702559128245,12.));
#3618=CARTESIAN_POINT('',(35.0876563338424,-7.30702559128245,12.));
#3619=CARTESIAN_POINT('',(35.0876563338424,-7.30702559128245,15.));
#3620=CARTESIAN_POINT('',(35.0876563338424,-7.30702559128245,15.));
#3621=CARTESIAN_POINT('',(34.6099661534651,-7.30702559128245,15.));
#3622=CARTESIAN_POINT('',(35.0876563338424,-13.5169979361869,15.));
#3623=CARTESIAN_POINT('',(35.0876563338424,-13.5169979361869,12.));
#3624=CARTESIAN_POINT('',(35.0876563338424,-19.7269702810913,12.));
#3625=CARTESIAN_POINT('',(35.0876563338424,-19.7269702810913,15.));
#3626=CARTESIAN_POINT('',(35.0876563338424,-19.7269702810913,15.));
#3627=CARTESIAN_POINT('',(35.0876563338424,-13.5169979361869,15.));
#3628=CARTESIAN_POINT('',(34.6099661534651,-19.7269702810913,15.));
#3629=CARTESIAN_POINT('',(34.6099661534651,-19.7269702810913,12.));
#3630=CARTESIAN_POINT('',(34.6099661534651,-20.2046604614686,12.));
#3631=CARTESIAN_POINT('',(34.6099661534651,-20.2046604614686,15.));
#3632=CARTESIAN_POINT('',(34.6099661534651,-20.2046604614686,15.));
#3633=CARTESIAN_POINT('',(34.6099661534651,-19.7269702810913,15.));
#3634=CARTESIAN_POINT('',(28.3999938085606,-20.2046604614686,15.));
#3635=CARTESIAN_POINT('',(28.3999938085606,-20.2046604614686,12.));
#3636=CARTESIAN_POINT('',(22.1900214636563,-20.2046604614686,12.));
#3637=CARTESIAN_POINT('',(22.1900214636563,-20.2046604614686,15.));
#3638=CARTESIAN_POINT('',(22.1900214636563,-20.2046604614686,15.));
#3639=CARTESIAN_POINT('',(28.3999938085606,-20.2046604614686,15.));
#3640=CARTESIAN_POINT('',(22.1900214636563,-19.7269702810913,15.));
#3641=CARTESIAN_POINT('',(22.1900214636563,-19.7269702810913,12.));
#3642=CARTESIAN_POINT('',(21.7123312832789,-19.7269702810913,12.));
#3643=CARTESIAN_POINT('',(21.7123312832789,-19.7269702810913,15.));
#3644=CARTESIAN_POINT('',(21.7123312832789,-19.7269702810913,15.));
#3645=CARTESIAN_POINT('',(22.1900214636563,-19.7269702810913,15.));
#3646=CARTESIAN_POINT('',(3.14102559128245,-7.30702559128245,15.));
#3647=CARTESIAN_POINT('',(3.14102559128245,-7.30702559128245,12.));
#3648=CARTESIAN_POINT('',(3.14102559128245,-6.82933541090518,12.));
#3649=CARTESIAN_POINT('',(2.66333541090518,-7.30702559128245,12.));
#3650=CARTESIAN_POINT('',(3.14102559128245,-6.82933541090518,15.));
#3651=CARTESIAN_POINT('',(3.14102559128245,-6.82933541090518,15.));
#3652=CARTESIAN_POINT('',(3.14102559128245,-7.30702559128245,15.));
#3653=CARTESIAN_POINT('',(2.66333541090518,-7.30702559128245,15.));
#3654=CARTESIAN_POINT('',(2.66333541090518,-7.30702559128245,15.));
#3655=CARTESIAN_POINT('',(9.35099793618689,-6.82933541090518,15.));
#3656=CARTESIAN_POINT('',(9.35099793618689,-6.82933541090518,12.));
#3657=CARTESIAN_POINT('',(15.5609702810913,-6.82933541090518,12.));
#3658=CARTESIAN_POINT('',(15.5609702810913,-6.82933541090518,15.));
#3659=CARTESIAN_POINT('',(15.5609702810913,-6.82933541090518,15.));
#3660=CARTESIAN_POINT('',(9.35099793618689,-6.82933541090518,15.));
#3661=CARTESIAN_POINT('',(15.5609702810913,-7.30702559128245,15.));
#3662=CARTESIAN_POINT('',(15.5609702810913,-7.30702559128245,12.));
#3663=CARTESIAN_POINT('',(16.0386604614686,-7.30702559128245,12.));
#3664=CARTESIAN_POINT('',(16.0386604614686,-7.30702559128245,15.));
#3665=CARTESIAN_POINT('',(16.0386604614686,-7.30702559128245,15.));
#3666=CARTESIAN_POINT('',(15.5609702810913,-7.30702559128245,15.));
#3667=CARTESIAN_POINT('',(16.0386604614686,-13.5169979361869,15.));
#3668=CARTESIAN_POINT('',(16.0386604614686,-13.5169979361869,12.));
#3669=CARTESIAN_POINT('',(16.0386604614686,-19.7269702810913,12.));
#3670=CARTESIAN_POINT('',(16.0386604614686,-19.7269702810913,15.));
#3671=CARTESIAN_POINT('',(16.0386604614686,-19.7269702810913,15.));
#3672=CARTESIAN_POINT('',(16.0386604614686,-13.5169979361869,15.));
#3673=CARTESIAN_POINT('',(15.5609702810913,-19.7269702810913,15.));
#3674=CARTESIAN_POINT('',(15.5609702810913,-19.7269702810913,12.));
#3675=CARTESIAN_POINT('',(15.5609702810913,-20.2046604614686,12.));
#3676=CARTESIAN_POINT('',(15.5609702810913,-20.2046604614686,15.));
#3677=CARTESIAN_POINT('',(15.5609702810913,-20.2046604614686,15.));
#3678=CARTESIAN_POINT('',(15.5609702810913,-19.7269702810913,15.));
#3679=CARTESIAN_POINT('',(9.35099793618689,-20.2046604614686,15.));
#3680=CARTESIAN_POINT('',(9.35099793618689,-20.2046604614686,12.));
#3681=CARTESIAN_POINT('',(3.14102559128245,-20.2046604614686,12.));
#3682=CARTESIAN_POINT('',(3.14102559128245,-20.2046604614686,15.));
#3683=CARTESIAN_POINT('',(3.14102559128245,-20.2046604614686,15.));
#3684=CARTESIAN_POINT('',(9.35099793618689,-20.2046604614686,15.));
#3685=CARTESIAN_POINT('',(3.14102559128245,-19.7269702810913,15.));
#3686=CARTESIAN_POINT('',(3.14102559128245,-19.7269702810913,12.));
#3687=CARTESIAN_POINT('',(2.66333541090518,-19.7269702810913,12.));
#3688=CARTESIAN_POINT('',(2.66333541090518,-19.7269702810913,15.));
#3689=CARTESIAN_POINT('',(2.66333541090518,-19.7269702810913,15.));
#3690=CARTESIAN_POINT('',(3.14102559128245,-19.7269702810913,15.));
#3691=CARTESIAN_POINT('',(22.1900214636563,11.6706604614686,15.));
#3692=CARTESIAN_POINT('',(22.1900214636563,11.6706604614686,12.));
#3693=CARTESIAN_POINT('',(22.1900214636563,12.1483506418459,12.));
#3694=CARTESIAN_POINT('',(21.7123312832789,11.6706604614686,12.));
#3695=CARTESIAN_POINT('',(22.1900214636563,12.1483506418459,15.));
#3696=CARTESIAN_POINT('',(22.1900214636563,12.1483506418459,15.));
#3697=CARTESIAN_POINT('',(22.1900214636563,11.6706604614686,15.));
#3698=CARTESIAN_POINT('',(21.7123312832789,11.6706604614686,15.));
#3699=CARTESIAN_POINT('',(21.7123312832789,11.6706604614686,15.));
#3700=CARTESIAN_POINT('',(28.3999938085606,12.1483506418459,15.));
#3701=CARTESIAN_POINT('',(28.3999938085606,12.1483506418459,12.));
#3702=CARTESIAN_POINT('',(34.6099661534651,12.1483506418459,12.));
#3703=CARTESIAN_POINT('',(34.6099661534651,12.1483506418459,15.));
#3704=CARTESIAN_POINT('',(34.6099661534651,12.1483506418459,15.));
#3705=CARTESIAN_POINT('',(28.3999938085606,12.1483506418459,15.));
#3706=CARTESIAN_POINT('',(34.6099661534651,11.6706604614686,15.));
#3707=CARTESIAN_POINT('',(34.6099661534651,11.6706604614686,12.));
#3708=CARTESIAN_POINT('',(35.0876563338424,11.6706604614686,12.));
#3709=CARTESIAN_POINT('',(35.0876563338424,11.6706604614686,15.));
#3710=CARTESIAN_POINT('',(35.0876563338424,11.6706604614686,15.));
#3711=CARTESIAN_POINT('',(34.6099661534651,11.6706604614686,15.));
#3712=CARTESIAN_POINT('',(35.0876563338424,5.46068811656416,15.));
#3713=CARTESIAN_POINT('',(35.0876563338424,5.46068811656416,12.));
#3714=CARTESIAN_POINT('',(35.0876563338424,-0.749284228340282,12.));
#3715=CARTESIAN_POINT('',(35.0876563338424,-0.749284228340282,15.));
#3716=CARTESIAN_POINT('',(35.0876563338424,-0.749284228340282,15.));
#3717=CARTESIAN_POINT('',(35.0876563338424,5.46068811656416,15.));
#3718=CARTESIAN_POINT('',(34.6099661534651,-0.749284228340282,15.));
#3719=CARTESIAN_POINT('',(34.6099661534651,-0.749284228340282,12.));
#3720=CARTESIAN_POINT('',(34.6099661534651,-1.22697440871755,12.));
#3721=CARTESIAN_POINT('',(34.6099661534651,-1.22697440871755,15.));
#3722=CARTESIAN_POINT('',(34.6099661534651,-1.22697440871755,15.));
#3723=CARTESIAN_POINT('',(34.6099661534651,-0.749284228340282,15.));
#3724=CARTESIAN_POINT('',(28.3999938085606,-1.22697440871755,15.));
#3725=CARTESIAN_POINT('',(28.3999938085606,-1.22697440871755,12.));
#3726=CARTESIAN_POINT('',(22.1900214636563,-1.22697440871755,12.));
#3727=CARTESIAN_POINT('',(22.1900214636563,-1.22697440871755,15.));
#3728=CARTESIAN_POINT('',(22.1900214636563,-1.22697440871755,15.));
#3729=CARTESIAN_POINT('',(28.3999938085606,-1.22697440871755,15.));
#3730=CARTESIAN_POINT('',(22.1900214636563,-0.749284228340282,15.));
#3731=CARTESIAN_POINT('',(22.1900214636563,-0.749284228340282,12.));
#3732=CARTESIAN_POINT('',(21.7123312832789,-0.749284228340282,12.));
#3733=CARTESIAN_POINT('',(21.7123312832789,-0.749284228340282,15.));
#3734=CARTESIAN_POINT('',(21.7123312832789,-0.749284228340282,15.));
#3735=CARTESIAN_POINT('',(22.1900214636563,-0.749284228340282,15.));
#3736=CARTESIAN_POINT('',(3.19002559128245,11.6706602810913,15.));
#3737=CARTESIAN_POINT('',(3.19002559128245,11.6706602810913,12.));
#3738=CARTESIAN_POINT('',(3.19002559128245,12.1483504614686,12.));
#3739=CARTESIAN_POINT('',(2.71233541090518,11.6706602810913,12.));
#3740=CARTESIAN_POINT('',(3.19002559128245,12.1483504614686,15.));
#3741=CARTESIAN_POINT('',(3.19002559128245,12.1483504614686,15.));
#3742=CARTESIAN_POINT('',(3.19002559128245,11.6706602810913,15.));
#3743=CARTESIAN_POINT('',(2.71233541090518,11.6706602810913,15.));
#3744=CARTESIAN_POINT('',(2.71233541090518,11.6706602810913,15.));
#3745=CARTESIAN_POINT('',(9.39999793618689,12.1483504614686,15.));
#3746=CARTESIAN_POINT('',(9.39999793618689,12.1483504614686,12.));
#3747=CARTESIAN_POINT('',(15.6099702810913,12.1483504614686,12.));
#3748=CARTESIAN_POINT('',(15.6099702810913,12.1483504614686,15.));
#3749=CARTESIAN_POINT('',(15.6099702810913,12.1483504614686,15.));
#3750=CARTESIAN_POINT('',(9.39999793618689,12.1483504614686,15.));
#3751=CARTESIAN_POINT('',(15.6099702810913,11.6706602810913,15.));
#3752=CARTESIAN_POINT('',(15.6099702810913,11.6706602810913,12.));
#3753=CARTESIAN_POINT('',(16.0876604614686,11.6706602810913,12.));
#3754=CARTESIAN_POINT('',(16.0876604614686,11.6706602810913,15.));
#3755=CARTESIAN_POINT('',(16.0876604614686,11.6706602810913,15.));
#3756=CARTESIAN_POINT('',(15.6099702810913,11.6706602810913,15.));
#3757=CARTESIAN_POINT('',(16.0876604614686,5.4606879361869,15.));
#3758=CARTESIAN_POINT('',(16.0876604614686,5.4606879361869,12.));
#3759=CARTESIAN_POINT('',(16.0876604614686,-0.749284408717546,12.));
#3760=CARTESIAN_POINT('',(16.0876604614686,-0.749284408717546,15.));
#3761=CARTESIAN_POINT('',(16.0876604614686,-0.749284408717546,15.));
#3762=CARTESIAN_POINT('',(16.0876604614686,5.4606879361869,15.));
#3763=CARTESIAN_POINT('',(15.6099702810913,-0.749284408717546,15.));
#3764=CARTESIAN_POINT('',(15.6099702810913,-0.749284408717546,12.));
#3765=CARTESIAN_POINT('',(15.6099702810913,-1.22697458909481,12.));
#3766=CARTESIAN_POINT('',(15.6099702810913,-1.22697458909481,15.));
#3767=CARTESIAN_POINT('',(15.6099702810913,-1.22697458909481,15.));
#3768=CARTESIAN_POINT('',(15.6099702810913,-0.749284408717546,15.));
#3769=CARTESIAN_POINT('',(9.39999793618689,-1.22697458909481,15.));
#3770=CARTESIAN_POINT('',(9.39999793618689,-1.22697458909481,12.));
#3771=CARTESIAN_POINT('',(3.19002559128245,-1.22697458909481,12.));
#3772=CARTESIAN_POINT('',(3.19002559128245,-1.22697458909481,15.));
#3773=CARTESIAN_POINT('',(3.19002559128245,-1.22697458909481,15.));
#3774=CARTESIAN_POINT('',(9.39999793618689,-1.22697458909481,15.));
#3775=CARTESIAN_POINT('',(3.19002559128245,-0.749284408717546,15.));
#3776=CARTESIAN_POINT('',(3.19002559128245,-0.749284408717546,12.));
#3777=CARTESIAN_POINT('',(2.71233541090518,-0.749284408717546,12.));
#3778=CARTESIAN_POINT('',(2.71233541090518,-0.749284408717546,15.));
#3779=CARTESIAN_POINT('',(2.71233541090518,-0.749284408717546,15.));
#3780=CARTESIAN_POINT('',(3.19002559128245,-0.749284408717546,15.));
#3781=CARTESIAN_POINT('',(-15.8099702810913,11.7606604614686,15.));
#3782=CARTESIAN_POINT('',(-15.8099702810913,11.7606604614686,12.));
#3783=CARTESIAN_POINT('',(-15.8099702810913,12.2383506418459,12.));
#3784=CARTESIAN_POINT('',(-16.2876604614686,11.7606604614686,12.));
#3785=CARTESIAN_POINT('',(-15.8099702810913,12.2383506418459,15.));
#3786=CARTESIAN_POINT('',(-15.8099702810913,12.2383506418459,15.));
#3787=CARTESIAN_POINT('',(-15.8099702810913,11.7606604614686,15.));
#3788=CARTESIAN_POINT('',(-16.2876604614686,11.7606604614686,15.));
#3789=CARTESIAN_POINT('',(-16.2876604614686,11.7606604614686,15.));
#3790=CARTESIAN_POINT('',(-9.59999793618689,12.2383506418459,15.));
#3791=CARTESIAN_POINT('',(-9.59999793618689,12.2383506418459,12.));
#3792=CARTESIAN_POINT('',(-3.39002559128245,12.2383506418459,12.));
#3793=CARTESIAN_POINT('',(-3.39002559128245,12.2383506418459,15.));
#3794=CARTESIAN_POINT('',(-3.39002559128245,12.2383506418459,15.));
#3795=CARTESIAN_POINT('',(-9.59999793618689,12.2383506418459,15.));
#3796=CARTESIAN_POINT('',(-3.39002559128245,11.7606604614686,15.));
#3797=CARTESIAN_POINT('',(-3.39002559128245,11.7606604614686,12.));
#3798=CARTESIAN_POINT('',(-2.91233541090519,11.7606604614686,12.));
#3799=CARTESIAN_POINT('',(-2.91233541090519,11.7606604614686,15.));
#3800=CARTESIAN_POINT('',(-2.91233541090519,11.7606604614686,15.));
#3801=CARTESIAN_POINT('',(-3.39002559128245,11.7606604614686,15.));
#3802=CARTESIAN_POINT('',(-2.91233541090519,5.55068811656416,15.));
#3803=CARTESIAN_POINT('',(-2.91233541090519,5.55068811656416,12.));
#3804=CARTESIAN_POINT('',(-2.91233541090519,-0.65928422834028,12.));
#3805=CARTESIAN_POINT('',(-2.91233541090519,-0.65928422834028,15.));
#3806=CARTESIAN_POINT('',(-2.91233541090519,-0.65928422834028,15.));
#3807=CARTESIAN_POINT('',(-2.91233541090519,5.55068811656416,15.));
#3808=CARTESIAN_POINT('',(-3.39002559128245,-0.65928422834028,15.));
#3809=CARTESIAN_POINT('',(-3.39002559128245,-0.65928422834028,12.));
#3810=CARTESIAN_POINT('',(-3.39002559128245,-1.13697440871754,12.));
#3811=CARTESIAN_POINT('',(-3.39002559128245,-1.13697440871754,15.));
#3812=CARTESIAN_POINT('',(-3.39002559128245,-1.13697440871754,15.));
#3813=CARTESIAN_POINT('',(-3.39002559128245,-0.65928422834028,15.));
#3814=CARTESIAN_POINT('',(-9.59999793618689,-1.13697440871754,15.));
#3815=CARTESIAN_POINT('',(-9.59999793618689,-1.13697440871754,12.));
#3816=CARTESIAN_POINT('',(-15.8099702810913,-1.13697440871754,12.));
#3817=CARTESIAN_POINT('',(-15.8099702810913,-1.13697440871754,15.));
#3818=CARTESIAN_POINT('',(-15.8099702810913,-1.13697440871754,15.));
#3819=CARTESIAN_POINT('',(-9.59999793618689,-1.13697440871754,15.));
#3820=CARTESIAN_POINT('',(-15.8099702810913,-0.65928422834028,15.));
#3821=CARTESIAN_POINT('',(-15.8099702810913,-0.65928422834028,12.));
#3822=CARTESIAN_POINT('',(-16.2876604614686,-0.65928422834028,12.));
#3823=CARTESIAN_POINT('',(-16.2876604614686,-0.65928422834028,15.));
#3824=CARTESIAN_POINT('',(-16.2876604614686,-0.65928422834028,15.));
#3825=CARTESIAN_POINT('',(-15.8099702810913,-0.65928422834028,15.));
#3826=CARTESIAN_POINT('',(-3.,-55.,15.));
#3827=CARTESIAN_POINT('',(-3.,-55.,12.));
#3828=CARTESIAN_POINT('',(45.,-55.,12.));
#3829=CARTESIAN_POINT('',(-51.,-55.,12.));
#3830=CARTESIAN_POINT('',(45.,-55.,15.));
#3831=CARTESIAN_POINT('',(45.,-55.,15.));
#3832=CARTESIAN_POINT('',(-3.,-55.,15.));
#3833=CARTESIAN_POINT('',(-51.,-55.,15.));
#3834=CARTESIAN_POINT('',(-51.,-55.,15.));
#3835=CARTESIAN_POINT('',(45.,-49.,15.));
#3836=CARTESIAN_POINT('',(45.,-49.,12.));
#3837=CARTESIAN_POINT('',(51.,-49.,12.));
#3838=CARTESIAN_POINT('',(51.,-49.,15.));
#3839=CARTESIAN_POINT('',(51.,-49.,15.));
#3840=CARTESIAN_POINT('',(45.,-49.,15.));
#3841=CARTESIAN_POINT('',(51.,6.93889390390723E-15,15.));
#3842=CARTESIAN_POINT('',(51.,6.93889390390723E-15,12.));
#3843=CARTESIAN_POINT('',(51.,49.,12.));
#3844=CARTESIAN_POINT('',(51.,49.,15.));
#3845=CARTESIAN_POINT('',(51.,49.,15.));
#3846=CARTESIAN_POINT('',(51.,6.93889390390723E-15,15.));
#3847=CARTESIAN_POINT('',(45.,49.,15.));
#3848=CARTESIAN_POINT('',(45.,49.,12.));
#3849=CARTESIAN_POINT('',(45.,55.,12.));
#3850=CARTESIAN_POINT('',(45.,55.,15.));
#3851=CARTESIAN_POINT('',(45.,55.,15.));
#3852=CARTESIAN_POINT('',(45.,49.,15.));
#3853=CARTESIAN_POINT('',(0.,55.,15.));
#3854=CARTESIAN_POINT('',(0.,55.,12.));
#3855=CARTESIAN_POINT('',(-45.,55.,12.));
#3856=CARTESIAN_POINT('',(-45.,55.,15.));
#3857=CARTESIAN_POINT('',(-45.,55.,15.));
#3858=CARTESIAN_POINT('',(0.,55.,15.));
#3859=CARTESIAN_POINT('',(-45.,49.,15.));
#3860=CARTESIAN_POINT('',(-45.,49.,12.));
#3861=CARTESIAN_POINT('',(-51.,49.,12.));
#3862=CARTESIAN_POINT('',(-51.,49.,15.));
#3863=CARTESIAN_POINT('',(-51.,49.,15.));
#3864=CARTESIAN_POINT('',(-45.,49.,15.));
#3865=CARTESIAN_POINT('',(-51.,28.5973606209174,15.));
#3866=CARTESIAN_POINT('',(-51.,28.5973606209174,12.));
#3867=CARTESIAN_POINT('',(-51.,8.19472124183493,12.));
#3868=CARTESIAN_POINT('',(-51.,8.19472124183493,15.));
#3869=CARTESIAN_POINT('',(-51.,8.19472124183493,15.));
#3870=CARTESIAN_POINT('',(-51.,28.5973606209174,15.));
#3871=CARTESIAN_POINT('',(-54.,8.19472124183493,15.));
#3872=CARTESIAN_POINT('',(-54.,8.19472124183493,12.));
#3873=CARTESIAN_POINT('',(-52.3514665598586,5.68826208662505,12.));
#3874=CARTESIAN_POINT('',(-52.3514665598586,5.68826208662505,15.));
#3875=CARTESIAN_POINT('',(-52.3514665598586,5.68826208662505,15.));
#3876=CARTESIAN_POINT('',(-54.,8.19472124183493,15.));
#3877=CARTESIAN_POINT('',(-55.7747555733569,3.43671675332468,15.));
#3878=CARTESIAN_POINT('',(-55.7747555733569,3.43671675332468,12.));
#3879=CARTESIAN_POINT('',(-59.1980445868552,1.1851714200243,12.));
#3880=CARTESIAN_POINT('',(-59.1980445868552,1.1851714200243,15.));
#3881=CARTESIAN_POINT('',(-59.1980445868552,1.1851714200243,15.));
#3882=CARTESIAN_POINT('',(-55.7747555733569,3.43671675332468,15.));
#3883=CARTESIAN_POINT('',(-57.,-2.15677412025555,15.));
#3884=CARTESIAN_POINT('',(-57.,-2.15677412025555,12.));
#3885=CARTESIAN_POINT('',(-61.,-2.15677412025555,12.));
#3886=CARTESIAN_POINT('',(-61.,-2.15677412025555,15.));
#3887=CARTESIAN_POINT('',(-61.,-2.15677412025555,15.));
#3888=CARTESIAN_POINT('',(-57.,-2.15677412025555,15.));
#3889=CARTESIAN_POINT('',(-61.,-25.5783875032715,15.));
#3890=CARTESIAN_POINT('',(-61.,-25.5783875032715,12.));
#3891=CARTESIAN_POINT('',(-61.,-49.0000008862876,12.));
#3892=CARTESIAN_POINT('',(-61.,-49.0000008862876,15.));
#3893=CARTESIAN_POINT('',(-61.,-49.0000008862876,15.));
#3894=CARTESIAN_POINT('',(-61.,-25.5783875032715,15.));
#3895=CARTESIAN_POINT('',(-55.,-49.0000008862876,15.));
#3896=CARTESIAN_POINT('',(-55.,-49.0000008862876,12.));
#3897=CARTESIAN_POINT('',(-54.9999986705685,-55.0000008862874,12.));
#3898=CARTESIAN_POINT('',(-54.9999986705685,-55.0000008862874,15.));
#3899=CARTESIAN_POINT('',(-54.9999986705685,-55.0000008862874,15.));
#3900=CARTESIAN_POINT('',(-55.,-49.0000008862876,15.));
#3901=CARTESIAN_POINT('',(-28.8414528829058,-13.2813182626365,15.));
#3902=CARTESIAN_POINT('',(-28.8414528829058,-13.2813182626365,15.));
#3903=CARTESIAN_POINT('',(-25.3414528829058,-13.2813182626365,15.));
#3904=CARTESIAN_POINT('',(-28.8414528829058,-13.2813182626365,12.));
#3905=CARTESIAN_POINT('',(-25.3414528829058,-13.2813182626365,12.));
#3906=CARTESIAN_POINT('',(1.89002559128245,29.8376809753619,15.));
#3907=CARTESIAN_POINT('',(1.89002559128245,29.8376809753619,12.));
#3908=CARTESIAN_POINT('',(1.89002559128245,29.8376809753619,15.));
#3909=CARTESIAN_POINT('',(-29.1985,42.7567959427833,15.));
#3910=CARTESIAN_POINT('',(-29.1985,42.7567959427833,12.));
#3911=CARTESIAN_POINT('',(-29.1985,42.7567959427833,15.));
#3912=CARTESIAN_POINT('',(21.7123312832789,-32.5169938085607,15.));
#3913=CARTESIAN_POINT('',(21.7123312832789,-32.5169938085607,12.));
#3914=CARTESIAN_POINT('',(21.7123312832789,-32.5169938085607,15.));
#3915=CARTESIAN_POINT('',(2.66432541090519,-32.5169938085607,15.));
#3916=CARTESIAN_POINT('',(2.66432541090519,-32.5169938085607,12.));
#3917=CARTESIAN_POINT('',(2.66432541090519,-32.5169938085607,15.));
#3918=CARTESIAN_POINT('',(-16.2653506418458,-32.5169938085607,15.));
#3919=CARTESIAN_POINT('',(-16.2653506418458,-32.5169938085607,12.));
#3920=CARTESIAN_POINT('',(-16.2653506418458,-32.5169938085607,15.));
#3921=CARTESIAN_POINT('',(-35.3191684633338,-32.5169938085607,15.));
#3922=CARTESIAN_POINT('',(-35.3191684633338,-32.5169938085607,12.));
#3923=CARTESIAN_POINT('',(-35.3191684633338,-32.5169938085607,15.));
#3924=CARTESIAN_POINT('',(21.7123312832789,-13.5169979361869,15.));
#3925=CARTESIAN_POINT('',(21.7123312832789,-13.5169979361869,12.));
#3926=CARTESIAN_POINT('',(21.7123312832789,-13.5169979361869,15.));
#3927=CARTESIAN_POINT('',(2.66333541090518,-13.5169979361869,15.));
#3928=CARTESIAN_POINT('',(2.66333541090518,-13.5169979361869,12.));
#3929=CARTESIAN_POINT('',(2.66333541090518,-13.5169979361869,15.));
#3930=CARTESIAN_POINT('',(21.7123312832789,5.46068811656416,15.));
#3931=CARTESIAN_POINT('',(21.7123312832789,5.46068811656416,12.));
#3932=CARTESIAN_POINT('',(21.7123312832789,5.46068811656416,15.));
#3933=CARTESIAN_POINT('',(2.71233541090518,5.4606879361869,15.));
#3934=CARTESIAN_POINT('',(2.71233541090518,5.4606879361869,12.));
#3935=CARTESIAN_POINT('',(2.71233541090518,5.4606879361869,15.));
#3936=CARTESIAN_POINT('',(-16.2876604614686,5.55068811656416,15.));
#3937=CARTESIAN_POINT('',(-16.2876604614686,5.55068811656416,12.));
#3938=CARTESIAN_POINT('',(-16.2876604614686,5.55068811656416,15.));
#3939=CARTESIAN_POINT('',(-52.9999993352842,-55.0000004431437,15.));
#3940=CARTESIAN_POINT('',(-52.9999993352842,-55.0000004431437,12.));
#3941=CARTESIAN_POINT('',(-52.9999993352842,-55.0000004431437,15.));
#3942=CARTESIAN_POINT('',(45.,49.,15.));
#3943=CARTESIAN_POINT('',(45.,49.,15.));
#3944=CARTESIAN_POINT('',(46.7,49.,15.));
#3945=CARTESIAN_POINT('',(45.,49.,12.));
#3946=CARTESIAN_POINT('',(46.7,49.,12.));
#3947=CARTESIAN_POINT('',(45.,-49.,15.));
#3948=CARTESIAN_POINT('',(45.,-49.,15.));
#3949=CARTESIAN_POINT('',(46.7,-49.,15.));
#3950=CARTESIAN_POINT('',(45.,-49.,12.));
#3951=CARTESIAN_POINT('',(46.7,-49.,12.));
#3952=CARTESIAN_POINT('',(-45.,49.,15.));
#3953=CARTESIAN_POINT('',(-45.,49.,15.));
#3954=CARTESIAN_POINT('',(-43.3,49.,15.));
#3955=CARTESIAN_POINT('',(-45.,49.,12.));
#3956=CARTESIAN_POINT('',(-43.3,49.,12.));
#3957=CARTESIAN_POINT('',(-54.9999986705685,-49.,15.));
#3958=CARTESIAN_POINT('',(-54.9999986705685,-49.,15.));
#3959=CARTESIAN_POINT('',(-53.2999986705685,-49.,15.));
#3960=CARTESIAN_POINT('',(-54.9999986705685,-49.,12.));
#3961=CARTESIAN_POINT('',(-53.2999986705685,-49.,12.));
#3962=CARTESIAN_POINT('',(-9.57768811656416,-6.82933541090518,15.));
#3963=CARTESIAN_POINT('',(-9.57768811656416,-6.82933541090518,12.));
#3964=CARTESIAN_POINT('',(-9.57768811656416,-6.82933541090518,15.));
#3965=CARTESIAN_POINT('',(-5.00000066471577,-4.43143841066807E-7,15.));
#3966=CARTESIAN_POINT('',(-5.00000066471577,-4.43143841066807E-7,12.));
#3967=MECHANICAL_DESIGN_GEOMETRIC_PRESENTATION_REPRESENTATION('',(#2350),
#3968);
#3968=(
GEOMETRIC_REPRESENTATION_CONTEXT(3)
GLOBAL_UNCERTAINTY_ASSIGNED_CONTEXT((#3969))
GLOBAL_UNIT_ASSIGNED_CONTEXT((#3972,#3971,#3970))
REPRESENTATION_CONTEXT('Part 2','TOP_LEVEL_ASSEMBLY_PART')
);
#3969=UNCERTAINTY_MEASURE_WITH_UNIT(LENGTH_MEASURE(1.E-5),#3972,
'DISTANCE_ACCURACY_VALUE','Maximum Tolerance applied to model');
#3970=(
NAMED_UNIT(*)
SI_UNIT($,.STERADIAN.)
SOLID_ANGLE_UNIT()
);
#3971=(
NAMED_UNIT(*)
PLANE_ANGLE_UNIT()
SI_UNIT($,.RADIAN.)
);
#3972=(
LENGTH_UNIT()
NAMED_UNIT(*)
SI_UNIT(.MILLI.,.METRE.)
);
#3973=PRODUCT_DEFINITION_SHAPE('','',#3974);
#3974=PRODUCT_DEFINITION('','',#3976,#3975);
#3975=PRODUCT_DEFINITION_CONTEXT('',#3982,'design');
#3976=PRODUCT_DEFINITION_FORMATION_WITH_SPECIFIED_SOURCE('','',#3978,
 .NOT_KNOWN.);
#3977=PRODUCT_RELATED_PRODUCT_CATEGORY('','',(#3978));
#3978=PRODUCT('Part 2','Part 2','Part 2',(#3980));
#3979=PRODUCT_CATEGORY('','');
#3980=PRODUCT_CONTEXT('',#3982,'mechanical');
#3981=APPLICATION_PROTOCOL_DEFINITION('international standard',
'ap242_managed_model_based_3d_engineering',2020,#3982);
#3982=APPLICATION_CONTEXT('managed model based 3d engineering');
ENDSEC;
END-ISO-10303-21;
