ISO-10303-21;
HEADER;
/* Generated by software containing ST-Developer
 * from STEP Tools, Inc. (www.steptools.com) 
 */
/* OPTION: using custom renumber hook */

FILE_DESCRIPTION(
/* description */ ('STEP AP242 Edition 2',
'CAx-IF Rec.Pracs.---Representation and Presentation of Product Manufa
cturing Information (PMI)---4.0---2014-10-13',
'CAx-IF Rec.Pracs.---3D Tessellated Geometry---0.4---2014-09-14','2;1',
'CAx-IF Rec.Pracs.---User Defined Attributes---1.5---2016-08-15'),
/* implementation_level */ '2;1');

FILE_NAME(
/* name */ 'EC11 Encoder Knob D Shaft',
/* time_stamp */ '2026-09-30T01:31:37Z',
/* author */ (''),
/* organization */ (''),
/* preprocessor_version */ 'ST-DEVELOPER v20',
/* originating_system */ 'ONSHAPE BY PTC INC, 1.221',
/* authorisation */ '  ');

FILE_SCHEMA (('AP242_MANAGED_MODEL_BASED_3D_ENGINEERING_MIM_LF { 1 0 10303 442 3 1 4 }'));
ENDSEC;

DATA;
#10=TOROIDAL_SURFACE('',#585,5.89581827801042,2.5000000000236);
#11=CONICAL_SURFACE('',#583,7.66358523080437,0.785398163505253);
#12=CONICAL_SURFACE('',#619,4.8,0.785398163396867);
#13=CONICAL_SURFACE('',#620,4.79999999999949,0.785398163397446);
#14=SHAPE_REPRESENTATION_RELATIONSHIP('','',#567,#18);
#15=SHAPE_REPRESENTATION_RELATIONSHIP('','',#568,#19);
#16=SHAPE_REPRESENTATION_RELATIONSHIP('','',#569,#20);
#17=SHAPE_REPRESENTATION_RELATIONSHIP('','',#570,#21);
#18=ADVANCED_BREP_SHAPE_REPRESENTATION('',(#559),#3099);
#19=ADVANCED_BREP_SHAPE_REPRESENTATION('',(#560),#3100);
#20=ADVANCED_BREP_SHAPE_REPRESENTATION('',(#561),#3101);
#21=ADVANCED_BREP_SHAPE_REPRESENTATION('',(#562),#3102);
#22=PLANE('',#575);
#23=PLANE('',#576);
#24=PLANE('',#581);
#25=PLANE('',#586);
#26=PLANE('',#593);
#27=PLANE('',#594);
#28=PLANE('',#595);
#29=PLANE('',#600);
#30=PLANE('',#601);
#31=PLANE('',#615);
#32=PLANE('',#618);
#33=CIRCLE('',#573,4.8);
#34=CIRCLE('',#574,4.8);
#35=CIRCLE('',#579,3.875);
#36=CIRCLE('',#580,3.875);
#37=CIRCLE('',#582,5.89581827803113);
#38=CIRCLE('',#584,7.66358523080439);
#39=CIRCLE('',#588,3.1);
#40=CIRCLE('',#589,3.1);
#41=CIRCLE('',#591,3.1);
#42=CIRCLE('',#592,3.1);
#43=CIRCLE('',#598,4.80000000000026);
#44=CIRCLE('',#599,4.80000000000026);
#45=CIRCLE('',#604,4.8);
#46=CIRCLE('',#605,4.8);
#47=CIRCLE('',#607,7.07498193363736);
#48=CIRCLE('',#608,7.07498193363736);
#49=CIRCLE('',#610,7.07498193363736);
#50=CIRCLE('',#611,7.07498193363736);
#51=CIRCLE('',#613,4.79999999999949);
#52=CIRCLE('',#614,4.79999999999949);
#53=CIRCLE('',#616,5.27999999999949);
#54=CIRCLE('',#617,5.28);
#55=CYLINDRICAL_SURFACE('',#572,4.8);
#56=CYLINDRICAL_SURFACE('',#578,3.875);
#57=CYLINDRICAL_SURFACE('',#587,3.1);
#58=CYLINDRICAL_SURFACE('',#590,3.1);
#59=CYLINDRICAL_SURFACE('',#597,4.80000000000026);
#60=CYLINDRICAL_SURFACE('',#603,4.8);
#61=CYLINDRICAL_SURFACE('',#606,7.07498193363736);
#62=CYLINDRICAL_SURFACE('',#609,7.07498193363736);
#63=CYLINDRICAL_SURFACE('',#612,4.79999999999949);
#64=LINE('',#761,#86);
#65=LINE('',#769,#87);
#66=LINE('',#777,#88);
#67=LINE('',#2816,#89);
#68=LINE('',#2821,#90);
#69=LINE('',#2825,#91);
#70=LINE('',#2831,#92);
#71=LINE('',#2832,#93);
#72=LINE('',#2840,#94);
#73=LINE('',#2844,#95);
#74=LINE('',#2865,#96);
#75=LINE('',#2870,#97);
#76=LINE('',#2898,#98);
#77=LINE('',#2902,#99);
#78=LINE('',#2919,#100);
#79=LINE('',#2942,#101);
#80=LINE('',#2966,#102);
#81=LINE('',#2977,#103);
#82=LINE('',#2988,#104);
#83=LINE('',#3009,#105);
#84=LINE('',#3043,#106);
#85=LINE('',#3057,#107);
#86=VECTOR('',#623,1000.);
#87=VECTOR('',#624,1000.);
#88=VECTOR('',#639,1000.);
#89=VECTOR('',#658,1000.);
#90=VECTOR('',#661,1000.);
#91=VECTOR('',#666,1000.);
#92=VECTOR('',#673,1000.);
#93=VECTOR('',#674,1000.);
#94=VECTOR('',#685,1000.);
#95=VECTOR('',#688,1000.);
#96=VECTOR('',#697,1000.);
#97=VECTOR('',#700,1000.);
#98=VECTOR('',#703,1000.);
#99=VECTOR('',#708,1000.);
#100=VECTOR('',#711,1000.);
#101=VECTOR('',#712,1000.);
#102=VECTOR('',#713,1000.);
#103=VECTOR('',#718,1000.);
#104=VECTOR('',#721,1000.);
#105=VECTOR('',#724,1000.);
#106=VECTOR('',#729,1000.);
#107=VECTOR('',#730,1000.);
#108=ORIENTED_EDGE('',*,*,#254,.F.);
#109=ORIENTED_EDGE('',*,*,#255,.F.);
#110=ORIENTED_EDGE('',*,*,#256,.T.);
#111=ORIENTED_EDGE('',*,*,#257,.T.);
#112=ORIENTED_EDGE('',*,*,#258,.T.);
#113=ORIENTED_EDGE('',*,*,#257,.F.);
#114=ORIENTED_EDGE('',*,*,#259,.F.);
#115=ORIENTED_EDGE('',*,*,#255,.T.);
#116=ORIENTED_EDGE('',*,*,#256,.F.);
#117=ORIENTED_EDGE('',*,*,#259,.T.);
#118=ORIENTED_EDGE('',*,*,#254,.T.);
#119=ORIENTED_EDGE('',*,*,#258,.F.);
#120=ORIENTED_EDGE('',*,*,#260,.F.);
#121=ORIENTED_EDGE('',*,*,#261,.F.);
#122=ORIENTED_EDGE('',*,*,#260,.T.);
#123=ORIENTED_EDGE('',*,*,#262,.F.);
#124=ORIENTED_EDGE('',*,*,#263,.T.);
#125=ORIENTED_EDGE('',*,*,#264,.F.);
#126=ORIENTED_EDGE('',*,*,#265,.F.);
#127=ORIENTED_EDGE('',*,*,#264,.T.);
#128=ORIENTED_EDGE('',*,*,#266,.F.);
#129=ORIENTED_EDGE('',*,*,#267,.T.);
#130=ORIENTED_EDGE('',*,*,#268,.F.);
#131=ORIENTED_EDGE('',*,*,#265,.T.);
#132=ORIENTED_EDGE('',*,*,#268,.T.);
#133=ORIENTED_EDGE('',*,*,#266,.T.);
#134=ORIENTED_EDGE('',*,*,#269,.T.);
#135=ORIENTED_EDGE('',*,*,#267,.F.);
#136=ORIENTED_EDGE('',*,*,#269,.F.);
#137=ORIENTED_EDGE('',*,*,#263,.F.);
#138=ORIENTED_EDGE('',*,*,#262,.T.);
#139=ORIENTED_EDGE('',*,*,#270,.F.);
#140=ORIENTED_EDGE('',*,*,#271,.F.);
#141=ORIENTED_EDGE('',*,*,#272,.F.);
#142=ORIENTED_EDGE('',*,*,#273,.F.);
#143=ORIENTED_EDGE('',*,*,#274,.F.);
#144=ORIENTED_EDGE('',*,*,#275,.F.);
#145=ORIENTED_EDGE('',*,*,#272,.T.);
#146=ORIENTED_EDGE('',*,*,#276,.F.);
#147=ORIENTED_EDGE('',*,*,#277,.F.);
#148=ORIENTED_EDGE('',*,*,#274,.T.);
#149=ORIENTED_EDGE('',*,*,#278,.F.);
#150=ORIENTED_EDGE('',*,*,#270,.T.);
#151=ORIENTED_EDGE('',*,*,#261,.T.);
#152=ORIENTED_EDGE('',*,*,#273,.T.);
#153=ORIENTED_EDGE('',*,*,#275,.T.);
#154=ORIENTED_EDGE('',*,*,#277,.T.);
#155=ORIENTED_EDGE('',*,*,#271,.T.);
#156=ORIENTED_EDGE('',*,*,#278,.T.);
#157=ORIENTED_EDGE('',*,*,#276,.T.);
#158=ORIENTED_EDGE('',*,*,#279,.T.);
#159=ORIENTED_EDGE('',*,*,#280,.F.);
#160=ORIENTED_EDGE('',*,*,#281,.F.);
#161=ORIENTED_EDGE('',*,*,#282,.T.);
#162=ORIENTED_EDGE('',*,*,#283,.T.);
#163=ORIENTED_EDGE('',*,*,#282,.F.);
#164=ORIENTED_EDGE('',*,*,#284,.F.);
#165=ORIENTED_EDGE('',*,*,#280,.T.);
#166=ORIENTED_EDGE('',*,*,#281,.T.);
#167=ORIENTED_EDGE('',*,*,#284,.T.);
#168=ORIENTED_EDGE('',*,*,#279,.F.);
#169=ORIENTED_EDGE('',*,*,#283,.F.);
#170=ORIENTED_EDGE('',*,*,#285,.F.);
#171=ORIENTED_EDGE('',*,*,#286,.T.);
#172=ORIENTED_EDGE('',*,*,#287,.T.);
#173=ORIENTED_EDGE('',*,*,#288,.F.);
#174=ORIENTED_EDGE('',*,*,#289,.F.);
#175=ORIENTED_EDGE('',*,*,#290,.T.);
#176=ORIENTED_EDGE('',*,*,#285,.T.);
#177=ORIENTED_EDGE('',*,*,#291,.T.);
#178=ORIENTED_EDGE('',*,*,#292,.F.);
#179=ORIENTED_EDGE('',*,*,#293,.F.);
#180=ORIENTED_EDGE('',*,*,#294,.F.);
#181=ORIENTED_EDGE('',*,*,#295,.T.);
#182=ORIENTED_EDGE('',*,*,#292,.T.);
#183=ORIENTED_EDGE('',*,*,#296,.T.);
#184=ORIENTED_EDGE('',*,*,#297,.F.);
#185=ORIENTED_EDGE('',*,*,#298,.F.);
#186=ORIENTED_EDGE('',*,*,#294,.T.);
#187=ORIENTED_EDGE('',*,*,#299,.T.);
#188=ORIENTED_EDGE('',*,*,#300,.F.);
#189=ORIENTED_EDGE('',*,*,#301,.F.);
#190=ORIENTED_EDGE('',*,*,#297,.T.);
#191=ORIENTED_EDGE('',*,*,#302,.T.);
#192=ORIENTED_EDGE('',*,*,#303,.F.);
#193=ORIENTED_EDGE('',*,*,#304,.F.);
#194=ORIENTED_EDGE('',*,*,#300,.T.);
#195=ORIENTED_EDGE('',*,*,#305,.F.);
#196=ORIENTED_EDGE('',*,*,#306,.F.);
#197=ORIENTED_EDGE('',*,*,#307,.T.);
#198=ORIENTED_EDGE('',*,*,#303,.T.);
#199=ORIENTED_EDGE('',*,*,#308,.F.);
#200=ORIENTED_EDGE('',*,*,#309,.T.);
#201=ORIENTED_EDGE('',*,*,#310,.F.);
#202=ORIENTED_EDGE('',*,*,#306,.T.);
#203=ORIENTED_EDGE('',*,*,#311,.T.);
#204=ORIENTED_EDGE('',*,*,#312,.F.);
#205=ORIENTED_EDGE('',*,*,#313,.T.);
#206=ORIENTED_EDGE('',*,*,#308,.T.);
#207=ORIENTED_EDGE('',*,*,#314,.F.);
#208=ORIENTED_EDGE('',*,*,#315,.T.);
#209=ORIENTED_EDGE('',*,*,#316,.T.);
#210=ORIENTED_EDGE('',*,*,#312,.T.);
#211=ORIENTED_EDGE('',*,*,#317,.F.);
#212=ORIENTED_EDGE('',*,*,#318,.F.);
#213=ORIENTED_EDGE('',*,*,#319,.F.);
#214=ORIENTED_EDGE('',*,*,#320,.F.);
#215=ORIENTED_EDGE('',*,*,#321,.T.);
#216=ORIENTED_EDGE('',*,*,#318,.T.);
#217=ORIENTED_EDGE('',*,*,#287,.F.);
#218=ORIENTED_EDGE('',*,*,#322,.T.);
#219=ORIENTED_EDGE('',*,*,#323,.T.);
#220=ORIENTED_EDGE('',*,*,#320,.T.);
#221=ORIENTED_EDGE('',*,*,#324,.F.);
#222=ORIENTED_EDGE('',*,*,#310,.T.);
#223=ORIENTED_EDGE('',*,*,#325,.T.);
#224=ORIENTED_EDGE('',*,*,#315,.F.);
#225=ORIENTED_EDGE('',*,*,#321,.F.);
#226=ORIENTED_EDGE('',*,*,#323,.F.);
#227=ORIENTED_EDGE('',*,*,#326,.T.);
#228=ORIENTED_EDGE('',*,*,#289,.T.);
#229=ORIENTED_EDGE('',*,*,#295,.F.);
#230=ORIENTED_EDGE('',*,*,#298,.T.);
#231=ORIENTED_EDGE('',*,*,#301,.T.);
#232=ORIENTED_EDGE('',*,*,#304,.T.);
#233=ORIENTED_EDGE('',*,*,#307,.F.);
#234=ORIENTED_EDGE('',*,*,#288,.T.);
#235=ORIENTED_EDGE('',*,*,#324,.T.);
#236=ORIENTED_EDGE('',*,*,#319,.T.);
#237=ORIENTED_EDGE('',*,*,#317,.T.);
#238=ORIENTED_EDGE('',*,*,#314,.T.);
#239=ORIENTED_EDGE('',*,*,#311,.F.);
#240=ORIENTED_EDGE('',*,*,#305,.T.);
#241=ORIENTED_EDGE('',*,*,#302,.F.);
#242=ORIENTED_EDGE('',*,*,#299,.F.);
#243=ORIENTED_EDGE('',*,*,#296,.F.);
#244=ORIENTED_EDGE('',*,*,#293,.T.);
#245=ORIENTED_EDGE('',*,*,#291,.F.);
#246=ORIENTED_EDGE('',*,*,#290,.F.);
#247=ORIENTED_EDGE('',*,*,#326,.F.);
#248=ORIENTED_EDGE('',*,*,#322,.F.);
#249=ORIENTED_EDGE('',*,*,#286,.F.);
#250=ORIENTED_EDGE('',*,*,#316,.F.);
#251=ORIENTED_EDGE('',*,*,#325,.F.);
#252=ORIENTED_EDGE('',*,*,#309,.F.);
#253=ORIENTED_EDGE('',*,*,#313,.F.);
#254=EDGE_CURVE('',#327,#328,#375,.T.);
#255=EDGE_CURVE('',#329,#327,#64,.T.);
#256=EDGE_CURVE('',#329,#330,#376,.T.);
#257=EDGE_CURVE('',#330,#328,#65,.T.);
#258=EDGE_CURVE('',#327,#328,#33,.T.);
#259=EDGE_CURVE('',#329,#330,#34,.T.);
#260=EDGE_CURVE('',#331,#332,#66,.T.);
#261=EDGE_CURVE('',#331,#331,#35,.T.);
#262=EDGE_CURVE('',#332,#332,#36,.F.);
#263=EDGE_CURVE('',#333,#333,#377,.F.);
#264=EDGE_CURVE('',#334,#333,#378,.T.);
#265=EDGE_CURVE('',#334,#334,#379,.T.);
#266=EDGE_CURVE('',#335,#335,#37,.F.);
#267=EDGE_CURVE('',#336,#336,#38,.T.);
#268=EDGE_CURVE('',#334,#336,#380,.T.);
#269=EDGE_CURVE('',#335,#336,#381,.T.);
#270=EDGE_CURVE('',#337,#338,#67,.F.);
#271=EDGE_CURVE('',#339,#337,#39,.T.);
#272=EDGE_CURVE('',#340,#339,#68,.F.);
#273=EDGE_CURVE('',#338,#340,#40,.F.);
#274=EDGE_CURVE('',#341,#342,#69,.T.);
#275=EDGE_CURVE('',#340,#341,#41,.F.);
#276=EDGE_CURVE('',#342,#339,#42,.T.);
#277=EDGE_CURVE('',#341,#338,#70,.T.);
#278=EDGE_CURVE('',#337,#342,#71,.F.);
#279=EDGE_CURVE('',#343,#344,#43,.T.);
#280=EDGE_CURVE('',#345,#344,#72,.T.);
#281=EDGE_CURVE('',#346,#345,#44,.T.);
#282=EDGE_CURVE('',#346,#343,#73,.T.);
#283=EDGE_CURVE('',#344,#343,#382,.T.);
#284=EDGE_CURVE('',#345,#346,#383,.T.);
#285=EDGE_CURVE('',#347,#348,#74,.T.);
#286=EDGE_CURVE('',#347,#349,#45,.T.);
#287=EDGE_CURVE('',#349,#350,#75,.T.);
#288=EDGE_CURVE('',#348,#350,#46,.T.);
#289=EDGE_CURVE('',#351,#352,#384,.T.);
#290=EDGE_CURVE('',#351,#347,#385,.T.);
#291=EDGE_CURVE('',#348,#353,#386,.T.);
#292=EDGE_CURVE('',#352,#353,#76,.T.);
#293=EDGE_CURVE('',#354,#353,#47,.F.);
#294=EDGE_CURVE('',#355,#354,#77,.T.);
#295=EDGE_CURVE('',#355,#352,#48,.F.);
#296=EDGE_CURVE('',#354,#356,#387,.T.);
#297=EDGE_CURVE('',#357,#356,#78,.T.);
#298=EDGE_CURVE('',#355,#357,#388,.T.);
#299=EDGE_CURVE('',#356,#358,#389,.T.);
#300=EDGE_CURVE('',#359,#358,#79,.T.);
#301=EDGE_CURVE('',#357,#359,#390,.T.);
#302=EDGE_CURVE('',#358,#360,#391,.T.);
#303=EDGE_CURVE('',#361,#360,#80,.T.);
#304=EDGE_CURVE('',#359,#361,#392,.T.);
#305=EDGE_CURVE('',#362,#360,#49,.F.);
#306=EDGE_CURVE('',#363,#362,#81,.T.);
#307=EDGE_CURVE('',#363,#361,#50,.F.);
#308=EDGE_CURVE('',#364,#365,#82,.T.);
#309=EDGE_CURVE('',#364,#366,#393,.T.);
#310=EDGE_CURVE('',#363,#366,#394,.T.);
#311=EDGE_CURVE('',#362,#365,#395,.T.);
#312=EDGE_CURVE('',#367,#368,#83,.T.);
#313=EDGE_CURVE('',#367,#364,#51,.T.);
#314=EDGE_CURVE('',#368,#365,#52,.T.);
#315=EDGE_CURVE('',#369,#370,#396,.T.);
#316=EDGE_CURVE('',#370,#367,#397,.T.);
#317=EDGE_CURVE('',#371,#368,#398,.T.);
#318=EDGE_CURVE('',#369,#371,#84,.T.);
#319=EDGE_CURVE('',#372,#371,#399,.T.);
#320=EDGE_CURVE('',#373,#372,#85,.T.);
#321=EDGE_CURVE('',#373,#369,#400,.T.);
#322=EDGE_CURVE('',#349,#374,#401,.T.);
#323=EDGE_CURVE('',#374,#373,#402,.T.);
#324=EDGE_CURVE('',#350,#372,#403,.T.);
#325=EDGE_CURVE('',#366,#370,#53,.F.);
#326=EDGE_CURVE('',#374,#351,#54,.F.);
#327=VERTEX_POINT('',#759);
#328=VERTEX_POINT('',#760);
#329=VERTEX_POINT('',#762);
#330=VERTEX_POINT('',#768);
#331=VERTEX_POINT('',#778);
#332=VERTEX_POINT('',#779);
#333=VERTEX_POINT('',#2318);
#334=VERTEX_POINT('',#2323);
#335=VERTEX_POINT('',#2801);
#336=VERTEX_POINT('',#2804);
#337=VERTEX_POINT('',#2817);
#338=VERTEX_POINT('',#2818);
#339=VERTEX_POINT('',#2820);
#340=VERTEX_POINT('',#2822);
#341=VERTEX_POINT('',#2826);
#342=VERTEX_POINT('',#2827);
#343=VERTEX_POINT('',#2838);
#344=VERTEX_POINT('',#2839);
#345=VERTEX_POINT('',#2841);
#346=VERTEX_POINT('',#2843);
#347=VERTEX_POINT('',#2866);
#348=VERTEX_POINT('',#2867);
#349=VERTEX_POINT('',#2869);
#350=VERTEX_POINT('',#2871);
#351=VERTEX_POINT('',#2886);
#352=VERTEX_POINT('',#2887);
#353=VERTEX_POINT('',#2897);
#354=VERTEX_POINT('',#2901);
#355=VERTEX_POINT('',#2903);
#356=VERTEX_POINT('',#2918);
#357=VERTEX_POINT('',#2920);
#358=VERTEX_POINT('',#2941);
#359=VERTEX_POINT('',#2943);
#360=VERTEX_POINT('',#2965);
#361=VERTEX_POINT('',#2967);
#362=VERTEX_POINT('',#2976);
#363=VERTEX_POINT('',#2978);
#364=VERTEX_POINT('',#2989);
#365=VERTEX_POINT('',#2990);
#366=VERTEX_POINT('',#2995);
#367=VERTEX_POINT('',#3010);
#368=VERTEX_POINT('',#3011);
#369=VERTEX_POINT('',#3030);
#370=VERTEX_POINT('',#3031);
#371=VERTEX_POINT('',#3042);
#372=VERTEX_POINT('',#3056);
#373=VERTEX_POINT('',#3058);
#374=VERTEX_POINT('',#3078);
#375=B_SPLINE_CURVE_WITH_KNOTS('',3,(#754,#755,#756,#757,#758),
 .UNSPECIFIED.,.F.,.F.,(4,1,4),(0.324021561141285,0.474005512059545,0.587682688422042),
 .UNSPECIFIED.);
#376=B_SPLINE_CURVE_WITH_KNOTS('',3,(#763,#764,#765,#766,#767),
 .UNSPECIFIED.,.F.,.F.,(4,1,4),(0.324021561141285,0.474005512059545,0.587682688422042),
 .UNSPECIFIED.);
#377=B_SPLINE_CURVE_WITH_KNOTS('',3,(#1806,#1807,#1808,#1809,#1810,#1811,
#1812,#1813,#1814,#1815,#1816,#1817,#1818,#1819,#1820,#1821,#1822,#1823,
#1824,#1825,#1826,#1827,#1828,#1829,#1830,#1831,#1832,#1833,#1834,#1835,
#1836,#1837,#1838,#1839,#1840,#1841,#1842,#1843,#1844,#1845,#1846,#1847,
#1848,#1849,#1850,#1851,#1852,#1853,#1854,#1855,#1856,#1857,#1858,#1859,
#1860,#1861,#1862,#1863,#1864,#1865,#1866,#1867,#1868,#1869,#1870,#1871,
#1872,#1873,#1874,#1875,#1876,#1877,#1878,#1879,#1880,#1881,#1882,#1883,
#1884,#1885,#1886,#1887,#1888,#1889,#1890,#1891,#1892,#1893,#1894,#1895,
#1896,#1897,#1898,#1899,#1900,#1901,#1902,#1903,#1904,#1905,#1906,#1907,
#1908,#1909,#1910,#1911,#1912,#1913,#1914,#1915,#1916,#1917,#1918,#1919,
#1920,#1921,#1922,#1923,#1924,#1925,#1926,#1927,#1928,#1929,#1930,#1931,
#1932,#1933,#1934,#1935,#1936,#1937,#1938,#1939,#1940,#1941,#1942,#1943,
#1944,#1945,#1946,#1947,#1948,#1949,#1950,#1951,#1952,#1953,#1954,#1955,
#1956,#1957,#1958,#1959,#1960,#1961,#1962,#1963,#1964,#1965,#1966,#1967,
#1968,#1969,#1970,#1971,#1972,#1973,#1974,#1975,#1976,#1977,#1978,#1979,
#1980,#1981,#1982,#1983,#1984,#1985,#1986,#1987,#1988,#1989,#1990,#1991,
#1992,#1993,#1994,#1995,#1996,#1997,#1998,#1999,#2000,#2001,#2002,#2003,
#2004,#2005,#2006,#2007,#2008,#2009,#2010,#2011,#2012,#2013,#2014,#2015,
#2016,#2017,#2018,#2019,#2020,#2021,#2022,#2023,#2024,#2025,#2026,#2027,
#2028,#2029,#2030,#2031,#2032,#2033,#2034,#2035,#2036,#2037,#2038,#2039,
#2040,#2041,#2042,#2043,#2044,#2045,#2046,#2047,#2048,#2049,#2050,#2051,
#2052,#2053,#2054,#2055,#2056,#2057,#2058,#2059,#2060,#2061,#2062,#2063,
#2064,#2065,#2066,#2067,#2068,#2069,#2070,#2071,#2072,#2073,#2074,#2075,
#2076,#2077,#2078,#2079,#2080,#2081,#2082,#2083,#2084,#2085,#2086,#2087,
#2088,#2089,#2090,#2091,#2092,#2093,#2094,#2095,#2096,#2097,#2098,#2099,
#2100,#2101,#2102,#2103,#2104,#2105,#2106,#2107,#2108,#2109,#2110,#2111,
#2112,#2113,#2114,#2115,#2116,#2117,#2118,#2119,#2120,#2121,#2122,#2123,
#2124,#2125,#2126,#2127,#2128,#2129,#2130,#2131,#2132,#2133,#2134,#2135,
#2136,#2137,#2138,#2139,#2140,#2141,#2142,#2143,#2144,#2145,#2146,#2147,
#2148,#2149,#2150,#2151,#2152,#2153,#2154,#2155,#2156,#2157,#2158,#2159,
#2160,#2161,#2162,#2163,#2164,#2165,#2166,#2167,#2168,#2169,#2170,#2171,
#2172,#2173,#2174,#2175,#2176,#2177,#2178,#2179,#2180,#2181,#2182,#2183,
#2184,#2185,#2186,#2187,#2188,#2189,#2190,#2191,#2192,#2193,#2194,#2195,
#2196,#2197,#2198,#2199,#2200,#2201,#2202,#2203,#2204,#2205,#2206,#2207,
#2208,#2209,#2210,#2211,#2212,#2213,#2214,#2215,#2216,#2217,#2218,#2219,
#2220,#2221,#2222,#2223,#2224,#2225,#2226,#2227,#2228,#2229,#2230,#2231,
#2232,#2233,#2234,#2235,#2236,#2237,#2238,#2239,#2240,#2241,#2242,#2243,
#2244,#2245,#2246,#2247,#2248,#2249,#2250,#2251,#2252,#2253,#2254,#2255,
#2256,#2257,#2258,#2259,#2260,#2261,#2262,#2263,#2264,#2265,#2266,#2267,
#2268,#2269,#2270,#2271,#2272,#2273,#2274,#2275,#2276,#2277,#2278,#2279,
#2280,#2281,#2282,#2283,#2284,#2285,#2286,#2287,#2288,#2289,#2290,#2291,
#2292,#2293,#2294,#2295,#2296,#2297,#2298,#2299,#2300,#2301,#2302,#2303,
#2304,#2305,#2306,#2307,#2308,#2309,#2310,#2311,#2312,#2313,#2314,#2315,
#2316,#2317),.UNSPECIFIED.,.T.,.F.,(1,1,1,1,1,1,1,1,1,1,1,1,1,1,1,1,1,1,
1,1,1,1,1,1,1,1,1,1,1,1,1,1,1,1,1,1,1,1,1,1,1,1,1,1,1,1,1,1,1,1,1,1,1,1,
1,1,1,1,1,1,1,1,1,1,1,1,1,1,1,1,1,1,1,1,1,1,1,1,1,1,1,1,1,1,1,1,1,1,1,1,
1,1,1,1,1,1,1,1,1,1,1,1,1,1,1,1,1,1,1,1,1,1,1,1,1,1,1,1,1,1,1,1,1,1,1,1,
1,1,1,1,1,1,1,1,1,1,1,1,1,1,1,1,1,1,1,1,1,1,1,1,1,1,1,1,1,1,1,1,1,1,1,1,
1,1,1,1,1,1,1,1,1,1,1,1,1,1,1,1,1,1,1,1,1,1,1,1,1,1,1,1,1,1,1,1,1,1,1,1,
1,1,1,1,1,1,1,1,1,1,1,1,1,1,1,1,1,1,1,1,1,1,1,1,1,1,1,1,1,1,1,1,1,1,1,1,
1,1,1,1,1,1,1,1,1,1,1,1,1,1,1,1,1,1,1,1,1,1,1,1,1,1,1,1,1,1,1,1,1,1,1,1,
1,1,1,1,1,1,1,1,1,1,1,1,1,1,1,1,1,1,1,1,1,1,1,1,1,1,1,1,1,1,1,1,1,1,1,1,
1,1,1,1,1,1,1,1,1,1,1,1,1,1,1,1,1,1,1,1,1,1,1,1,1,1,1,1,1,1,1,1,1,1,1,1,
1,1,1,1,1,1,1,1,1,1,1,1,1,1,1,1,1,1,1,1,1,1,1,1,1,1,1,1,1,1,1,1,1,1,1,1,
1,1,1,1,1,1,1,1,1,1,1,1,1,1,1,1,1,1,1,1,1,1,1,1,1,1,1,1,1,1,1,1,1,1,1,1,
1,1,1,1,1,1,1,1,1,1,1,1,1,1,1,1,1,1,1,1,1,1,1,1,1,1,1,1,1,1,1,1,1,1,1,1,
1,1,1,1,1,1,1,1,1,1,1,1,1,1,1,1,1,1,1,1,1,1,1,1,1,1,1,1,1,1,1,1,1,1,1,1,
1,1,1,1,1,1,1,1,1,1,1,1,1,1,1,1,1,1,1,1,1,1,1,1,1,1,1,1,1,1),(-0.000235616201725262,
-0.000117808100862628,-5.89040504313174E-5,0.,0.000117808100862628,0.000235616201725256,
0.000471232403450512,0.00058904050431314,0.000706848605175769,0.000824656706038397,
0.000942464806901025,0.00117808100862628,0.00129588910948891,0.00141369721035154,
0.00153150531121416,0.00164931341207679,0.00176712151293942,0.00188492961380205,
0.00200273771466467,0.00212054581552731,0.00223835391638994,0.00235616201725256,
0.00247397011811519,0.00259177821897782,0.00270958631984044,0.00282739442070308,
0.0029452025215657,0.00306301062242833,0.00318081872329096,0.00329862682415359,
0.00341643492501621,0.00353424302587885,0.00365205112674147,0.0037698592276041,
0.00388766732846673,0.00400547542932935,0.00412328353019199,0.00424109163105461,
0.00435889973191724,0.00447670783277987,0.0045945159336425,0.00471232403450512,
0.00483013213536775,0.00494794023623038,0.00506574833709301,0.00518355643795564,
0.00530136453881826,0.00541917263968089,0.00547807669011221,0.00553698074054352,
0.00565478884140615,0.00577259694226878,0.0058904050431314,0.00600821314399403,
0.00612602124485666,0.00624382934571929,0.00636163744658192,0.00659725364830717,
0.0067150617491698,0.00683286985003243,0.00695067795089506,0.00706848605175769,
0.00718629415262031,0.00730410225348294,0.00742191035434557,0.0075397184552082,
0.00765752655607083,0.00777533465693345,0.00789314275779608,0.00801095085865871,
0.00812875895952134,0.00824656706038397,0.00836437516124659,0.00848218326210922,
0.00859999136297185,0.00871779946383448,0.00883560756469711,0.00895341566555974,
0.00907122376642236,0.00918903186728499,0.00930683996814762,0.00942464806901025,
0.00954245616987287,0.0096602642707355,0.00977807237159813,0.00989588047246076,
0.0100136885733234,0.010131496674186,0.0102493047750486,0.0103671128759113,
0.0104849209767739,0.0106027290776365,0.0107205371784992,0.0108383452793618,
0.0109561533802244,0.011073961481087,0.0111917695819497,0.0113095776828123,
0.0114273857836749,0.0115451938845375,0.0116630019854002,0.0117808100862628,
0.0118986181871254,0.0120164262879881,0.0121342343888507,0.0122520424897133,
0.0123698505905759,0.0124876586914386,0.0126054667923012,0.0127232748931638,
0.0128410829940265,0.0129588910948891,0.0130766991957517,0.0131945072966143,
0.013312315397477,0.0134301234983396,0.0135479315992022,0.0136657397000649,
0.0137835478009275,0.0139013559017901,0.0140191640026527,0.0141369721035154,
0.014254780204378,0.0143725883052406,0.0144903964061033,0.0146082045069659,
0.0147260126078285,0.0148438207086911,0.0149616288095538,0.0150794369104164,
0.0153150531121417,0.0154328612130043,0.0155506693138669,0.0156684774147295,
0.0157862855155921,0.0160219017173174,0.0161397098181801,0.0162575179190427,
0.0163753260199053,0.016493134120768,0.0166109422216306,0.0167287503224932,
0.0168465584233558,0.0169643665242184,0.0170821746250811,0.0171999827259437,
0.0173177908268064,0.0174355989276689,0.0175534070285316,0.0176712151293942,
0.0177890232302568,0.0179068313311194,0.0180246394319821,0.0181424475328448,
0.0182602556337074,0.01837806373457,0.0184958718354326,0.0186136799362953,
0.0187314880371579,0.0188492961380205,0.0189671042388831,0.0190849123397457,
0.0192027204406084,0.019320528541471,0.0194383366423337,0.0195561447431962,
0.0196739528440589,0.0197917609449215,0.0199095690457841,0.0200273771466468,
0.0201451852475094,0.020262993348372,0.0203808014492346,0.0204986095500973,
0.0206164176509599,0.0207342257518226,0.0208520338526852,0.0209698419535478,
0.0210876500544105,0.021205458155273,0.0213232662561357,0.0214410743569983,
0.0215588824578609,0.0216766905587236,0.0217944986595862,0.0219123067604488,
0.0221479229621741,0.0222657310630367,0.0223835391638993,0.0225013472647619,
0.0226191553656246,0.0228547715673499,0.0229725796682125,0.0230903877690751,
0.0232081958699378,0.0233260039708004,0.0235616201725256,0.0236794282733883,
0.0237972363742509,0.0239150444751135,0.0240328525759761,0.0241506606768387,
0.0242684687777014,0.024386276878564,0.0245040849794266,0.0246218930802892,
0.0247397011811519,0.0248575092820146,0.0249753173828772,0.0250931254837398,
0.0252109335846024,0.0253287416854651,0.0254465497863277,0.0255643578871903,
0.025682165988053,0.0257999740889155,0.0259177821897782,0.0260355902906408,
0.0261533983915034,0.026271206492366,0.0263890145932287,0.0265068226940913,
0.0266246307949539,0.0267424388958166,0.0268602469966792,0.0269780550975419,
0.0270958631984045,0.0272136712992671,0.0273314794001297,0.0274492875009923,
0.027567095601855,0.0276849037027176,0.0278027118035803,0.0279205199044428,
0.0280383280053055,0.0281561361061681,0.0282739442070308,0.0283917523078933,
0.028509560408756,0.0286273685096186,0.0287451766104812,0.0288629847113439,
0.0289807928122065,0.0290986009130692,0.0292164090139318,0.0293342171147944,
0.029452025215657,0.0295698333165197,0.0296876414173823,0.0298054495182449,
0.0299232576191075,0.0300410657199702,0.0301588738208328,0.0302766819216954,
0.030394490022558,0.0305122981234207,0.0306301062242833,0.030747914325146,
0.0308657224260085,0.0309835305268712,0.0311013386277338,0.0312191467285965,
0.0313369548294591,0.0314547629303217,0.0315725710311843,0.0316903791320469,
0.0318081872329096,0.0319259953337722,0.0320438034346349,0.0321616115354975,
0.0322794196363601,0.0323972277372227,0.0325150358380853,0.032632843938948,
0.0327506520398106,0.0328684601406733,0.0329862682415359,0.0331040763423985,
0.0332218844432611,0.0333396925441238,0.0334575006449864,0.033575308745849,
0.0336931168467116,0.0338109249475742,0.0339287330484369,0.0340465411492995,
0.0341643492501622,0.0342821573510248,0.0343999654518874,0.03451777355275,
0.0346355816536126,0.0347533897544753,0.0348711978553379,0.0349890059562006,
0.0351068140570632,0.0352246221579258,0.0353424302587885,0.0354602383596511,
0.0355780464605137,0.0356958545613763,0.0358136626622389,0.0359314707631016,
0.0360492788639642,0.0361670869648269,0.0362848950656894,0.0364027031665521,
0.0365205112674147,0.0366383193682773,0.0367561274691399,0.0368739355700026,
0.0369917436708652,0.0371095517717279,0.0372273598725905,0.0373451679734531,
0.0374629760743157,0.0375807841751784,0.037698592276041,0.0378164003769036,
0.0379342084777663,0.0380520165786289,0.0381698246794915,0.0382876327803541,
0.0384054408812168,0.0385232489820794,0.038641057082942,0.0388766732846673,
0.0389944813855299,0.0391122894863925,0.0392300975872551,0.0393479056881178,
0.0394657137889804,0.039583521889843,0.0397013299907056,0.039760234041137,
0.0398191380915683,0.039936946192431,0.0400547542932936,0.0401725623941562,
0.0402903704950188,0.0404081785958815,0.0405259866967441,0.0406437947976067,
0.0407616028984693,0.040879410999332,0.0409972191001946,0.0410561231506259,
0.0411150272010572,0.0412328353019199,0.0414684515036451,0.0415862596045077,
0.0417040677053703,0.0418218758062329,0.0419396839070956,0.0420574920079583,
0.0421753001088208,0.0422931082096835,0.0423520122601148,0.0424109163105461,
0.0425287244114088,0.0426465325122714,0.042764340613134,0.0428821487139966,
0.0429999568148593,0.0431177649157219,0.0432355730165845,0.0433533811174471,
0.0434711892183098,0.0435889973191724,0.0436479013696037,0.043706805420035,
0.0438246135208976,0.0439424216217603,0.0440602297226229,0.0441780378234855,
0.0442958459243481,0.0444136540252108,0.0445314621260734,0.0446492702269361,
0.0447670783277987,0.0448848864286613,0.0449437904790926,0.0450026945295239,
0.0451205026303866,0.0452383107312492,0.0453561188321118,0.0454739269329745,
0.0455917350338371,0.0457095431346997,0.0458273512355623,0.045945159336425,
0.0460629674372876,0.0461807755381502,0.0462396795885815,0.0462985836390128,
0.0464163917398755,0.0465341998407381,0.0466520079416007,0.0467698160424634,
0.046887624143326,0.0470054322441886,0.0471232403450512,0.0473588565467765,
0.0474766646476391,0.0475944727485018,0.0477122808493644,0.047830088950227,
0.0479478970510896,0.0480657051519523,0.0481835132528149,0.0483013213536775,
0.0484191294545401,0.0485369375554028,0.0486547456562654,0.048772553757128,
0.0488903618579907,0.0490081699588533,0.0491259780597159,0.0492437861605785,
0.0493615942614412,0.0494794023623038,0.0495972104631664,0.0497150185640291,
0.0498328266648917,0.0499506347657543,0.0500684428666169,0.0501862509674796,
0.0503040590683422,0.0504218671692048,0.0505396752700674,0.0506574833709301,
0.0507752914717927,0.0508930995726553,0.051010907673518,0.0511287157743806,
0.0512465238752432,0.0513643319761059,0.0514821400769685,0.0515999481778311,
0.0517177562786937,0.0518355643795564,0.051953372480419,0.0520711805812816,
0.0521889886821442,0.0523067967830069,0.0524246048838695,0.0525424129847321,
0.0526602210855948,0.0527780291864574,0.05289583728732,0.0530136453881826,
0.0531314534890453,0.0532492615899079,0.0533670696907705,0.0534848777916332,
0.0536026858924958,0.0537204939933584,0.053838302094221,0.0539561101950837,
0.054015014245515,0.0540739182959463,0.0541917263968089,0.0543095344976715,
0.0544273425985342,0.0545451506993968,0.0546629588002594,0.0547807669011221,
0.0548985750019847,0.0550163831028473,0.05513419120371,0.0552519993045726,
0.0553698074054352,0.0554876155062978,0.0556054236071605,0.0557232317080231,
0.0558410398088857,0.0559588479097484,0.056076656010611,0.0563122722123362,
0.0564300803131989,0.0564889843636302,0.0565478884140615,0.0566656965149241,
0.0567835046157867,0.0569013127166494,0.057019120817512,0.0571369289183746,
0.0572547370192373,0.0573725451200999,0.0574903532209625,0.0576081613218251,
0.0577259694226878,0.0578437775235504,0.057961585624413,0.0581972018261383,
0.0583150099270009,0.0584328180278635,0.0585506261287262,0.0586684342295888,
0.0587862423304514,0.058904050431314,0.0590218585321767,0.0591396666330393,
0.0592574747339019,0.0593752828347646,0.0594930909356272,0.0596108990364898,
0.0597287071373524,0.0598465152382151,0.0599643233390777,0.0600821314399403,
0.060199939540803,0.0602588435912343,0.0603177476416656,0.0604355557425282,
0.0605533638433908,0.0607889800451161),.UNSPECIFIED.);
#378=B_SPLINE_CURVE_WITH_KNOTS('',3,(#2319,#2320,#2321,#2322),
 .UNSPECIFIED.,.F.,.F.,(4,4),(0.,1.),.UNSPECIFIED.);
#379=B_SPLINE_CURVE_WITH_KNOTS('',3,(#2324,#2325,#2326,#2327,#2328,#2329,
#2330,#2331,#2332,#2333,#2334,#2335,#2336,#2337,#2338,#2339,#2340,#2341,
#2342,#2343,#2344,#2345,#2346,#2347,#2348,#2349,#2350,#2351,#2352,#2353,
#2354,#2355,#2356,#2357,#2358,#2359,#2360,#2361,#2362,#2363,#2364,#2365,
#2366,#2367,#2368,#2369,#2370,#2371,#2372,#2373,#2374,#2375,#2376,#2377,
#2378,#2379,#2380,#2381,#2382,#2383,#2384,#2385,#2386,#2387,#2388,#2389,
#2390,#2391,#2392,#2393,#2394,#2395,#2396,#2397,#2398,#2399,#2400,#2401,
#2402,#2403,#2404,#2405,#2406,#2407,#2408,#2409,#2410,#2411,#2412,#2413,
#2414,#2415,#2416,#2417,#2418,#2419,#2420,#2421,#2422,#2423,#2424,#2425,
#2426,#2427,#2428,#2429,#2430,#2431,#2432,#2433,#2434,#2435,#2436,#2437,
#2438,#2439,#2440,#2441,#2442,#2443,#2444,#2445,#2446,#2447,#2448,#2449,
#2450,#2451,#2452,#2453,#2454,#2455,#2456,#2457,#2458,#2459,#2460,#2461,
#2462,#2463,#2464,#2465,#2466,#2467,#2468,#2469,#2470,#2471,#2472,#2473,
#2474,#2475,#2476,#2477,#2478,#2479,#2480,#2481,#2482,#2483,#2484,#2485,
#2486,#2487,#2488,#2489,#2490,#2491,#2492,#2493,#2494,#2495,#2496,#2497,
#2498,#2499,#2500,#2501,#2502,#2503,#2504,#2505,#2506,#2507,#2508,#2509,
#2510,#2511,#2512,#2513,#2514,#2515,#2516,#2517,#2518,#2519,#2520,#2521,
#2522,#2523,#2524,#2525,#2526,#2527,#2528,#2529,#2530,#2531,#2532,#2533,
#2534,#2535,#2536,#2537,#2538,#2539,#2540,#2541,#2542,#2543,#2544,#2545,
#2546,#2547,#2548,#2549,#2550,#2551,#2552,#2553,#2554,#2555,#2556,#2557,
#2558,#2559,#2560,#2561,#2562,#2563,#2564,#2565,#2566,#2567,#2568,#2569,
#2570,#2571,#2572,#2573,#2574,#2575,#2576,#2577,#2578,#2579,#2580,#2581,
#2582,#2583,#2584,#2585,#2586,#2587,#2588,#2589,#2590,#2591,#2592,#2593,
#2594,#2595,#2596,#2597,#2598,#2599,#2600,#2601,#2602,#2603,#2604,#2605,
#2606,#2607,#2608,#2609,#2610,#2611,#2612,#2613,#2614,#2615,#2616,#2617,
#2618,#2619,#2620,#2621,#2622,#2623,#2624,#2625,#2626,#2627,#2628,#2629,
#2630,#2631,#2632,#2633,#2634,#2635,#2636,#2637,#2638,#2639,#2640,#2641,
#2642,#2643,#2644,#2645,#2646,#2647,#2648,#2649,#2650,#2651,#2652,#2653,
#2654,#2655,#2656,#2657,#2658,#2659,#2660,#2661,#2662,#2663,#2664,#2665,
#2666,#2667,#2668,#2669,#2670,#2671,#2672,#2673,#2674,#2675,#2676,#2677,
#2678,#2679,#2680,#2681,#2682,#2683,#2684,#2685,#2686,#2687,#2688,#2689,
#2690,#2691,#2692,#2693,#2694,#2695,#2696,#2697,#2698,#2699,#2700,#2701,
#2702,#2703,#2704,#2705,#2706,#2707,#2708,#2709,#2710,#2711,#2712,#2713,
#2714,#2715,#2716,#2717,#2718,#2719,#2720,#2721,#2722,#2723,#2724,#2725,
#2726,#2727,#2728,#2729,#2730,#2731,#2732,#2733,#2734,#2735,#2736,#2737,
#2738,#2739,#2740,#2741,#2742,#2743,#2744,#2745,#2746,#2747,#2748,#2749,
#2750,#2751,#2752,#2753,#2754,#2755,#2756,#2757,#2758,#2759,#2760,#2761,
#2762,#2763,#2764,#2765,#2766,#2767,#2768,#2769,#2770,#2771,#2772,#2773,
#2774,#2775,#2776,#2777,#2778,#2779,#2780,#2781,#2782,#2783,#2784,#2785,
#2786,#2787,#2788,#2789,#2790,#2791,#2792,#2793,#2794,#2795,#2796,#2797,
#2798),.UNSPECIFIED.,.T.,.F.,(1,1,1,1,1,1,1,1,1,1,1,1,1,1,1,1,1,1,1,1,1,
1,1,1,1,1,1,1,1,1,1,1,1,1,1,1,1,1,1,1,1,1,1,1,1,1,1,1,1,1,1,1,1,1,1,1,1,
1,1,1,1,1,1,1,1,1,1,1,1,1,1,1,1,1,1,1,1,1,1,1,1,1,1,1,1,1,1,1,1,1,1,1,1,
1,1,1,1,1,1,1,1,1,1,1,1,1,1,1,1,1,1,1,1,1,1,1,1,1,1,1,1,1,1,1,1,1,1,1,1,
1,1,1,1,1,1,1,1,1,1,1,1,1,1,1,1,1,1,1,1,1,1,1,1,1,1,1,1,1,1,1,1,1,1,1,1,
1,1,1,1,1,1,1,1,1,1,1,1,1,1,1,1,1,1,1,1,1,1,1,1,1,1,1,1,1,1,1,1,1,1,1,1,
1,1,1,1,1,1,1,1,1,1,1,1,1,1,1,1,1,1,1,1,1,1,1,1,1,1,1,1,1,1,1,1,1,1,1,1,
1,1,1,1,1,1,1,1,1,1,1,1,1,1,1,1,1,1,1,1,1,1,1,1,1,1,1,1,1,1,1,1,1,1,1,1,
1,1,1,1,1,1,1,1,1,1,1,1,1,1,1,1,1,1,1,1,1,1,1,1,1,1,1,1,1,1,1,1,1,1,1,1,
1,1,1,1,1,1,1,1,1,1,1,1,1,1,1,1,1,1,1,1,1,1,1,1,1,1,1,1,1,1,1,1,1,1,1,1,
1,1,1,1,1,1,1,1,1,1,1,1,1,1,1,1,1,1,1,1,1,1,1,1,1,1,1,1,1,1,1,1,1,1,1,1,
1,1,1,1,1,1,1,1,1,1,1,1,1,1,1,1,1,1,1,1,1,1,1,1,1,1,1,1,1,1,1,1,1,1,1,1,
1,1,1,1,1,1,1,1,1,1,1,1,1,1,1,1,1,1,1,1,1,1,1,1,1,1,1,1,1,1,1,1,1,1,1,1,
1,1,1,1,1,1,1,1,1,1,1,1,1,1,1,1,1,1,1,1,1,1,1,1,1,1),(-0.000584360517767432,
-0.000292180258862532,-0.000146090129410067,4.23871470734602E-14,0.000146090129494839,
0.000292180258947291,0.000584360517852194,0.000730450647304646,0.000876540776757098,
0.00102263090620955,0.001168721035662,0.00131481116511445,0.0014609012945669,
0.00160699142401936,0.00175308155347181,0.00189917168292426,0.00204526181237671,
0.00219135194182916,0.00233744207128162,0.00248353220073407,0.00262962233018652,
0.00277571245963897,0.00292180258909142,0.00306789271854387,0.00321398284799633,
0.00336007297744878,0.00350616310690123,0.00379834336580613,0.00394443349525858,
0.00409052362471104,0.00423661375416349,0.00438270388361594,0.00467488414252084,
0.0048209742719733,0.00496706440142575,0.0051131545308782,0.00525924466033065,
0.00555142491923555,0.00569751504868801,0.00584360517814046,0.00598969530759291,
0.00613578543704536,0.00642796569595026,0.00657405582540272,0.00672014595485517,
0.00686623608430762,0.00701232621376007,0.00715841634321252,0.00730450647266497,
0.00745059660211743,0.00759668673156988,0.00774277686102233,0.00788886699047478,
0.00803495711992723,0.00818104724937968,0.00832713737883214,0.00847322750828459,
0.00861931763773704,0.00876540776718949,0.00891149789664194,0.0090575880260944,
0.00920367815554685,0.0093497682849993,0.0096419485439042,0.00978803867335665,
0.0099341288028091,0.0100802189322616,0.010226309061714,0.0105184893206189,
0.0106645794500714,0.0108106695795238,0.0109567597089763,0.0111028498384287,
0.0113950300973336,0.0115411202267861,0.0116872103562385,0.011833300485691,
0.0119793906151434,0.0122715708740483,0.0124176610035008,0.0125637511329532,
0.0127098412624057,0.0128559313918581,0.013148111650763,0.0132942017802155,
0.0134402919096679,0.0135863820391204,0.0137324721685728,0.0138785622980253,
0.0140246524274778,0.0141707425569302,0.0143168326863827,0.0144629228158351,
0.0146090129452876,0.01475510307474,0.0149011932041925,0.0150472833336449,
0.0151933734630974,0.0153394635925498,0.0154855537220023,0.0156316438514547,
0.0157777339809072,0.0159238241103596,0.0160699142398121,0.016362094498717,
0.0165081846281694,0.0166542747576219,0.0168003648870743,0.0169464550165268,
0.0172386352754317,0.0173847254048841,0.0175308155343366,0.017676905663789,
0.0178229957932415,0.0181151760521464,0.0182612661815989,0.0184073563110513,
0.0185534464405038,0.0186995365699562,0.0188456266994087,0.0189917168288611,
0.0191378069583136,0.019283897087766,0.0194299872172185,0.0195760773466709,
0.0197221674761234,0.0198682576055758,0.0200143477350283,0.0201604378644807,
0.0203065279939332,0.0204526181233856,0.0205987082528381,0.0207447983822905,
0.020890888511743,0.0210369786411954,0.0213291589001003,0.0214752490295528,
0.0216213391590052,0.0217674292884577,0.0219135194179101,0.0222056996768151,
0.0223517898062675,0.02249787993572,0.0226439700651724,0.0227900601946249,
0.0229361503240773,0.0230822404535298,0.0232283305829822,0.0233744207124347,
0.0235205108418871,0.0236666009713396,0.023812691100792,0.0239587812302445,
0.0241048713596969,0.0242509614891494,0.0245431417480543,0.0246892318775067,
0.0248353220069592,0.0249814121364116,0.0251275022658641,0.025419682524769,
0.0255657726542214,0.0257118627836739,0.0258579529131263,0.0260040430425788,
0.0261501331720312,0.0262962233014837,0.0264423134309361,0.0265884035603886,
0.0267344936898411,0.0268805838192935,0.027026673948746,0.0271727640781984,
0.0273188542076509,0.0274649443371033,0.0277571245960082,0.0279032147254607,
0.0280493048549131,0.0281953949843656,0.028341485113818,0.0286336653727229,
0.0287797555021754,0.0289258456316278,0.0290719357610803,0.0292180258905327,
0.0293641160199852,0.0295102061494376,0.0296562962788901,0.0298023864083425,
0.029948476537795,0.0300945666672474,0.0302406567966999,0.0303867469261523,
0.0305328370556048,0.0306789271850572,0.0308250173145097,0.0309711074439622,
0.0311171975734146,0.0312632877028671,0.0314093778323195,0.031555467961772,
0.0318476482206769,0.0319937383501293,0.0321398284795818,0.0322859186090342,
0.0324320087384867,0.0327241889973916,0.032870279126844,0.0330163692562965,
0.0331624593857489,0.0333085495152014,0.0336007297741063,0.0337468199035587,
0.0338929100330112,0.0340390001624636,0.0341850902919161,0.0343311804213685,
0.034477270550821,0.0346233606802735,0.0347694508097259,0.0349155409391784,
0.0350616310686308,0.0352077211980833,0.0353538113275357,0.0354999014569882,
0.0356459915864406,0.0357920817158931,0.0359381718453455,0.036084261974798,
0.0362303521042504,0.0363764422337029,0.0365225323631553,0.0368147126220602,
0.0369608027515127,0.0371068928809651,0.0372529830104176,0.03739907313987,
0.0376912533987749,0.0378373435282274,0.0379834336576798,0.0381295237871323,
0.0382756139165847,0.0385677941754896,0.0387138843049421,0.0388599744343945,
0.039006064563847,0.0391521546932994,0.0394443349522044,0.0395904250816568,
0.0397365152111093,0.0398826053405617,0.0400286954700142,0.0403208757289191,
0.0404669658583715,0.040613055987824,0.0407591461172764,0.0409052362467289,
0.0410513263761813,0.0411974165056338,0.0413435066350862,0.0414895967645387,
0.0416356868939911,0.0417817770234436,0.041927867152896,0.0420739572823485,
0.0422200474118009,0.0423661375412534,0.0425122276707058,0.0426583178001583,
0.0428044079296108,0.0429504980590632,0.0430965881885157,0.0432426783179681,
0.0433887684474206,0.043534858576873,0.0436809487063255,0.0438270388357779,
0.0439731289652304,0.0441192190946828,0.0442653092241353,0.0444113993535877,
0.0445574894830402,0.0447035796124926,0.0448496697419451,0.0449957598713975,
0.04514185000085,0.0452879401303024,0.0454340302597549,0.0455801203892073,
0.0457262105186598,0.0458723006481122,0.0460183907775647,0.0461644809070171,
0.0463105710364696,0.046456661165922,0.0466027512953745,0.0467488414248269,
0.0468949315542794,0.0470410216837318,0.0471871118131843,0.0473332019426367,
0.0474792920720892,0.0476253822015417,0.0477714723309941,0.0479175624604466,
0.048063652589899,0.0482097427193515,0.0483558328488039,0.0485019229782564,
0.0486480131077088,0.0487941032371613,0.0489401933666137,0.0490862834960662,
0.0492323736255186,0.0493784637549711,0.0495245538844235,0.049670644013876,
0.0498167341433284,0.0499628242727809,0.0501089144022333,0.0502550045316858,
0.0504010946611382,0.0505471847905907,0.0506932749200431,0.0508393650494956,
0.050985455178948,0.0511315453084005,0.0514237255673054,0.0515698156967579,
0.0517159058262103,0.0518619959556628,0.0520080860851152,0.0523002663440201,
0.0524463564734726,0.052592446602925,0.0527385367323775,0.0528846268618299,
0.0531768071207348,0.0533228972501873,0.0534689873796397,0.0536150775090922,
0.0537611676385446,0.0540533478974495,0.054199438026902,0.0543455281563544,
0.0544916182858069,0.0546377084152593,0.0549298886741642,0.0550759788036167,
0.0552220689330691,0.0553681590625216,0.055514249191974,0.0556603393214265,
0.0558064294508789,0.0559525195803314,0.0560986097097839,0.0562446998392363,
0.0563907899686888,0.0565368800981412,0.0566829702275937,0.0568290603570461,
0.0569751504864986,0.057121240615951,0.0572673307454035,0.0574134208748559,
0.0575595110043084,0.0577056011337608,0.0578516912632133,0.0579977813926657,
0.0581438715221182,0.0582899616515706,0.0584360517810231,0.0585821419104755,
0.058728232039928,0.0588743221693804,0.0590204122988329,0.0591665024282853,
0.0593125925577378,0.0594586826871902,0.0596047728166427,0.0598969530755476,
0.060043043205,0.0601891333344525,0.0603352234639049,0.0604813135933574,
0.0607734938522623,0.0609195839817148,0.0610656741111672,0.0612117642406197,
0.0613578543700721,0.0615039444995246,0.061650034628977,0.0617961247584295,
0.0619422148878819,0.0620883050173344,0.0622343951467868,0.0623804852762393,
0.0625265754056917,0.0626726655351442,0.0628187556645966,0.0629648457940491,
0.0631109359235015,0.063257026052954,0.0634031161824064,0.0635492063118589,
0.0636952964413113,0.0639874767002162,0.0641335668296687,0.0642796569591211,
0.0644257470885736,0.0645718372180261,0.064864017476931,0.0650101076063834,
0.0651561977358359,0.0653022878652883,0.0654483779947408,0.0655944681241932,
0.0657405582536457,0.0658866483830981,0.0660327385125506,0.066178828642003,
0.0663249187714555,0.0664710089009079,0.0666170990303604,0.0667631891598128,
0.0669092792892653,0.0670553694187177,0.0672014595481702,0.0673475496776226,
0.0674936398070751,0.0676397299365275,0.06778582006598,0.0680780003248849,
0.0682240904543373,0.0683701805837898,0.0685162707132422,0.0686623608426947,
0.0689545411015996,0.0691006312310521,0.0692467213605045,0.069392811489957,
0.0695389016194094,0.0696849917488619,0.0698310818783143,0.0699771720077668,
0.0701232621372192,0.0702693522666717,0.0704154423961241,0.0705615325255766,
0.070707622655029,0.0708537127844815,0.0709998029139339,0.0711458930433864,
0.0712919831728388,0.0714380733022913,0.0715841634317438,0.0717302535611962,
0.0718763436906487,0.0721685239495536,0.072314614079006,0.0724607042084585,
0.0726067943379109,0.0727528844673634,0.0728989745968158,0.0730450647262683,
0.0731911548557207,0.0733372449851732,0.0734833351146256,0.0736294252440781,
0.0737755153735305,0.073921605502983,0.0740676956324354,0.0742137857618879,
0.0745059660207928,0.0746520561502452,0.0747981462796977,0.0749442364091501,
0.0750903265386026,0.0753825067975075),.UNSPECIFIED.);
#380=B_SPLINE_CURVE_WITH_KNOTS('',3,(#2805,#2806,#2807,#2808),
 .UNSPECIFIED.,.F.,.F.,(4,4),(0.,1.),.UNSPECIFIED.);
#381=B_SPLINE_CURVE_WITH_KNOTS('',3,(#2810,#2811,#2812,#2813),
 .UNSPECIFIED.,.F.,.F.,(4,4),(0.,1.),.UNSPECIFIED.);
#382=B_SPLINE_CURVE_WITH_KNOTS('',3,(#2853,#2854,#2855,#2856),
 .UNSPECIFIED.,.F.,.F.,(4,4),(0.24554407843368,0.732012461297088),
 .PIECEWISE_BEZIER_KNOTS.);
#383=B_SPLINE_CURVE_WITH_KNOTS('',3,(#2857,#2858,#2859,#2860),
 .UNSPECIFIED.,.F.,.F.,(4,4),(0.24554407843368,0.732012461297088),
 .PIECEWISE_BEZIER_KNOTS.);
#384=B_SPLINE_CURVE_WITH_KNOTS('',3,(#2881,#2882,#2883,#2884,#2885),
 .UNSPECIFIED.,.F.,.F.,(4,1,4),(0.,0.175157634224466,0.324021561141285),
 .UNSPECIFIED.);
#385=B_SPLINE_CURVE_WITH_KNOTS('',3,(#2888,#2889,#2890,#2891),
 .UNSPECIFIED.,.F.,.F.,(4,4),(1.0842021724855E-18,0.000733666820401014),
 .UNSPECIFIED.);
#386=B_SPLINE_CURVE_WITH_KNOTS('',3,(#2892,#2893,#2894,#2895,#2896),
 .UNSPECIFIED.,.F.,.F.,(4,1,4),(0.,0.175157634224466,0.324021561141285),
 .UNSPECIFIED.);
#387=B_SPLINE_CURVE_WITH_KNOTS('',3,(#2913,#2914,#2915,#2916,#2917),
 .UNSPECIFIED.,.F.,.F.,(4,1,4),(0.,0.175157634224466,0.324021561141285),
 .UNSPECIFIED.);
#388=B_SPLINE_CURVE_WITH_KNOTS('',3,(#2921,#2922,#2923,#2924,#2925),
 .UNSPECIFIED.,.F.,.F.,(4,1,4),(0.,0.175157634224466,0.324021561141285),
 .UNSPECIFIED.);
#389=B_SPLINE_CURVE_WITH_KNOTS('',3,(#2936,#2937,#2938,#2939,#2940),
 .UNSPECIFIED.,.F.,.F.,(4,1,4),(0.324021561141285,0.474005512059545,0.587682688422042),
 .UNSPECIFIED.);
#390=B_SPLINE_CURVE_WITH_KNOTS('',3,(#2944,#2945,#2946,#2947,#2948),
 .UNSPECIFIED.,.F.,.F.,(4,1,4),(0.324021561141285,0.474005512059545,0.587682688422042),
 .UNSPECIFIED.);
#391=B_SPLINE_CURVE_WITH_KNOTS('',3,(#2959,#2960,#2961,#2962,#2963,#2964),
 .UNSPECIFIED.,.F.,.F.,(4,1,1,4),(0.587682688422042,0.726102050146556,0.835647942294984,
1.),.UNSPECIFIED.);
#392=B_SPLINE_CURVE_WITH_KNOTS('',3,(#2968,#2969,#2970,#2971,#2972,#2973),
 .UNSPECIFIED.,.F.,.F.,(4,1,1,4),(0.587682688422042,0.726102050146556,0.835647942294984,
1.),.UNSPECIFIED.);
#393=B_SPLINE_CURVE_WITH_KNOTS('',3,(#2991,#2992,#2993,#2994),
 .UNSPECIFIED.,.F.,.F.,(4,4),(0.,0.000695789664814135),.UNSPECIFIED.);
#394=B_SPLINE_CURVE_WITH_KNOTS('',3,(#2996,#2997,#2998,#2999,#3000,#3001),
 .UNSPECIFIED.,.F.,.F.,(4,1,1,4),(0.587682688422042,0.726102050146556,0.835647942294984,
1.),.UNSPECIFIED.);
#395=B_SPLINE_CURVE_WITH_KNOTS('',3,(#3002,#3003,#3004,#3005,#3006,#3007),
 .UNSPECIFIED.,.F.,.F.,(4,1,1,4),(0.587682688422042,0.726102050146556,0.835647942294984,
1.),.UNSPECIFIED.);
#396=B_SPLINE_CURVE_WITH_KNOTS('',3,(#3024,#3025,#3026,#3027,#3028,#3029),
 .UNSPECIFIED.,.F.,.F.,(4,1,1,4),(0.732012461297088,0.756108659882858,0.870764275031645,
1.),.UNSPECIFIED.);
#397=B_SPLINE_CURVE_WITH_KNOTS('',3,(#3032,#3033,#3034,#3035),
 .UNSPECIFIED.,.F.,.F.,(4,4),(0.,0.000684936124974174),.UNSPECIFIED.);
#398=B_SPLINE_CURVE_WITH_KNOTS('',3,(#3036,#3037,#3038,#3039,#3040,#3041),
 .UNSPECIFIED.,.F.,.F.,(4,1,1,4),(0.732012461297088,0.756108659882858,0.870764275031645,
1.),.UNSPECIFIED.);
#399=B_SPLINE_CURVE_WITH_KNOTS('',3,(#3052,#3053,#3054,#3055),
 .UNSPECIFIED.,.F.,.F.,(4,4),(0.24554407843368,0.732012461297088),
 .PIECEWISE_BEZIER_KNOTS.);
#400=B_SPLINE_CURVE_WITH_KNOTS('',3,(#3059,#3060,#3061,#3062),
 .UNSPECIFIED.,.F.,.F.,(4,4),(0.24554407843368,0.732012461297088),
 .PIECEWISE_BEZIER_KNOTS.);
#401=B_SPLINE_CURVE_WITH_KNOTS('',3,(#3073,#3074,#3075,#3076,#3077),
 .UNSPECIFIED.,.F.,.F.,(4,1,4),(0.,0.000360240546926237,0.000720481093852474),
 .UNSPECIFIED.);
#402=B_SPLINE_CURVE_WITH_KNOTS('',3,(#3079,#3080,#3081,#3082,#3083),
 .UNSPECIFIED.,.F.,.F.,(4,1,4),(0.,0.12323259913279,0.24554407843368),
 .UNSPECIFIED.);
#403=B_SPLINE_CURVE_WITH_KNOTS('',3,(#3084,#3085,#3086,#3087,#3088),
 .UNSPECIFIED.,.F.,.F.,(4,1,4),(0.,0.12323259913279,0.24554407843368),
 .UNSPECIFIED.);
#404=EDGE_LOOP('',(#108,#109,#110,#111));
#405=EDGE_LOOP('',(#112,#113,#114,#115));
#406=EDGE_LOOP('',(#116,#117));
#407=EDGE_LOOP('',(#118,#119));
#408=EDGE_LOOP('',(#120,#121,#122,#123));
#409=EDGE_LOOP('',(#124,#125,#126,#127));
#410=EDGE_LOOP('',(#128));
#411=EDGE_LOOP('',(#129,#130,#131,#132));
#412=EDGE_LOOP('',(#133,#134,#135,#136));
#413=EDGE_LOOP('',(#137));
#414=EDGE_LOOP('',(#138));
#415=EDGE_LOOP('',(#139,#140,#141,#142));
#416=EDGE_LOOP('',(#143,#144,#145,#146));
#417=EDGE_LOOP('',(#147,#148,#149,#150));
#418=EDGE_LOOP('',(#151));
#419=EDGE_LOOP('',(#152,#153,#154));
#420=EDGE_LOOP('',(#155,#156,#157));
#421=EDGE_LOOP('',(#158,#159,#160,#161));
#422=EDGE_LOOP('',(#162,#163,#164,#165));
#423=EDGE_LOOP('',(#166,#167));
#424=EDGE_LOOP('',(#168,#169));
#425=EDGE_LOOP('',(#170,#171,#172,#173));
#426=EDGE_LOOP('',(#174,#175,#176,#177,#178));
#427=EDGE_LOOP('',(#179,#180,#181,#182));
#428=EDGE_LOOP('',(#183,#184,#185,#186));
#429=EDGE_LOOP('',(#187,#188,#189,#190));
#430=EDGE_LOOP('',(#191,#192,#193,#194));
#431=EDGE_LOOP('',(#195,#196,#197,#198));
#432=EDGE_LOOP('',(#199,#200,#201,#202,#203));
#433=EDGE_LOOP('',(#204,#205,#206,#207));
#434=EDGE_LOOP('',(#208,#209,#210,#211,#212));
#435=EDGE_LOOP('',(#213,#214,#215,#216));
#436=EDGE_LOOP('',(#217,#218,#219,#220,#221));
#437=EDGE_LOOP('',(#222,#223,#224,#225,#226,#227,#228,#229,#230,#231,#232,
#233));
#438=EDGE_LOOP('',(#234,#235,#236,#237,#238,#239,#240,#241,#242,#243,#244,
#245));
#439=EDGE_LOOP('',(#246,#247,#248,#249));
#440=EDGE_LOOP('',(#250,#251,#252,#253));
#441=FACE_BOUND('',#404,.T.);
#442=FACE_BOUND('',#405,.T.);
#443=FACE_BOUND('',#406,.T.);
#444=FACE_BOUND('',#407,.T.);
#445=FACE_BOUND('',#408,.T.);
#446=FACE_BOUND('',#409,.T.);
#447=FACE_BOUND('',#410,.T.);
#448=FACE_BOUND('',#411,.T.);
#449=FACE_BOUND('',#412,.T.);
#450=FACE_BOUND('',#413,.T.);
#451=FACE_BOUND('',#414,.T.);
#452=FACE_BOUND('',#415,.T.);
#453=FACE_BOUND('',#416,.T.);
#454=FACE_BOUND('',#417,.T.);
#455=FACE_BOUND('',#418,.T.);
#456=FACE_BOUND('',#419,.T.);
#457=FACE_BOUND('',#420,.T.);
#458=FACE_BOUND('',#421,.T.);
#459=FACE_BOUND('',#422,.T.);
#460=FACE_BOUND('',#423,.T.);
#461=FACE_BOUND('',#424,.T.);
#462=FACE_BOUND('',#425,.T.);
#463=FACE_BOUND('',#426,.T.);
#464=FACE_BOUND('',#427,.T.);
#465=FACE_BOUND('',#428,.T.);
#466=FACE_BOUND('',#429,.T.);
#467=FACE_BOUND('',#430,.T.);
#468=FACE_BOUND('',#431,.T.);
#469=FACE_BOUND('',#432,.T.);
#470=FACE_BOUND('',#433,.T.);
#471=FACE_BOUND('',#434,.T.);
#472=FACE_BOUND('',#435,.T.);
#473=FACE_BOUND('',#436,.T.);
#474=FACE_BOUND('',#437,.T.);
#475=FACE_BOUND('',#438,.T.);
#476=FACE_BOUND('',#439,.T.);
#477=FACE_BOUND('',#440,.T.);
#478=B_SPLINE_SURFACE_WITH_KNOTS('',3,1,((#744,#745),(#746,#747),(#748,
#749),(#750,#751),(#752,#753)),.SURF_OF_LINEAR_EXTRUSION.,.F.,.F.,.F.,(4,
1,4),(2,2),(0.324021561141285,0.455852124781664,0.587682688422042),(0.,
1.),.UNSPECIFIED.);
#479=B_SPLINE_SURFACE_WITH_KNOTS('',3,1,((#782,#783),(#784,#785),(#786,
#787),(#788,#789),(#790,#791),(#792,#793),(#794,#795),(#796,#797),(#798,
#799),(#800,#801),(#802,#803),(#804,#805),(#806,#807),(#808,#809),(#810,
#811),(#812,#813),(#814,#815),(#816,#817),(#818,#819),(#820,#821),(#822,
#823),(#824,#825),(#826,#827),(#828,#829),(#830,#831),(#832,#833),(#834,
#835),(#836,#837),(#838,#839),(#840,#841),(#842,#843),(#844,#845),(#846,
#847),(#848,#849),(#850,#851),(#852,#853),(#854,#855),(#856,#857),(#858,
#859),(#860,#861),(#862,#863),(#864,#865),(#866,#867),(#868,#869),(#870,
#871),(#872,#873),(#874,#875),(#876,#877),(#878,#879),(#880,#881),(#882,
#883),(#884,#885),(#886,#887),(#888,#889),(#890,#891),(#892,#893),(#894,
#895),(#896,#897),(#898,#899),(#900,#901),(#902,#903),(#904,#905),(#906,
#907),(#908,#909),(#910,#911),(#912,#913),(#914,#915),(#916,#917),(#918,
#919),(#920,#921),(#922,#923),(#924,#925),(#926,#927),(#928,#929),(#930,
#931),(#932,#933),(#934,#935),(#936,#937),(#938,#939),(#940,#941),(#942,
#943),(#944,#945),(#946,#947),(#948,#949),(#950,#951),(#952,#953),(#954,
#955),(#956,#957),(#958,#959),(#960,#961),(#962,#963),(#964,#965),(#966,
#967),(#968,#969),(#970,#971),(#972,#973),(#974,#975),(#976,#977),(#978,
#979),(#980,#981),(#982,#983),(#984,#985),(#986,#987),(#988,#989),(#990,
#991),(#992,#993),(#994,#995),(#996,#997),(#998,#999),(#1000,#1001),(#1002,
#1003),(#1004,#1005),(#1006,#1007),(#1008,#1009),(#1010,#1011),(#1012,#1013),
(#1014,#1015),(#1016,#1017),(#1018,#1019),(#1020,#1021),(#1022,#1023),(#1024,
#1025),(#1026,#1027),(#1028,#1029),(#1030,#1031),(#1032,#1033),(#1034,#1035),
(#1036,#1037),(#1038,#1039),(#1040,#1041),(#1042,#1043),(#1044,#1045),(#1046,
#1047),(#1048,#1049),(#1050,#1051),(#1052,#1053),(#1054,#1055),(#1056,#1057),
(#1058,#1059),(#1060,#1061),(#1062,#1063),(#1064,#1065),(#1066,#1067),(#1068,
#1069),(#1070,#1071),(#1072,#1073),(#1074,#1075),(#1076,#1077),(#1078,#1079),
(#1080,#1081),(#1082,#1083),(#1084,#1085),(#1086,#1087),(#1088,#1089),(#1090,
#1091),(#1092,#1093),(#1094,#1095),(#1096,#1097),(#1098,#1099),(#1100,#1101),
(#1102,#1103),(#1104,#1105),(#1106,#1107),(#1108,#1109),(#1110,#1111),(#1112,
#1113),(#1114,#1115),(#1116,#1117),(#1118,#1119),(#1120,#1121),(#1122,#1123),
(#1124,#1125),(#1126,#1127),(#1128,#1129),(#1130,#1131),(#1132,#1133),(#1134,
#1135),(#1136,#1137),(#1138,#1139),(#1140,#1141),(#1142,#1143),(#1144,#1145),
(#1146,#1147),(#1148,#1149),(#1150,#1151),(#1152,#1153),(#1154,#1155),(#1156,
#1157),(#1158,#1159),(#1160,#1161),(#1162,#1163),(#1164,#1165),(#1166,#1167),
(#1168,#1169),(#1170,#1171),(#1172,#1173),(#1174,#1175),(#1176,#1177),(#1178,
#1179),(#1180,#1181),(#1182,#1183),(#1184,#1185),(#1186,#1187),(#1188,#1189),
(#1190,#1191),(#1192,#1193),(#1194,#1195),(#1196,#1197),(#1198,#1199),(#1200,
#1201),(#1202,#1203),(#1204,#1205),(#1206,#1207),(#1208,#1209),(#1210,#1211),
(#1212,#1213),(#1214,#1215),(#1216,#1217),(#1218,#1219),(#1220,#1221),(#1222,
#1223),(#1224,#1225),(#1226,#1227),(#1228,#1229),(#1230,#1231),(#1232,#1233),
(#1234,#1235),(#1236,#1237),(#1238,#1239),(#1240,#1241),(#1242,#1243),(#1244,
#1245),(#1246,#1247),(#1248,#1249),(#1250,#1251),(#1252,#1253),(#1254,#1255),
(#1256,#1257),(#1258,#1259),(#1260,#1261),(#1262,#1263),(#1264,#1265),(#1266,
#1267),(#1268,#1269),(#1270,#1271),(#1272,#1273),(#1274,#1275),(#1276,#1277),
(#1278,#1279),(#1280,#1281),(#1282,#1283),(#1284,#1285),(#1286,#1287),(#1288,
#1289),(#1290,#1291),(#1292,#1293),(#1294,#1295),(#1296,#1297),(#1298,#1299),
(#1300,#1301),(#1302,#1303),(#1304,#1305),(#1306,#1307),(#1308,#1309),(#1310,
#1311),(#1312,#1313),(#1314,#1315),(#1316,#1317),(#1318,#1319),(#1320,#1321),
(#1322,#1323),(#1324,#1325),(#1326,#1327),(#1328,#1329),(#1330,#1331),(#1332,
#1333),(#1334,#1335),(#1336,#1337),(#1338,#1339),(#1340,#1341),(#1342,#1343),
(#1344,#1345),(#1346,#1347),(#1348,#1349),(#1350,#1351),(#1352,#1353),(#1354,
#1355),(#1356,#1357),(#1358,#1359),(#1360,#1361),(#1362,#1363),(#1364,#1365),
(#1366,#1367),(#1368,#1369),(#1370,#1371),(#1372,#1373),(#1374,#1375),(#1376,
#1377),(#1378,#1379),(#1380,#1381),(#1382,#1383),(#1384,#1385),(#1386,#1387),
(#1388,#1389),(#1390,#1391),(#1392,#1393),(#1394,#1395),(#1396,#1397),(#1398,
#1399),(#1400,#1401),(#1402,#1403),(#1404,#1405),(#1406,#1407),(#1408,#1409),
(#1410,#1411),(#1412,#1413),(#1414,#1415),(#1416,#1417),(#1418,#1419),(#1420,
#1421),(#1422,#1423),(#1424,#1425),(#1426,#1427),(#1428,#1429),(#1430,#1431),
(#1432,#1433),(#1434,#1435),(#1436,#1437),(#1438,#1439),(#1440,#1441),(#1442,
#1443),(#1444,#1445),(#1446,#1447),(#1448,#1449),(#1450,#1451),(#1452,#1453),
(#1454,#1455),(#1456,#1457),(#1458,#1459),(#1460,#1461),(#1462,#1463),(#1464,
#1465),(#1466,#1467),(#1468,#1469),(#1470,#1471),(#1472,#1473),(#1474,#1475),
(#1476,#1477),(#1478,#1479),(#1480,#1481),(#1482,#1483),(#1484,#1485),(#1486,
#1487),(#1488,#1489),(#1490,#1491),(#1492,#1493),(#1494,#1495),(#1496,#1497),
(#1498,#1499),(#1500,#1501),(#1502,#1503),(#1504,#1505),(#1506,#1507),(#1508,
#1509),(#1510,#1511),(#1512,#1513),(#1514,#1515),(#1516,#1517),(#1518,#1519),
(#1520,#1521),(#1522,#1523),(#1524,#1525),(#1526,#1527),(#1528,#1529),(#1530,
#1531),(#1532,#1533),(#1534,#1535),(#1536,#1537),(#1538,#1539),(#1540,#1541),
(#1542,#1543),(#1544,#1545),(#1546,#1547),(#1548,#1549),(#1550,#1551),(#1552,
#1553),(#1554,#1555),(#1556,#1557),(#1558,#1559),(#1560,#1561),(#1562,#1563),
(#1564,#1565),(#1566,#1567),(#1568,#1569),(#1570,#1571),(#1572,#1573),(#1574,
#1575),(#1576,#1577),(#1578,#1579),(#1580,#1581),(#1582,#1583),(#1584,#1585),
(#1586,#1587),(#1588,#1589),(#1590,#1591),(#1592,#1593),(#1594,#1595),(#1596,
#1597),(#1598,#1599),(#1600,#1601),(#1602,#1603),(#1604,#1605),(#1606,#1607),
(#1608,#1609),(#1610,#1611),(#1612,#1613),(#1614,#1615),(#1616,#1617),(#1618,
#1619),(#1620,#1621),(#1622,#1623),(#1624,#1625),(#1626,#1627),(#1628,#1629),
(#1630,#1631),(#1632,#1633),(#1634,#1635),(#1636,#1637),(#1638,#1639),(#1640,
#1641),(#1642,#1643),(#1644,#1645),(#1646,#1647),(#1648,#1649),(#1650,#1651),
(#1652,#1653),(#1654,#1655),(#1656,#1657),(#1658,#1659),(#1660,#1661),(#1662,
#1663),(#1664,#1665),(#1666,#1667),(#1668,#1669),(#1670,#1671),(#1672,#1673),
(#1674,#1675),(#1676,#1677),(#1678,#1679),(#1680,#1681),(#1682,#1683),(#1684,
#1685),(#1686,#1687),(#1688,#1689),(#1690,#1691),(#1692,#1693),(#1694,#1695),
(#1696,#1697),(#1698,#1699),(#1700,#1701),(#1702,#1703),(#1704,#1705),(#1706,
#1707),(#1708,#1709),(#1710,#1711),(#1712,#1713),(#1714,#1715),(#1716,#1717),
(#1718,#1719),(#1720,#1721),(#1722,#1723),(#1724,#1725),(#1726,#1727),(#1728,
#1729),(#1730,#1731),(#1732,#1733),(#1734,#1735),(#1736,#1737),(#1738,#1739),
(#1740,#1741),(#1742,#1743),(#1744,#1745),(#1746,#1747),(#1748,#1749),(#1750,
#1751),(#1752,#1753),(#1754,#1755),(#1756,#1757),(#1758,#1759),(#1760,#1761),
(#1762,#1763),(#1764,#1765),(#1766,#1767),(#1768,#1769),(#1770,#1771),(#1772,
#1773),(#1774,#1775),(#1776,#1777),(#1778,#1779),(#1780,#1781),(#1782,#1783),
(#1784,#1785),(#1786,#1787),(#1788,#1789),(#1790,#1791),(#1792,#1793),(#1794,
#1795),(#1796,#1797),(#1798,#1799),(#1800,#1801),(#1802,#1803),(#1804,#1805)),
 .SURF_OF_LINEAR_EXTRUSION.,.T.,.F.,.F.,(1,1,1,1,1,1,1,1,1,1,1,1,1,1,1,
1,1,1,1,1,1,1,1,1,1,1,1,1,1,1,1,1,1,1,1,1,1,1,1,1,1,1,1,1,1,1,1,1,1,1,1,
1,1,1,1,1,1,1,1,1,1,1,1,1,1,1,1,1,1,1,1,1,1,1,1,1,1,1,1,1,1,1,1,1,1,1,1,
1,1,1,1,1,1,1,1,1,1,1,1,1,1,1,1,1,1,1,1,1,1,1,1,1,1,1,1,1,1,1,1,1,1,1,1,
1,1,1,1,1,1,1,1,1,1,1,1,1,1,1,1,1,1,1,1,1,1,1,1,1,1,1,1,1,1,1,1,1,1,1,1,
1,1,1,1,1,1,1,1,1,1,1,1,1,1,1,1,1,1,1,1,1,1,1,1,1,1,1,1,1,1,1,1,1,1,1,1,
1,1,1,1,1,1,1,1,1,1,1,1,1,1,1,1,1,1,1,1,1,1,1,1,1,1,1,1,1,1,1,1,1,1,1,1,
1,1,1,1,1,1,1,1,1,1,1,1,1,1,1,1,1,1,1,1,1,1,1,1,1,1,1,1,1,1,1,1,1,1,1,1,
1,1,1,1,1,1,1,1,1,1,1,1,1,1,1,1,1,1,1,1,1,1,1,1,1,1,1,1,1,1,1,1,1,1,1,1,
1,1,1,1,1,1,1,1,1,1,1,1,1,1,1,1,1,1,1,1,1,1,1,1,1,1,1,1,1,1,1,1,1,1,1,1,
1,1,1,1,1,1,1,1,1,1,1,1,1,1,1,1,1,1,1,1,1,1,1,1,1,1,1,1,1,1,1,1,1,1,1,1,
1,1,1,1,1,1,1,1,1,1,1,1,1,1,1,1,1,1,1,1,1,1,1,1,1,1,1,1,1,1,1,1,1,1,1,1,
1,1,1,1,1,1,1,1,1,1,1,1,1,1,1,1,1,1,1,1,1,1,1,1,1,1,1,1,1,1,1,1,1,1,1,1,
1,1,1,1,1,1,1,1,1,1,1,1,1,1,1,1,1,1,1,1,1,1,1,1,1,1,1,1,1,1,1,1,1,1,1,1,
1,1,1,1,1,1,1,1,1,1,1,1,1,1,1,1,1,1,1,1,1,1,1,1,1,1,1,1,1,1,1,1,1),(2,2),
(-0.000235616201725262,-0.000117808100862628,-5.89040504313174E-5,0.,0.000117808100862628,
0.000235616201725256,0.000471232403450512,0.00058904050431314,0.000706848605175769,
0.000824656706038397,0.000942464806901025,0.00117808100862628,0.00129588910948891,
0.00141369721035154,0.00153150531121416,0.00164931341207679,0.00176712151293942,
0.00188492961380205,0.00200273771466467,0.00212054581552731,0.00223835391638994,
0.00235616201725256,0.00247397011811519,0.00259177821897782,0.00270958631984044,
0.00282739442070308,0.0029452025215657,0.00306301062242833,0.00318081872329096,
0.00329862682415359,0.00341643492501621,0.00353424302587885,0.00365205112674147,
0.0037698592276041,0.00388766732846673,0.00400547542932935,0.00412328353019199,
0.00424109163105461,0.00435889973191724,0.00447670783277987,0.0045945159336425,
0.00471232403450512,0.00483013213536775,0.00494794023623038,0.00506574833709301,
0.00518355643795564,0.00530136453881826,0.00541917263968089,0.00547807669011221,
0.00553698074054352,0.00565478884140615,0.00577259694226878,0.0058904050431314,
0.00600821314399403,0.00612602124485666,0.00624382934571929,0.00636163744658192,
0.00659725364830717,0.0067150617491698,0.00683286985003243,0.00695067795089506,
0.00706848605175769,0.00718629415262031,0.00730410225348294,0.00742191035434557,
0.0075397184552082,0.00765752655607083,0.00777533465693345,0.00789314275779608,
0.00801095085865871,0.00812875895952134,0.00824656706038397,0.00836437516124659,
0.00848218326210922,0.00859999136297185,0.00871779946383448,0.00883560756469711,
0.00895341566555974,0.00907122376642236,0.00918903186728499,0.00930683996814762,
0.00942464806901025,0.00954245616987287,0.0096602642707355,0.00977807237159813,
0.00989588047246076,0.0100136885733234,0.010131496674186,0.0102493047750486,
0.0103671128759113,0.0104849209767739,0.0106027290776365,0.0107205371784992,
0.0108383452793618,0.0109561533802244,0.011073961481087,0.0111917695819497,
0.0113095776828123,0.0114273857836749,0.0115451938845375,0.0116630019854002,
0.0117808100862628,0.0118986181871254,0.0120164262879881,0.0121342343888507,
0.0122520424897133,0.0123698505905759,0.0124876586914386,0.0126054667923012,
0.0127232748931638,0.0128410829940265,0.0129588910948891,0.0130766991957517,
0.0131945072966143,0.013312315397477,0.0134301234983396,0.0135479315992022,
0.0136657397000649,0.0137835478009275,0.0139013559017901,0.0140191640026527,
0.0141369721035154,0.014254780204378,0.0143725883052406,0.0144903964061033,
0.0146082045069659,0.0147260126078285,0.0148438207086911,0.0149616288095538,
0.0150794369104164,0.0153150531121417,0.0154328612130043,0.0155506693138669,
0.0156684774147295,0.0157862855155921,0.0160219017173174,0.0161397098181801,
0.0162575179190427,0.0163753260199053,0.016493134120768,0.0166109422216306,
0.0167287503224932,0.0168465584233558,0.0169643665242184,0.0170821746250811,
0.0171999827259437,0.0173177908268064,0.0174355989276689,0.0175534070285316,
0.0176712151293942,0.0177890232302568,0.0179068313311194,0.0180246394319821,
0.0181424475328448,0.0182602556337074,0.01837806373457,0.0184958718354326,
0.0186136799362953,0.0187314880371579,0.0188492961380205,0.0189671042388831,
0.0190849123397457,0.0192027204406084,0.019320528541471,0.0194383366423337,
0.0195561447431962,0.0196739528440589,0.0197917609449215,0.0199095690457841,
0.0200273771466468,0.0201451852475094,0.020262993348372,0.0203808014492346,
0.0204986095500973,0.0206164176509599,0.0207342257518226,0.0208520338526852,
0.0209698419535478,0.0210876500544105,0.021205458155273,0.0213232662561357,
0.0214410743569983,0.0215588824578609,0.0216766905587236,0.0217944986595862,
0.0219123067604488,0.0221479229621741,0.0222657310630367,0.0223835391638993,
0.0225013472647619,0.0226191553656246,0.0228547715673499,0.0229725796682125,
0.0230903877690751,0.0232081958699378,0.0233260039708004,0.0235616201725256,
0.0236794282733883,0.0237972363742509,0.0239150444751135,0.0240328525759761,
0.0241506606768387,0.0242684687777014,0.024386276878564,0.0245040849794266,
0.0246218930802892,0.0247397011811519,0.0248575092820146,0.0249753173828772,
0.0250931254837398,0.0252109335846024,0.0253287416854651,0.0254465497863277,
0.0255643578871903,0.025682165988053,0.0257999740889155,0.0259177821897782,
0.0260355902906408,0.0261533983915034,0.026271206492366,0.0263890145932287,
0.0265068226940913,0.0266246307949539,0.0267424388958166,0.0268602469966792,
0.0269780550975419,0.0270958631984045,0.0272136712992671,0.0273314794001297,
0.0274492875009923,0.027567095601855,0.0276849037027176,0.0278027118035803,
0.0279205199044428,0.0280383280053055,0.0281561361061681,0.0282739442070308,
0.0283917523078933,0.028509560408756,0.0286273685096186,0.0287451766104812,
0.0288629847113439,0.0289807928122065,0.0290986009130692,0.0292164090139318,
0.0293342171147944,0.029452025215657,0.0295698333165197,0.0296876414173823,
0.0298054495182449,0.0299232576191075,0.0300410657199702,0.0301588738208328,
0.0302766819216954,0.030394490022558,0.0305122981234207,0.0306301062242833,
0.030747914325146,0.0308657224260085,0.0309835305268712,0.0311013386277338,
0.0312191467285965,0.0313369548294591,0.0314547629303217,0.0315725710311843,
0.0316903791320469,0.0318081872329096,0.0319259953337722,0.0320438034346349,
0.0321616115354975,0.0322794196363601,0.0323972277372227,0.0325150358380853,
0.032632843938948,0.0327506520398106,0.0328684601406733,0.0329862682415359,
0.0331040763423985,0.0332218844432611,0.0333396925441238,0.0334575006449864,
0.033575308745849,0.0336931168467116,0.0338109249475742,0.0339287330484369,
0.0340465411492995,0.0341643492501622,0.0342821573510248,0.0343999654518874,
0.03451777355275,0.0346355816536126,0.0347533897544753,0.0348711978553379,
0.0349890059562006,0.0351068140570632,0.0352246221579258,0.0353424302587885,
0.0354602383596511,0.0355780464605137,0.0356958545613763,0.0358136626622389,
0.0359314707631016,0.0360492788639642,0.0361670869648269,0.0362848950656894,
0.0364027031665521,0.0365205112674147,0.0366383193682773,0.0367561274691399,
0.0368739355700026,0.0369917436708652,0.0371095517717279,0.0372273598725905,
0.0373451679734531,0.0374629760743157,0.0375807841751784,0.037698592276041,
0.0378164003769036,0.0379342084777663,0.0380520165786289,0.0381698246794915,
0.0382876327803541,0.0384054408812168,0.0385232489820794,0.038641057082942,
0.0388766732846673,0.0389944813855299,0.0391122894863925,0.0392300975872551,
0.0393479056881178,0.0394657137889804,0.039583521889843,0.0397013299907056,
0.039760234041137,0.0398191380915683,0.039936946192431,0.0400547542932936,
0.0401725623941562,0.0402903704950188,0.0404081785958815,0.0405259866967441,
0.0406437947976067,0.0407616028984693,0.040879410999332,0.0409972191001946,
0.0410561231506259,0.0411150272010572,0.0412328353019199,0.0414684515036451,
0.0415862596045077,0.0417040677053703,0.0418218758062329,0.0419396839070956,
0.0420574920079583,0.0421753001088208,0.0422931082096835,0.0423520122601148,
0.0424109163105461,0.0425287244114088,0.0426465325122714,0.042764340613134,
0.0428821487139966,0.0429999568148593,0.0431177649157219,0.0432355730165845,
0.0433533811174471,0.0434711892183098,0.0435889973191724,0.0436479013696037,
0.043706805420035,0.0438246135208976,0.0439424216217603,0.0440602297226229,
0.0441780378234855,0.0442958459243481,0.0444136540252108,0.0445314621260734,
0.0446492702269361,0.0447670783277987,0.0448848864286613,0.0449437904790926,
0.0450026945295239,0.0451205026303866,0.0452383107312492,0.0453561188321118,
0.0454739269329745,0.0455917350338371,0.0457095431346997,0.0458273512355623,
0.045945159336425,0.0460629674372876,0.0461807755381502,0.0462396795885815,
0.0462985836390128,0.0464163917398755,0.0465341998407381,0.0466520079416007,
0.0467698160424634,0.046887624143326,0.0470054322441886,0.0471232403450512,
0.0473588565467765,0.0474766646476391,0.0475944727485018,0.0477122808493644,
0.047830088950227,0.0479478970510896,0.0480657051519523,0.0481835132528149,
0.0483013213536775,0.0484191294545401,0.0485369375554028,0.0486547456562654,
0.048772553757128,0.0488903618579907,0.0490081699588533,0.0491259780597159,
0.0492437861605785,0.0493615942614412,0.0494794023623038,0.0495972104631664,
0.0497150185640291,0.0498328266648917,0.0499506347657543,0.0500684428666169,
0.0501862509674796,0.0503040590683422,0.0504218671692048,0.0505396752700674,
0.0506574833709301,0.0507752914717927,0.0508930995726553,0.051010907673518,
0.0511287157743806,0.0512465238752432,0.0513643319761059,0.0514821400769685,
0.0515999481778311,0.0517177562786937,0.0518355643795564,0.051953372480419,
0.0520711805812816,0.0521889886821442,0.0523067967830069,0.0524246048838695,
0.0525424129847321,0.0526602210855948,0.0527780291864574,0.05289583728732,
0.0530136453881826,0.0531314534890453,0.0532492615899079,0.0533670696907705,
0.0534848777916332,0.0536026858924958,0.0537204939933584,0.053838302094221,
0.0539561101950837,0.054015014245515,0.0540739182959463,0.0541917263968089,
0.0543095344976715,0.0544273425985342,0.0545451506993968,0.0546629588002594,
0.0547807669011221,0.0548985750019847,0.0550163831028473,0.05513419120371,
0.0552519993045726,0.0553698074054352,0.0554876155062978,0.0556054236071605,
0.0557232317080231,0.0558410398088857,0.0559588479097484,0.056076656010611,
0.0563122722123362,0.0564300803131989,0.0564889843636302,0.0565478884140615,
0.0566656965149241,0.0567835046157867,0.0569013127166494,0.057019120817512,
0.0571369289183746,0.0572547370192373,0.0573725451200999,0.0574903532209625,
0.0576081613218251,0.0577259694226878,0.0578437775235504,0.057961585624413,
0.0581972018261383,0.0583150099270009,0.0584328180278635,0.0585506261287262,
0.0586684342295888,0.0587862423304514,0.058904050431314,0.0590218585321767,
0.0591396666330393,0.0592574747339019,0.0593752828347646,0.0594930909356272,
0.0596108990364898,0.0597287071373524,0.0598465152382151,0.0599643233390777,
0.0600821314399403,0.060199939540803,0.0602588435912343,0.0603177476416656,
0.0604355557425282,0.0605533638433908,0.0607889800451161),(0.,1.),
 .UNSPECIFIED.);
#480=B_SPLINE_SURFACE_WITH_KNOTS('',3,1,((#2845,#2846),(#2847,#2848),(#2849,
#2850),(#2851,#2852)),.SURF_OF_LINEAR_EXTRUSION.,.F.,.F.,.F.,(4,4),(2,2),
(0.24554407843368,0.732012461297088),(0.,1.),.PIECEWISE_BEZIER_KNOTS.);
#481=B_SPLINE_SURFACE_WITH_KNOTS('',3,1,((#2873,#2874),(#2875,#2876),(#2877,
#2878),(#2879,#2880)),.SURF_OF_LINEAR_EXTRUSION.,.F.,.F.,.F.,(4,4),(2,2),
(-3.26581894103193E-16,0.161944012436857),(0.,1.),
 .PIECEWISE_BEZIER_KNOTS.);
#482=B_SPLINE_SURFACE_WITH_KNOTS('',3,1,((#2905,#2906),(#2907,#2908),(#2909,
#2910),(#2911,#2912)),.SURF_OF_LINEAR_EXTRUSION.,.F.,.F.,.F.,(4,4),(2,2),
(0.175157629888827,0.324021561141285),(0.,1.),.PIECEWISE_BEZIER_KNOTS.);
#483=B_SPLINE_SURFACE_WITH_KNOTS('',3,1,((#2926,#2927),(#2928,#2929),(#2930,
#2931),(#2932,#2933),(#2934,#2935)),.SURF_OF_LINEAR_EXTRUSION.,.F.,.F.,
 .F.,(4,1,4),(2,2),(0.324021561141285,0.455852124781664,0.587682688422042),
(0.,1.),.UNSPECIFIED.);
#484=B_SPLINE_SURFACE_WITH_KNOTS('',3,1,((#2949,#2950),(#2951,#2952),(#2953,
#2954),(#2955,#2956),(#2957,#2958)),.SURF_OF_LINEAR_EXTRUSION.,.F.,.F.,
 .F.,(4,1,4),(2,2),(0.587682688422042,0.688769321553166,0.78985595468429),
(0.,1.),.UNSPECIFIED.);
#485=B_SPLINE_SURFACE_WITH_KNOTS('',3,1,((#2980,#2981),(#2982,#2983),(#2984,
#2985),(#2986,#2987)),.SURF_OF_LINEAR_EXTRUSION.,.F.,.F.,.F.,(4,4),(2,2),
(0.835647941155112,1.),(0.,1.),.PIECEWISE_BEZIER_KNOTS.);
#486=B_SPLINE_SURFACE_WITH_KNOTS('',3,1,((#3014,#3015),(#3016,#3017),(#3018,
#3019),(#3020,#3021),(#3022,#3023)),.SURF_OF_LINEAR_EXTRUSION.,.F.,.F.,
 .F.,(4,1,4),(2,2),(0.732012461297088,0.866006230649522,1.00000000000196),
(0.,1.),.UNSPECIFIED.);
#487=B_SPLINE_SURFACE_WITH_KNOTS('',3,1,((#3044,#3045),(#3046,#3047),(#3048,
#3049),(#3050,#3051)),.SURF_OF_LINEAR_EXTRUSION.,.F.,.F.,.F.,(4,4),(2,2),
(0.24554407843368,0.732012461297088),(0.,1.),.PIECEWISE_BEZIER_KNOTS.);
#488=B_SPLINE_SURFACE_WITH_KNOTS('',3,1,((#3063,#3064),(#3065,#3066),(#3067,
#3068),(#3069,#3070),(#3071,#3072)),.SURF_OF_LINEAR_EXTRUSION.,.F.,.F.,
 .F.,(4,1,4),(2,2),(0.,0.12277203921684,0.24554407843368),(0.,1.),
 .UNSPECIFIED.);
#489=ADVANCED_FACE('',(#441),#478,.T.);
#490=ADVANCED_FACE('',(#442),#55,.T.);
#491=ADVANCED_FACE('',(#443),#22,.T.);
#492=ADVANCED_FACE('',(#444),#23,.F.);
#493=ADVANCED_FACE('',(#445),#56,.F.);
#494=ADVANCED_FACE('',(#446),#479,.T.);
#495=ADVANCED_FACE('',(#447),#24,.T.);
#496=ADVANCED_FACE('',(#448),#11,.T.);
#497=ADVANCED_FACE('',(#449),#10,.T.);
#498=ADVANCED_FACE('',(#450,#451),#25,.T.);
#499=ADVANCED_FACE('',(#452),#57,.F.);
#500=ADVANCED_FACE('',(#453),#58,.F.);
#501=ADVANCED_FACE('',(#454),#26,.T.);
#502=ADVANCED_FACE('',(#455,#456),#27,.T.);
#503=ADVANCED_FACE('',(#457),#28,.T.);
#504=ADVANCED_FACE('',(#458),#59,.T.);
#505=ADVANCED_FACE('',(#459),#480,.F.);
#506=ADVANCED_FACE('',(#460),#29,.T.);
#507=ADVANCED_FACE('',(#461),#30,.F.);
#508=ADVANCED_FACE('',(#462),#60,.F.);
#509=ADVANCED_FACE('',(#463),#481,.F.);
#510=ADVANCED_FACE('',(#464),#61,.T.);
#511=ADVANCED_FACE('',(#465),#482,.F.);
#512=ADVANCED_FACE('',(#466),#483,.F.);
#513=ADVANCED_FACE('',(#467),#484,.F.);
#514=ADVANCED_FACE('',(#468),#62,.T.);
#515=ADVANCED_FACE('',(#469),#485,.F.);
#516=ADVANCED_FACE('',(#470),#63,.F.);
#517=ADVANCED_FACE('',(#471),#486,.T.);
#518=ADVANCED_FACE('',(#472),#487,.T.);
#519=ADVANCED_FACE('',(#473),#488,.T.);
#520=ADVANCED_FACE('',(#474),#31,.T.);
#521=ADVANCED_FACE('',(#475),#32,.F.);
#522=ADVANCED_FACE('',(#476),#12,.F.);
#523=ADVANCED_FACE('',(#477),#13,.F.);
#524=CLOSED_SHELL('',(#489,#490,#491,#492));
#525=CLOSED_SHELL('',(#493,#494,#495,#496,#497,#498,#499,#500,#501,#502,
#503));
#526=CLOSED_SHELL('',(#504,#505,#506,#507));
#527=CLOSED_SHELL('',(#508,#509,#510,#511,#512,#513,#514,#515,#516,#517,
#518,#519,#520,#521,#522,#523));
#528=STYLED_ITEM('',(#532),#559);
#529=STYLED_ITEM('',(#533),#560);
#530=STYLED_ITEM('',(#534),#561);
#531=STYLED_ITEM('',(#535),#562);
#532=PRESENTATION_STYLE_ASSIGNMENT((#536));
#533=PRESENTATION_STYLE_ASSIGNMENT((#537));
#534=PRESENTATION_STYLE_ASSIGNMENT((#538));
#535=PRESENTATION_STYLE_ASSIGNMENT((#539));
#536=SURFACE_STYLE_USAGE(.BOTH.,#540);
#537=SURFACE_STYLE_USAGE(.BOTH.,#541);
#538=SURFACE_STYLE_USAGE(.BOTH.,#542);
#539=SURFACE_STYLE_USAGE(.BOTH.,#543);
#540=SURFACE_SIDE_STYLE('',(#544));
#541=SURFACE_SIDE_STYLE('',(#545));
#542=SURFACE_SIDE_STYLE('',(#546));
#543=SURFACE_SIDE_STYLE('',(#547));
#544=SURFACE_STYLE_FILL_AREA(#548);
#545=SURFACE_STYLE_FILL_AREA(#549);
#546=SURFACE_STYLE_FILL_AREA(#550);
#547=SURFACE_STYLE_FILL_AREA(#551);
#548=FILL_AREA_STYLE('',(#552));
#549=FILL_AREA_STYLE('',(#553));
#550=FILL_AREA_STYLE('',(#554));
#551=FILL_AREA_STYLE('',(#555));
#552=FILL_AREA_STYLE_COLOUR('',#556);
#553=FILL_AREA_STYLE_COLOUR('',#557);
#554=FILL_AREA_STYLE_COLOUR('',#556);
#555=FILL_AREA_STYLE_COLOUR('',#558);
#556=COLOUR_RGB('',0.976470588235294,0.682352941176471,0.141176470588235);
#557=COLOUR_RGB('',0.294117647058823,0.690196078431373,0.917647058823529);
#558=COLOUR_RGB('',0.972549019607843,0.529411764705882,0.00392156862745098);
#559=MANIFOLD_SOLID_BREP('Part 3',#524);
#560=MANIFOLD_SOLID_BREP('brep_1',#525);
#561=MANIFOLD_SOLID_BREP('Part 2',#526);
#562=MANIFOLD_SOLID_BREP('Part 4',#527);
#563=SHAPE_DEFINITION_REPRESENTATION(#3119,#567);
#564=SHAPE_DEFINITION_REPRESENTATION(#3120,#568);
#565=SHAPE_DEFINITION_REPRESENTATION(#3121,#569);
#566=SHAPE_DEFINITION_REPRESENTATION(#3122,#570);
#567=SHAPE_REPRESENTATION('Part 3',(#571),#3099);
#568=SHAPE_REPRESENTATION('brep_1',(#577),#3100);
#569=SHAPE_REPRESENTATION('Part 2',(#596),#3101);
#570=SHAPE_REPRESENTATION('Part 4',(#602),#3102);
#571=AXIS2_PLACEMENT_3D('',#743,#621,#622);
#572=AXIS2_PLACEMENT_3D('',#770,#625,#626);
#573=AXIS2_PLACEMENT_3D('',#771,#627,#628);
#574=AXIS2_PLACEMENT_3D('',#772,#629,#630);
#575=AXIS2_PLACEMENT_3D('',#773,#631,#632);
#576=AXIS2_PLACEMENT_3D('',#774,#633,#634);
#577=AXIS2_PLACEMENT_3D('',#775,#635,#636);
#578=AXIS2_PLACEMENT_3D('',#776,#637,#638);
#579=AXIS2_PLACEMENT_3D('',#780,#640,#641);
#580=AXIS2_PLACEMENT_3D('',#781,#642,#643);
#581=AXIS2_PLACEMENT_3D('',#2799,#644,#645);
#582=AXIS2_PLACEMENT_3D('',#2800,#646,#647);
#583=AXIS2_PLACEMENT_3D('',#2802,#648,#649);
#584=AXIS2_PLACEMENT_3D('',#2803,#650,#651);
#585=AXIS2_PLACEMENT_3D('',#2809,#652,#653);
#586=AXIS2_PLACEMENT_3D('',#2814,#654,#655);
#587=AXIS2_PLACEMENT_3D('',#2815,#656,#657);
#588=AXIS2_PLACEMENT_3D('',#2819,#659,#660);
#589=AXIS2_PLACEMENT_3D('',#2823,#662,#663);
#590=AXIS2_PLACEMENT_3D('',#2824,#664,#665);
#591=AXIS2_PLACEMENT_3D('',#2828,#667,#668);
#592=AXIS2_PLACEMENT_3D('',#2829,#669,#670);
#593=AXIS2_PLACEMENT_3D('',#2830,#671,#672);
#594=AXIS2_PLACEMENT_3D('',#2833,#675,#676);
#595=AXIS2_PLACEMENT_3D('',#2834,#677,#678);
#596=AXIS2_PLACEMENT_3D('',#2835,#679,#680);
#597=AXIS2_PLACEMENT_3D('',#2836,#681,#682);
#598=AXIS2_PLACEMENT_3D('',#2837,#683,#684);
#599=AXIS2_PLACEMENT_3D('',#2842,#686,#687);
#600=AXIS2_PLACEMENT_3D('',#2861,#689,#690);
#601=AXIS2_PLACEMENT_3D('',#2862,#691,#692);
#602=AXIS2_PLACEMENT_3D('',#2863,#693,#694);
#603=AXIS2_PLACEMENT_3D('',#2864,#695,#696);
#604=AXIS2_PLACEMENT_3D('',#2868,#698,#699);
#605=AXIS2_PLACEMENT_3D('',#2872,#701,#702);
#606=AXIS2_PLACEMENT_3D('',#2899,#704,#705);
#607=AXIS2_PLACEMENT_3D('',#2900,#706,#707);
#608=AXIS2_PLACEMENT_3D('',#2904,#709,#710);
#609=AXIS2_PLACEMENT_3D('',#2974,#714,#715);
#610=AXIS2_PLACEMENT_3D('',#2975,#716,#717);
#611=AXIS2_PLACEMENT_3D('',#2979,#719,#720);
#612=AXIS2_PLACEMENT_3D('',#3008,#722,#723);
#613=AXIS2_PLACEMENT_3D('',#3012,#725,#726);
#614=AXIS2_PLACEMENT_3D('',#3013,#727,#728);
#615=AXIS2_PLACEMENT_3D('',#3089,#731,#732);
#616=AXIS2_PLACEMENT_3D('',#3090,#733,#734);
#617=AXIS2_PLACEMENT_3D('',#3091,#735,#736);
#618=AXIS2_PLACEMENT_3D('',#3092,#737,#738);
#619=AXIS2_PLACEMENT_3D('',#3093,#739,#740);
#620=AXIS2_PLACEMENT_3D('',#3094,#741,#742);
#621=DIRECTION('',(0.,0.,1.));
#622=DIRECTION('',(1.,0.,0.));
#623=DIRECTION('',(0.,0.,-1.));
#624=DIRECTION('',(0.,0.,-1.));
#625=DIRECTION('',(0.,0.,-1.));
#626=DIRECTION('',(-1.,0.,0.));
#627=DIRECTION('',(0.,0.,1.));
#628=DIRECTION('',(-0.723791448330792,-0.690018796355008,8.67361737988401E-16));
#629=DIRECTION('',(0.,0.,1.));
#630=DIRECTION('',(-0.723791448330792,-0.690018796355008,8.67361737988401E-16));
#631=DIRECTION('',(0.,0.,1.));
#632=DIRECTION('',(1.,0.,0.));
#633=DIRECTION('',(0.,0.,1.));
#634=DIRECTION('',(1.,0.,0.));
#635=DIRECTION('',(0.,0.,1.));
#636=DIRECTION('',(1.,0.,0.));
#637=DIRECTION('',(0.,0.,-1.));
#638=DIRECTION('',(1.,0.,0.));
#639=DIRECTION('',(0.,0.,-1.));
#640=DIRECTION('',(0.,0.,-1.));
#641=DIRECTION('',(-1.,0.,0.));
#642=DIRECTION('',(0.,0.,-1.));
#643=DIRECTION('',(-1.,0.,0.));
#644=DIRECTION('',(0.,0.,1.));
#645=DIRECTION('',(1.,0.,0.));
#646=DIRECTION('',(8.36390088717131E-16,3.04708022948579E-16,1.));
#647=DIRECTION('',(1.,0.,-8.36390088717131E-16));
#648=DIRECTION('',(3.63328829935774E-15,1.1568677493799E-14,-1.));
#649=DIRECTION('',(0.,1.,1.1568677493799E-14));
#650=DIRECTION('',(3.63328829935774E-15,1.1568677493799E-14,-1.));
#651=DIRECTION('',(0.,1.,1.1568677493799E-14));
#652=DIRECTION('',(8.36390088717131E-16,3.04708022948579E-16,1.));
#653=DIRECTION('',(1.,0.,-8.36390088717131E-16));
#654=DIRECTION('',(0.,0.,-1.));
#655=DIRECTION('',(1.,0.,0.));
#656=DIRECTION('',(0.,0.,-1.));
#657=DIRECTION('',(1.,0.,0.));
#658=DIRECTION('',(0.,0.,1.));
#659=DIRECTION('',(0.,0.,-1.));
#660=DIRECTION('',(-1.,0.,0.));
#661=DIRECTION('',(-2.81961958718454E-15,-2.98402773817413E-15,-1.));
#662=DIRECTION('',(0.,0.,-1.));
#663=DIRECTION('',(-1.,0.,0.));
#664=DIRECTION('',(-2.81961958718454E-15,-2.98402773817413E-15,-1.));
#665=DIRECTION('',(1.,-8.41382305925776E-30,-2.81961958718454E-15));
#666=DIRECTION('',(0.,0.,1.));
#667=DIRECTION('',(-2.81961958718454E-15,-2.98402773817413E-15,-1.));
#668=DIRECTION('',(0.,1.,-2.98402773817413E-15));
#669=DIRECTION('',(-2.81961958718454E-15,-2.98402773817413E-15,-1.));
#670=DIRECTION('',(0.,1.,-2.98402773817413E-15));
#671=DIRECTION('',(1.,0.,0.));
#672=DIRECTION('',(0.,1.,0.));
#673=DIRECTION('',(0.,-1.,0.));
#674=DIRECTION('',(0.,-1.,0.));
#675=DIRECTION('',(0.,0.,-1.));
#676=DIRECTION('',(1.,0.,0.));
#677=DIRECTION('',(0.,0.,-1.));
#678=DIRECTION('',(1.,0.,0.));
#679=DIRECTION('',(0.,0.,1.));
#680=DIRECTION('',(1.,0.,0.));
#681=DIRECTION('',(0.,0.,-1.));
#682=DIRECTION('',(-1.,0.,0.));
#683=DIRECTION('',(0.,0.,1.));
#684=DIRECTION('',(-0.947017931255497,-0.321180693505322,0.));
#685=DIRECTION('',(0.,0.,-1.));
#686=DIRECTION('',(0.,0.,1.));
#687=DIRECTION('',(-0.947017931255497,-0.321180693505322,0.));
#688=DIRECTION('',(0.,0.,-1.));
#689=DIRECTION('',(0.,0.,1.));
#690=DIRECTION('',(1.,0.,0.));
#691=DIRECTION('',(0.,0.,1.));
#692=DIRECTION('',(1.,0.,0.));
#693=DIRECTION('',(0.,0.,1.));
#694=DIRECTION('',(1.,0.,0.));
#695=DIRECTION('',(0.,0.,-1.));
#696=DIRECTION('',(-1.,0.,0.));
#697=DIRECTION('',(0.,0.,-1.));
#698=DIRECTION('',(0.,0.,1.));
#699=DIRECTION('',(1.,0.,0.));
#700=DIRECTION('',(0.,0.,-1.));
#701=DIRECTION('',(0.,0.,1.));
#702=DIRECTION('',(-0.993077670477806,-0.117459526639492,-1.17961196366423E-13));
#703=DIRECTION('',(0.,0.,-1.));
#704=DIRECTION('',(0.,0.,-1.));
#705=DIRECTION('',(-1.,0.,0.));
#706=DIRECTION('',(8.36390088717131E-16,3.04708022948579E-16,1.));
#707=DIRECTION('',(1.,0.,-8.36390088717131E-16));
#708=DIRECTION('',(0.,0.,-1.));
#709=DIRECTION('',(8.36390088717131E-16,3.04708022948579E-16,1.));
#710=DIRECTION('',(1.,0.,-8.36390088717131E-16));
#711=DIRECTION('',(0.,0.,-1.));
#712=DIRECTION('',(0.,0.,-1.));
#713=DIRECTION('',(0.,0.,-1.));
#714=DIRECTION('',(0.,0.,-1.));
#715=DIRECTION('',(-1.,0.,0.));
#716=DIRECTION('',(8.36390088717131E-16,3.04708022948579E-16,1.));
#717=DIRECTION('',(1.,0.,-8.36390088717131E-16));
#718=DIRECTION('',(0.,0.,-1.));
#719=DIRECTION('',(8.36390088717131E-16,3.04708022948579E-16,1.));
#720=DIRECTION('',(1.,0.,-8.36390088717131E-16));
#721=DIRECTION('',(0.,0.,-1.));
#722=DIRECTION('',(0.,0.,-1.));
#723=DIRECTION('',(-1.,0.,0.));
#724=DIRECTION('',(0.,0.,-1.));
#725=DIRECTION('',(0.,0.,1.));
#726=DIRECTION('',(1.,0.,0.));
#727=DIRECTION('',(0.,0.,1.));
#728=DIRECTION('',(0.991540802927248,0.129795362514956,0.));
#729=DIRECTION('',(0.,0.,-1.));
#730=DIRECTION('',(0.,0.,-1.));
#731=DIRECTION('',(0.,0.,1.));
#732=DIRECTION('',(1.,0.,0.));
#733=DIRECTION('',(0.,0.,1.));
#734=DIRECTION('',(1.,0.,0.));
#735=DIRECTION('',(0.,0.,1.));
#736=DIRECTION('',(1.,0.,0.));
#737=DIRECTION('',(0.,0.,1.));
#738=DIRECTION('',(1.,0.,0.));
#739=DIRECTION('',(0.,0.,1.));
#740=DIRECTION('',(1.,0.,0.));
#741=DIRECTION('',(0.,0.,1.));
#742=DIRECTION('',(1.,0.,0.));
#743=CARTESIAN_POINT('',(0.,0.,0.));
#744=CARTESIAN_POINT('',(-39.2809089441163,-3.31209022243106,21.2281390099186));
#745=CARTESIAN_POINT('',(-39.2809089441163,-3.31209022243106,20.0281390099186));
#746=CARTESIAN_POINT('',(-37.8991377316557,-3.30341884466309,21.2281390099186));
#747=CARTESIAN_POINT('',(-37.8991377316557,-3.30341884466309,20.0281390099186));
#748=CARTESIAN_POINT('',(-34.6064434725918,-2.97573898090128,21.2281390099186));
#749=CARTESIAN_POINT('',(-34.6064434725918,-2.97573898090128,20.0281390099186));
#750=CARTESIAN_POINT('',(-32.2119638175551,-2.09956125172098,21.2281390099186));
#751=CARTESIAN_POINT('',(-32.2119638175551,-2.09956125172098,20.0281390099186));
#752=CARTESIAN_POINT('',(-31.2840838397275,-1.60805865388233,21.2281390099186));
#753=CARTESIAN_POINT('',(-31.2840838397275,-1.60805865388233,20.0281390099186));
#754=CARTESIAN_POINT('',(-39.2809089441163,-3.31209022243106,20.0281390099186));
#755=CARTESIAN_POINT('',(-37.7088644956431,-3.30222477498374,20.0281390099186));
#756=CARTESIAN_POINT('',(-34.3705939839775,-2.92777765955546,20.0281390099186));
#757=CARTESIAN_POINT('',(-32.0841925017103,-2.03188015592449,20.0281390099186));
#758=CARTESIAN_POINT('',(-31.2840838397275,-1.60805865388233,20.0281390099186));
#759=CARTESIAN_POINT('',(-39.2809089557863,-3.31209022250429,20.0281390099186));
#760=CARTESIAN_POINT('',(-31.2840838471188,-1.60805865779756,20.0281390099186));
#761=CARTESIAN_POINT('',(-39.2809089557863,-3.31209022250429,21.2281390099186));
#762=CARTESIAN_POINT('',(-39.2809089557863,-3.31209022250429,21.2281390099186));
#763=CARTESIAN_POINT('',(-39.2809089441163,-3.31209022243106,21.2281390099186));
#764=CARTESIAN_POINT('',(-37.7088644956431,-3.30222477498374,21.2281390099186));
#765=CARTESIAN_POINT('',(-34.3705939839775,-2.92777765955546,21.2281390099186));
#766=CARTESIAN_POINT('',(-32.0841925017103,-2.03188015592449,21.2281390099186));
#767=CARTESIAN_POINT('',(-31.2840838397275,-1.60805865388233,21.2281390099186));
#768=CARTESIAN_POINT('',(-31.2840838471188,-1.60805865779756,21.2281390099186));
#769=CARTESIAN_POINT('',(-31.2840838471188,-1.60805865779756,21.2281390099186));
#770=CARTESIAN_POINT('',(-35.8067100037984,-2.41705244377463E-13,21.2281390099186));
#771=CARTESIAN_POINT('',(-35.8067100037984,-2.41705244377463E-13,20.0281390099186));
#772=CARTESIAN_POINT('',(-35.8067100037984,-2.41705244377463E-13,21.2281390099186));
#773=CARTESIAN_POINT('',(-35.8004048353858,-2.46519102023299E-13,21.2281390099186));
#774=CARTESIAN_POINT('',(-35.8004048353858,-2.46519102023299E-13,20.0281390099186));
#775=CARTESIAN_POINT('',(0.,0.,0.));
#776=CARTESIAN_POINT('',(-35.7942098131046,-7.105427357601E-15,8.21881510188841));
#777=CARTESIAN_POINT('',(-31.9192098131046,-7.105427357601E-15,8.21881510188841));
#778=CARTESIAN_POINT('',(-31.9192098131046,-7.105427357601E-15,11.7094911938582));
#779=CARTESIAN_POINT('',(-31.9192098131046,-7.105427357601E-15,4.72813900991862));
#780=CARTESIAN_POINT('',(-35.7942098131046,-7.105427357601E-15,11.7094911938582));
#781=CARTESIAN_POINT('',(-35.7942098131046,-7.105427357601E-15,4.72813900991862));
#782=CARTESIAN_POINT('',(-42.9337034660632,-3.02286245285172,19.5169788659786));
#783=CARTESIAN_POINT('',(-42.9337034660633,-3.02286245285171,4.7281390099187));
#784=CARTESIAN_POINT('',(-42.9500744579476,-2.93319363207401,19.5169788659784));
#785=CARTESIAN_POINT('',(-42.9500744579476,-2.93319363207401,4.7281390099185));
#786=CARTESIAN_POINT('',(-43.0240332257998,-2.86685090567502,19.5169788659792));
#787=CARTESIAN_POINT('',(-43.0240332257999,-2.86685090567501,4.7281390099193));
#788=CARTESIAN_POINT('',(-43.1676990709155,-2.79977869043256,19.5169788659781));
#789=CARTESIAN_POINT('',(-43.1676990709156,-2.79977869043255,4.7281390099182));
#790=CARTESIAN_POINT('',(-43.3176838487726,-2.75046749133583,19.5169788659786));
#791=CARTESIAN_POINT('',(-43.3176838487726,-2.75046749133582,4.7281390099187));
#792=CARTESIAN_POINT('',(-43.4563367996666,-2.67626907861883,19.5169788659784));
#793=CARTESIAN_POINT('',(-43.4563367996666,-2.67626907861882,4.72813900991854));
#794=CARTESIAN_POINT('',(-43.5347417682513,-2.57902807911443,19.5169788659788));
#795=CARTESIAN_POINT('',(-43.5347417682513,-2.57902807911443,4.7281390099189));
#796=CARTESIAN_POINT('',(-43.5224544518548,-2.45461649749944,19.5169788659775));
#797=CARTESIAN_POINT('',(-43.5224544518548,-2.45461649749944,4.7281390099176));
#798=CARTESIAN_POINT('',(-43.4537719333347,-2.31325676890072,19.5169788659771));
#799=CARTESIAN_POINT('',(-43.4537719333348,-2.31325676890071,4.72813900991726));
#800=CARTESIAN_POINT('',(-43.3641961210965,-2.1824945302455,19.5169788659838));
#801=CARTESIAN_POINT('',(-43.3641961210965,-2.1824945302455,4.72813900992392));
#802=CARTESIAN_POINT('',(-43.2907687108668,-2.04573193511994,19.5169788659778));
#803=CARTESIAN_POINT('',(-43.2907687108668,-2.04573193511994,4.72813900991796));
#804=CARTESIAN_POINT('',(-43.2792997874656,-1.91764095152071,19.5169788659787));
#805=CARTESIAN_POINT('',(-43.2792997874657,-1.9176409515207,4.72813900991888));
#806=CARTESIAN_POINT('',(-43.3656860911077,-1.82368832634388,19.5169788659783));
#807=CARTESIAN_POINT('',(-43.3656860911078,-1.82368832634387,4.72813900991846));
#808=CARTESIAN_POINT('',(-43.46655937137,-1.76195219646289,19.5169788659788));
#809=CARTESIAN_POINT('',(-43.4665593713701,-1.76195219646289,4.72813900991892));
#810=CARTESIAN_POINT('',(-43.5723540095694,-1.70515303918796,19.5169788659784));
#811=CARTESIAN_POINT('',(-43.5723540095694,-1.70515303918795,4.72813900991852));
#812=CARTESIAN_POINT('',(-43.6745748075309,-1.64511627873674,19.5169788659785));
#813=CARTESIAN_POINT('',(-43.674574807531,-1.64511627873674,4.72813900991864));
#814=CARTESIAN_POINT('',(-43.7702749895334,-1.57109592576381,19.5169788659785));
#815=CARTESIAN_POINT('',(-43.7702749895335,-1.5710959257638,4.72813900991858));
#816=CARTESIAN_POINT('',(-43.8205400815527,-1.45221174626212,19.5169788659786));
#817=CARTESIAN_POINT('',(-43.8205400815527,-1.45221174626212,4.72813900991876));
#818=CARTESIAN_POINT('',(-43.7750400321063,-1.3327302042618,19.516978865978));
#819=CARTESIAN_POINT('',(-43.7750400321063,-1.3327302042618,4.72813900991814));
#820=CARTESIAN_POINT('',(-43.705026481741,-1.23572020463269,19.5169788659786));
#821=CARTESIAN_POINT('',(-43.705026481741,-1.23572020463269,4.72813900991874));
#822=CARTESIAN_POINT('',(-43.6256651366998,-1.14300604046754,19.5169788659785));
#823=CARTESIAN_POINT('',(-43.6256651366998,-1.14300604046754,4.72813900991858));
#824=CARTESIAN_POINT('',(-43.5494552855033,-1.05016599950648,19.5169788659785));
#825=CARTESIAN_POINT('',(-43.5494552855034,-1.05016599950648,4.72813900991864));
#826=CARTESIAN_POINT('',(-43.482020321567,-0.945223348684351,19.5169788659785));
#827=CARTESIAN_POINT('',(-43.482020321567,-0.945223348684349,4.7281390099186));
#828=CARTESIAN_POINT('',(-43.4908547466516,-0.816459652180993,19.5169788659785));
#829=CARTESIAN_POINT('',(-43.4908547466516,-0.816459652180991,4.7281390099186));
#830=CARTESIAN_POINT('',(-43.578283033745,-0.725887621978571,19.5169788659786));
#831=CARTESIAN_POINT('',(-43.5782830337451,-0.725887621978569,4.7281390099187));
#832=CARTESIAN_POINT('',(-43.6728737572868,-0.652100227022745,19.5169788659784));
#833=CARTESIAN_POINT('',(-43.6728737572869,-0.652100227022743,4.72813900991856));
#834=CARTESIAN_POINT('',(-43.7711458745105,-0.580043744499137,19.5169788659786));
#835=CARTESIAN_POINT('',(-43.7711458745106,-0.580043744499135,4.72813900991872));
#836=CARTESIAN_POINT('',(-43.8623178999117,-0.501991204828131,19.5169788659781));
#837=CARTESIAN_POINT('',(-43.8623178999118,-0.501991204828129,4.72813900991822));
#838=CARTESIAN_POINT('',(-43.9375280160244,-0.400320192531443,19.51697886598));
#839=CARTESIAN_POINT('',(-43.9375280160245,-0.400320192531441,4.72813900992008));
#840=CARTESIAN_POINT('',(-43.9262525593653,-0.272198732897023,19.516978865973));
#841=CARTESIAN_POINT('',(-43.9262525593654,-0.272198732897021,4.72813900991316));
#842=CARTESIAN_POINT('',(-43.8503301675155,-0.174429527355294,19.5169788659798));
#843=CARTESIAN_POINT('',(-43.8503301675155,-0.174429527355292,4.72813900991994));
#844=CARTESIAN_POINT('',(-43.7634234654057,-0.0911838298721561,19.5169788659786));
#845=CARTESIAN_POINT('',(-43.7634234654057,-0.0911838298721545,4.72813900991876));
#846=CARTESIAN_POINT('',(-43.6717062163455,-0.010910160057698,19.5169788659766));
#847=CARTESIAN_POINT('',(-43.6717062163455,-0.0109101600576963,4.72813900991674));
#848=CARTESIAN_POINT('',(-43.5866962376966,0.0714239702073507,19.5169788659859));
#849=CARTESIAN_POINT('',(-43.5866962376967,0.0714239702073523,4.728139009926));
#850=CARTESIAN_POINT('',(-43.5191497035138,0.183024505010456,19.5169788659765));
#851=CARTESIAN_POINT('',(-43.5191497035139,0.183024505010457,4.72813900991662));
#852=CARTESIAN_POINT('',(-43.5576922359871,0.308982976947801,19.516978865979));
#853=CARTESIAN_POINT('',(-43.5576922359872,0.308982976947803,4.72813900991916));
#854=CARTESIAN_POINT('',(-43.6394930037829,0.401136433929585,19.5169788659783));
#855=CARTESIAN_POINT('',(-43.6394930037829,0.401136433929587,4.72813900991846));
#856=CARTESIAN_POINT('',(-43.7268317660924,0.48718082288821,19.5169788659785));
#857=CARTESIAN_POINT('',(-43.7268317660924,0.487180822888212,4.72813900991864));
#858=CARTESIAN_POINT('',(-43.8123535379475,0.574827735707145,19.5169788659786));
#859=CARTESIAN_POINT('',(-43.8123535379475,0.574827735707147,4.72813900991872));
#860=CARTESIAN_POINT('',(-43.8876830397535,0.671053996833216,19.516978865978));
#861=CARTESIAN_POINT('',(-43.8876830397536,0.671053996833218,4.72813900991816));
#862=CARTESIAN_POINT('',(-43.9147561703045,0.801897332654153,19.5169788659786));
#863=CARTESIAN_POINT('',(-43.9147561703045,0.801897332654155,4.72813900991872));
#864=CARTESIAN_POINT('',(-43.839162987228,0.910920757509896,19.5169788659785));
#865=CARTESIAN_POINT('',(-43.8391629872281,0.910920757509898,4.7281390099186));
#866=CARTESIAN_POINT('',(-43.7426481860236,0.987108384293093,19.5169788659784));
#867=CARTESIAN_POINT('',(-43.7426481860237,0.987108384293095,4.72813900991852));
#868=CARTESIAN_POINT('',(-43.6380894107088,1.05646034166415,19.5169788659788));
#869=CARTESIAN_POINT('',(-43.6380894107089,1.05646034166416,4.72813900991892));
#870=CARTESIAN_POINT('',(-43.5354669314418,1.12650684127383,19.5169788659775));
#871=CARTESIAN_POINT('',(-43.5354669314418,1.12650684127383,4.7281390099176));
#872=CARTESIAN_POINT('',(-43.4576829044438,1.19889439068617,19.5169788659814));
#873=CARTESIAN_POINT('',(-43.4576829044438,1.19889439068617,4.72813900992156));
#874=CARTESIAN_POINT('',(-43.4269316554838,1.27820470686932,19.5169788659778));
#875=CARTESIAN_POINT('',(-43.4269316554838,1.27820470686932,4.7281390099179));
#876=CARTESIAN_POINT('',(-43.4333891751922,1.36302434185613,19.5169788659797));
#877=CARTESIAN_POINT('',(-43.4333891751922,1.36302434185613,4.72813900991986));
#878=CARTESIAN_POINT('',(-43.4838968097056,1.454968857977,19.5169788659816));
#879=CARTESIAN_POINT('',(-43.4838968097057,1.454968857977,4.72813900992176));
#880=CARTESIAN_POINT('',(-43.5579692885468,1.55409676638465,19.5169788659777));
#881=CARTESIAN_POINT('',(-43.5579692885469,1.55409676638465,4.7281390099178));
#882=CARTESIAN_POINT('',(-43.6336123533552,1.653016994402,19.5169788659787));
#883=CARTESIAN_POINT('',(-43.6336123533553,1.653016994402,4.72813900991888));
#884=CARTESIAN_POINT('',(-43.6999613270992,1.75745322519416,19.5169788659782));
#885=CARTESIAN_POINT('',(-43.6999613270993,1.75745322519417,4.72813900991836));
#886=CARTESIAN_POINT('',(-43.7333752616804,1.8837921739484,19.5169788659792));
#887=CARTESIAN_POINT('',(-43.7333752616804,1.88379217394841,4.72813900991936));
#888=CARTESIAN_POINT('',(-43.6652764959131,1.99689293152428,19.5169788659758));
#889=CARTESIAN_POINT('',(-43.6652764959132,1.99689293152429,4.72813900991588));
#890=CARTESIAN_POINT('',(-43.5262062828774,2.08673060554389,19.5169788659801));
#891=CARTESIAN_POINT('',(-43.5262062828775,2.08673060554389,4.7281390099202));
#892=CARTESIAN_POINT('',(-43.3764293278659,2.15173390567474,19.5169788659783));
#893=CARTESIAN_POINT('',(-43.3764293278659,2.15173390567475,4.72813900991842));
#894=CARTESIAN_POINT('',(-43.2341157916824,2.23290917417385,19.5169788659785));
#895=CARTESIAN_POINT('',(-43.2341157916825,2.23290917417386,4.72813900991864));
#896=CARTESIAN_POINT('',(-43.1588092528626,2.33882099815324,19.5169788659785));
#897=CARTESIAN_POINT('',(-43.1588092528626,2.33882099815324,4.7281390099186));
#898=CARTESIAN_POINT('',(-43.1859484957353,2.46520233953306,19.5169788659785));
#899=CARTESIAN_POINT('',(-43.1859484957353,2.46520233953306,4.72813900991862));
#900=CARTESIAN_POINT('',(-43.240784327249,2.57303880873387,19.5169788659787));
#901=CARTESIAN_POINT('',(-43.2407843272491,2.57303880873387,4.72813900991888));
#902=CARTESIAN_POINT('',(-43.3018138735822,2.67938672313993,19.5169788659774));
#903=CARTESIAN_POINT('',(-43.3018138735822,2.67938672313994,4.72813900991752));
#904=CARTESIAN_POINT('',(-43.3567168253623,2.78682042048276,19.5169788659825));
#905=CARTESIAN_POINT('',(-43.3567168253623,2.78682042048276,4.72813900992266));
#906=CARTESIAN_POINT('',(-43.3963590810621,2.9056525166237,19.5169788659633));
#907=CARTESIAN_POINT('',(-43.3963590810622,2.9056525166237,4.72813900990344));
#908=CARTESIAN_POINT('',(-43.3599277498951,3.03141114428096,19.5169788659826));
#909=CARTESIAN_POINT('',(-43.3599277498951,3.03141114428096,4.72813900992268));
#910=CARTESIAN_POINT('',(-43.2522678974006,3.10099128067222,19.5169788659774));
#911=CARTESIAN_POINT('',(-43.2522678974006,3.10099128067223,4.72813900991752));
#912=CARTESIAN_POINT('',(-43.1383561662655,3.14477177676898,19.5169788659788));
#913=CARTESIAN_POINT('',(-43.1383561662656,3.14477177676898,4.72813900991892));
#914=CARTESIAN_POINT('',(-43.0201483791061,3.18125652780536,19.5169788659784));
#915=CARTESIAN_POINT('',(-43.0201483791061,3.18125652780536,4.72813900991854));
#916=CARTESIAN_POINT('',(-42.9061501740185,3.22115972946292,19.5169788659785));
#917=CARTESIAN_POINT('',(-42.9061501740185,3.22115972946292,4.72813900991864));
#918=CARTESIAN_POINT('',(-42.7929323184511,3.28515359160783,19.5169788659785));
#919=CARTESIAN_POINT('',(-42.7929323184512,3.28515359160784,4.7281390099186));
#920=CARTESIAN_POINT('',(-42.7575164773754,3.41340814924387,19.5169788659785));
#921=CARTESIAN_POINT('',(-42.7575164773755,3.41340814924388,4.72813900991866));
#922=CARTESIAN_POINT('',(-42.7927997602147,3.53446677735556,19.5169788659783));
#923=CARTESIAN_POINT('',(-42.7927997602148,3.53446677735557,4.72813900991844));
#924=CARTESIAN_POINT('',(-42.8372811522419,3.6502080704563,19.5169788659792));
#925=CARTESIAN_POINT('',(-42.8372811522419,3.6502080704563,4.72813900991936));
#926=CARTESIAN_POINT('',(-42.8818408415455,3.76688854386457,19.5169788659765));
#927=CARTESIAN_POINT('',(-42.8818408415456,3.76688854386458,4.72813900991664));
#928=CARTESIAN_POINT('',(-42.9140347708367,3.88615071564347,19.5169788659789));
#929=CARTESIAN_POINT('',(-42.9140347708367,3.88615071564347,4.72813900991902));
#930=CARTESIAN_POINT('',(-42.8962726695061,4.01770194627658,19.5169788659788));
#931=CARTESIAN_POINT('',(-42.8962726695061,4.01770194627659,4.72813900991892));
#932=CARTESIAN_POINT('',(-42.7882725812819,4.0944573758621,19.5169788659768));
#933=CARTESIAN_POINT('',(-42.7882725812819,4.0944573758621,4.72813900991692));
#934=CARTESIAN_POINT('',(-42.6683351426439,4.1269239533645,19.516978865978));
#935=CARTESIAN_POINT('',(-42.668335142644,4.1269239533645,4.7281390099181));
#936=CARTESIAN_POINT('',(-42.5452539089282,4.14813035423024,19.5169788659786));
#937=CARTESIAN_POINT('',(-42.5452539089282,4.14813035423024,4.72813900991876));
#938=CARTESIAN_POINT('',(-42.4235666846701,4.17007746084001,19.5169788659784));
#939=CARTESIAN_POINT('',(-42.4235666846701,4.17007746084002,4.72813900991852));
#940=CARTESIAN_POINT('',(-42.3009234037803,4.2052321366758,19.5169788659787));
#941=CARTESIAN_POINT('',(-42.3009234037804,4.20523213667581,4.72813900991884));
#942=CARTESIAN_POINT('',(-42.2181916938751,4.30825528561052,19.5169788659777));
#943=CARTESIAN_POINT('',(-42.2181916938751,4.30825528561052,4.72813900991778));
#944=CARTESIAN_POINT('',(-42.2261807362646,4.43749971063145,19.5169788659816));
#945=CARTESIAN_POINT('',(-42.2261807362646,4.43749971063145,4.72813900992172));
#946=CARTESIAN_POINT('',(-42.2516767727476,4.55656645844503,19.5169788659777));
#947=CARTESIAN_POINT('',(-42.2516767727476,4.55656645844503,4.72813900991778));
#948=CARTESIAN_POINT('',(-42.2811106806037,4.67705199609518,19.5169788659787));
#949=CARTESIAN_POINT('',(-42.2811106806038,4.67705199609518,4.72813900991886));
#950=CARTESIAN_POINT('',(-42.3009854161149,4.79767406127387,19.5169788659784));
#951=CARTESIAN_POINT('',(-42.3009854161149,4.79767406127387,4.72813900991848));
#952=CARTESIAN_POINT('',(-42.2906015848083,4.92635199886232,19.5169788659788));
#953=CARTESIAN_POINT('',(-42.2906015848083,4.92635199886232,4.72813900991892));
#954=CARTESIAN_POINT('',(-42.1937847758502,5.01396899023175,19.5169788659774));
#955=CARTESIAN_POINT('',(-42.1937847758502,5.01396899023175,4.7281390099175));
#956=CARTESIAN_POINT('',(-42.0716288965927,5.03775358802997,19.5169788659787));
#957=CARTESIAN_POINT('',(-42.0716288965928,5.03775358802997,4.7281390099188));
#958=CARTESIAN_POINT('',(-41.9501976778773,5.04486096105486,19.5169788659788));
#959=CARTESIAN_POINT('',(-41.9501976778774,5.04486096105486,4.72813900991896));
#960=CARTESIAN_POINT('',(-41.8269415934649,5.04766691673969,19.5169788659769));
#961=CARTESIAN_POINT('',(-41.8269415934649,5.04766691673969,4.72813900991702));
#962=CARTESIAN_POINT('',(-41.7070418519805,5.05709478277524,19.5169788659845));
#963=CARTESIAN_POINT('',(-41.7070418519805,5.05709478277524,4.72813900992466));
#964=CARTESIAN_POINT('',(-41.5857316164315,5.10829194516574,19.5169788659768));
#965=CARTESIAN_POINT('',(-41.5857316164316,5.10829194516574,4.72813900991698));
#966=CARTESIAN_POINT('',(-41.5450647216609,5.23400076092444,19.516978865979));
#967=CARTESIAN_POINT('',(-41.5450647216609,5.23400076092444,4.72813900991912));
#968=CARTESIAN_POINT('',(-41.5501928130174,5.35739399680393,19.5169788659784));
#969=CARTESIAN_POINT('',(-41.5501928130174,5.35739399680393,4.72813900991848));
#970=CARTESIAN_POINT('',(-41.5624580328843,5.48076049107305,19.5169788659785));
#971=CARTESIAN_POINT('',(-41.5624580328844,5.48076049107305,4.72813900991862));
#972=CARTESIAN_POINT('',(-41.5704806058458,5.60385248149806,19.5169788659786));
#973=CARTESIAN_POINT('',(-41.5704806058459,5.60385248149806,4.7281390099187));
#974=CARTESIAN_POINT('',(-41.5616502169326,5.7293251804322,19.5169788659781));
#975=CARTESIAN_POINT('',(-41.5616502169327,5.7293251804322,4.72813900991828));
#976=CARTESIAN_POINT('',(-41.4852831646659,5.83599421258458,19.5169788659786));
#977=CARTESIAN_POINT('',(-41.485283164666,5.83599421258458,4.7281390099187));
#978=CARTESIAN_POINT('',(-41.3584127134874,5.86120747051124,19.5169788659785));
#979=CARTESIAN_POINT('',(-41.3584127134874,5.86120747051124,4.7281390099186));
#980=CARTESIAN_POINT('',(-41.2365482559745,5.85601554702676,19.5169788659785));
#981=CARTESIAN_POINT('',(-41.2365482559745,5.85601554702676,4.72813900991862));
#982=CARTESIAN_POINT('',(-41.1141249693702,5.84152673052738,19.5169788659785));
#983=CARTESIAN_POINT('',(-41.1141249693703,5.84152673052738,4.72813900991862));
#984=CARTESIAN_POINT('',(-40.9929125631585,5.83087481928212,19.5169788659785));
#985=CARTESIAN_POINT('',(-40.9929125631586,5.83087481928212,4.72813900991862));
#986=CARTESIAN_POINT('',(-40.8660598372482,5.83854353337422,19.5169788659785));
#987=CARTESIAN_POINT('',(-40.8660598372483,5.83854353337422,4.72813900991862));
#988=CARTESIAN_POINT('',(-40.7735669478234,5.93022937725205,19.5169788659785));
#989=CARTESIAN_POINT('',(-40.7735669478235,5.93022937725205,4.7281390099186));
#990=CARTESIAN_POINT('',(-40.7526826379026,6.05372820045571,19.5169788659785));
#991=CARTESIAN_POINT('',(-40.7526826379027,6.05372820045571,4.72813900991862));
#992=CARTESIAN_POINT('',(-40.7453964145955,6.17480881750987,19.5169788659785));
#993=CARTESIAN_POINT('',(-40.7453964145956,6.17480881750987,4.72813900991862));
#994=CARTESIAN_POINT('',(-40.7398511258066,6.29751838968867,19.5169788659784));
#995=CARTESIAN_POINT('',(-40.7398511258066,6.29751838968867,4.72813900991856));
#996=CARTESIAN_POINT('',(-40.7241643116795,6.41648721812569,19.5169788659785));
#997=CARTESIAN_POINT('',(-40.7241643116796,6.41648721812569,4.72813900991862));
#998=CARTESIAN_POINT('',(-40.6706523375046,6.53558398103913,19.5169788659785));
#999=CARTESIAN_POINT('',(-40.6706523375047,6.53558398103913,4.7281390099186));
#1000=CARTESIAN_POINT('',(-40.5470774414018,6.58103924441424,19.5169788659785));
#1001=CARTESIAN_POINT('',(-40.5470774414018,6.58103924441424,4.72813900991862));
#1002=CARTESIAN_POINT('',(-40.4235707100185,6.5664308350261,19.5169788659784));
#1003=CARTESIAN_POINT('',(-40.4235707100186,6.5664308350261,4.72813900991856));
#1004=CARTESIAN_POINT('',(-40.303658534664,6.53797848857633,19.5169788659784));
#1005=CARTESIAN_POINT('',(-40.3036585346641,6.53797848857633,4.7281390099185));
#1006=CARTESIAN_POINT('',(-40.1842128159617,6.50727623458476,19.516978865979));
#1007=CARTESIAN_POINT('',(-40.1842128159618,6.50727623458476,4.7281390099191));
#1008=CARTESIAN_POINT('',(-40.0626545859197,6.48463313472042,19.5169788659784));
#1009=CARTESIAN_POINT('',(-40.0626545859197,6.48463313472042,4.7281390099185));
#1010=CARTESIAN_POINT('',(-39.9349912058717,6.51725869890061,19.5169788659785));
#1011=CARTESIAN_POINT('',(-39.9349912058717,6.51725869890061,4.72813900991862));
#1012=CARTESIAN_POINT('',(-39.8744093906923,6.6332046844625,19.5169788659786));
#1013=CARTESIAN_POINT('',(-39.8744093906923,6.6332046844625,4.7281390099187));
#1014=CARTESIAN_POINT('',(-39.8472256393136,6.7516746560118,19.5169788659781));
#1015=CARTESIAN_POINT('',(-39.8472256393136,6.7516746560118,4.72813900991824));
#1016=CARTESIAN_POINT('',(-39.825513071126,6.87309300630519,19.5169788659799));
#1017=CARTESIAN_POINT('',(-39.8255130711261,6.87309300630519,4.72813900992));
#1018=CARTESIAN_POINT('',(-39.797938066556,6.99175503794632,19.5169788659733));
#1019=CARTESIAN_POINT('',(-39.797938066556,6.99175503794632,4.72813900991344));
#1020=CARTESIAN_POINT('',(-39.7507134354529,7.10793896670238,19.5169788659797));
#1021=CARTESIAN_POINT('',(-39.750713435453,7.10793896670238,4.72813900991982));
#1022=CARTESIAN_POINT('',(-39.6398661630718,7.17786860979989,19.5169788659781));
#1023=CARTESIAN_POINT('',(-39.6398661630719,7.17786860979989,4.72813900991828));
#1024=CARTESIAN_POINT('',(-39.5135147568873,7.16033911864695,19.5169788659786));
#1025=CARTESIAN_POINT('',(-39.5135147568874,7.16033911864695,4.7281390099187));
#1026=CARTESIAN_POINT('',(-39.3987326936081,7.12056049299077,19.5169788659785));
#1027=CARTESIAN_POINT('',(-39.3987326936081,7.12056049299077,4.7281390099186));
#1028=CARTESIAN_POINT('',(-39.2846935065078,7.07245668421318,19.5169788659785));
#1029=CARTESIAN_POINT('',(-39.2846935065079,7.07245668421318,4.7281390099186));
#1030=CARTESIAN_POINT('',(-39.1715851910219,7.02997509000501,19.5169788659785));
#1031=CARTESIAN_POINT('',(-39.1715851910219,7.02997509000501,4.72813900991864));
#1032=CARTESIAN_POINT('',(-39.0441173144743,7.00770477990095,19.5169788659784));
#1033=CARTESIAN_POINT('',(-39.0441173144743,7.00770477990095,4.7281390099185));
#1034=CARTESIAN_POINT('',(-38.9362498200759,7.0846387788669,19.516978865979));
#1035=CARTESIAN_POINT('',(-38.936249820076,7.0846387788669,4.72813900991912));
#1036=CARTESIAN_POINT('',(-38.8693979916693,7.2370770868596,19.5169788659781));
#1037=CARTESIAN_POINT('',(-38.8693979916693,7.2370770868596,4.72813900991824));
#1038=CARTESIAN_POINT('',(-38.8233823627033,7.39352949833697,19.516978865979));
#1039=CARTESIAN_POINT('',(-38.8233823627034,7.39352949833697,4.72813900991912));
#1040=CARTESIAN_POINT('',(-38.7549831060124,7.54193311832826,19.5169788659775));
#1041=CARTESIAN_POINT('',(-38.7549831060124,7.54193311832826,4.72813900991766));
#1042=CARTESIAN_POINT('',(-38.6613253668496,7.63190433524648,19.5169788659787));
#1043=CARTESIAN_POINT('',(-38.6613253668497,7.63190433524648,4.72813900991884));
#1044=CARTESIAN_POINT('',(-38.5315368636243,7.62680259921251,19.5169788659784));
#1045=CARTESIAN_POINT('',(-38.5315368636244,7.62680259921251,4.72813900991856));
#1046=CARTESIAN_POINT('',(-38.3839066833542,7.56093419090091,19.5169788659785));
#1047=CARTESIAN_POINT('',(-38.3839066833543,7.56093419090091,4.7281390099186));
#1048=CARTESIAN_POINT('',(-38.246558551343,7.47315544013408,19.5169788659787));
#1049=CARTESIAN_POINT('',(-38.246558551343,7.47315544013408,4.72813900991878));
#1050=CARTESIAN_POINT('',(-38.0982880933781,7.40236329602675,19.5169788659785));
#1051=CARTESIAN_POINT('',(-38.0982880933781,7.40236329602675,4.7281390099186));
#1052=CARTESIAN_POINT('',(-37.9688328110696,7.40845964754977,19.5169788659785));
#1053=CARTESIAN_POINT('',(-37.9688328110697,7.40845964754977,4.7281390099186));
#1054=CARTESIAN_POINT('',(-37.8841916192011,7.50486211530932,19.5169788659785));
#1055=CARTESIAN_POINT('',(-37.8841916192011,7.50486211530932,4.72813900991864));
#1056=CARTESIAN_POINT('',(-37.8261375582435,7.61078271208849,19.5169788659787));
#1057=CARTESIAN_POINT('',(-37.8261375582435,7.61078271208849,4.72813900991884));
#1058=CARTESIAN_POINT('',(-37.7722078859711,7.72080879228087,19.5169788659775));
#1059=CARTESIAN_POINT('',(-37.7722078859712,7.72080879228087,4.7281390099176));
#1060=CARTESIAN_POINT('',(-37.7127389748739,7.82651921603013,19.5169788659822));
#1061=CARTESIAN_POINT('',(-37.712738974874,7.82651921603013,4.72813900992236));
#1062=CARTESIAN_POINT('',(-37.6330775242232,7.92410628720769,19.5169788659645));
#1063=CARTESIAN_POINT('',(-37.6330775242232,7.92410628720769,4.7281390099046));
#1064=CARTESIAN_POINT('',(-37.5072348724126,7.95500369979559,19.5169788659822));
#1065=CARTESIAN_POINT('',(-37.5072348724127,7.95500369979559,4.72813900992236));
#1066=CARTESIAN_POINT('',(-37.3927371023369,7.90241858643276,19.5169788659775));
#1067=CARTESIAN_POINT('',(-37.3927371023369,7.90241858643276,4.7281390099176));
#1068=CARTESIAN_POINT('',(-37.2941775106959,7.83269288181907,19.5169788659788));
#1069=CARTESIAN_POINT('',(-37.294177510696,7.83269288181907,4.72813900991894));
#1070=CARTESIAN_POINT('',(-37.1988332257643,7.75576304777004,19.5169788659782));
#1071=CARTESIAN_POINT('',(-37.1988332257643,7.75576304777004,4.7281390099183));
#1072=CARTESIAN_POINT('',(-37.1015211243148,7.68389491665509,19.5169788659793));
#1073=CARTESIAN_POINT('',(-37.1015211243148,7.68389491665509,4.72813900991944));
#1074=CARTESIAN_POINT('',(-36.9870565091674,7.62914986543566,19.5169788659783));
#1075=CARTESIAN_POINT('',(-36.9870565091675,7.62914986543566,4.7281390099184));
#1076=CARTESIAN_POINT('',(-36.8638835674289,7.67174977266201,19.5169788659785));
#1077=CARTESIAN_POINT('',(-36.8638835674289,7.67174977266201,4.72813900991866));
#1078=CARTESIAN_POINT('',(-36.7845336862852,7.76629522809582,19.5169788659785));
#1079=CARTESIAN_POINT('',(-36.7845336862852,7.76629522809582,4.7281390099186));
#1080=CARTESIAN_POINT('',(-36.714606544553,7.86583724279317,19.5169788659785));
#1081=CARTESIAN_POINT('',(-36.7146065445531,7.86583724279317,4.7281390099186));
#1082=CARTESIAN_POINT('',(-36.6446589130283,7.9660851568989,19.5169788659785));
#1083=CARTESIAN_POINT('',(-36.6446589130284,7.9660851568989,4.7281390099186));
#1084=CARTESIAN_POINT('',(-36.5657571142285,8.05850573642142,19.5169788659785));
#1085=CARTESIAN_POINT('',(-36.5657571142286,8.05850573642142,4.7281390099186));
#1086=CARTESIAN_POINT('',(-36.4535762388559,8.12216399895629,19.5169788659785));
#1087=CARTESIAN_POINT('',(-36.4535762388559,8.12216399895629,4.7281390099186));
#1088=CARTESIAN_POINT('',(-36.32975090956,8.0863396633586,19.5169788659785));
#1089=CARTESIAN_POINT('',(-36.3297509095601,8.0863396633586,4.7281390099186));
#1090=CARTESIAN_POINT('',(-36.2361746539654,8.0093912682579,19.5169788659785));
#1091=CARTESIAN_POINT('',(-36.2361746539655,8.0093912682579,4.7281390099186));
#1092=CARTESIAN_POINT('',(-36.151696432771,7.92316415975782,19.5169788659785));
#1093=CARTESIAN_POINT('',(-36.151696432771,7.92316415975782,4.72813900991862));
#1094=CARTESIAN_POINT('',(-36.0680691587239,7.83557182794661,19.5169788659784));
#1095=CARTESIAN_POINT('',(-36.0680691587239,7.83557182794661,4.72813900991854));
#1096=CARTESIAN_POINT('',(-35.9785376452973,7.7544106981891,19.5169788659787));
#1097=CARTESIAN_POINT('',(-35.9785376452973,7.7544106981891,4.7281390099188));
#1098=CARTESIAN_POINT('',(-35.8561531694539,7.71500184016021,19.5169788659778));
#1099=CARTESIAN_POINT('',(-35.8561531694539,7.71500184016021,4.7281390099179));
#1100=CARTESIAN_POINT('',(-35.7445482852126,7.77811308350301,19.5169788659812));
#1101=CARTESIAN_POINT('',(-35.7445482852126,7.77811308350301,4.7281390099213));
#1102=CARTESIAN_POINT('',(-35.6593744144941,7.86266191494464,19.5169788659778));
#1103=CARTESIAN_POINT('',(-35.6593744144941,7.86266191494464,4.7281390099179));
#1104=CARTESIAN_POINT('',(-35.5776710441931,7.95282475693146,19.5169788659786));
#1105=CARTESIAN_POINT('',(-35.5776710441931,7.95282475693146,4.72813900991872));
#1106=CARTESIAN_POINT('',(-35.4929118344975,8.03850420202067,19.5169788659787));
#1107=CARTESIAN_POINT('',(-35.4929118344975,8.03850420202067,4.72813900991882));
#1108=CARTESIAN_POINT('',(-35.3936199100556,8.11314895232571,19.5169788659775));
#1109=CARTESIAN_POINT('',(-35.3936199100556,8.11314895232571,4.72813900991762));
#1110=CARTESIAN_POINT('',(-35.2656947376253,8.12299062981366,19.5169788659803));
#1111=CARTESIAN_POINT('',(-35.2656947376254,8.12299062981366,4.72813900992046));
#1112=CARTESIAN_POINT('',(-35.1649091750675,8.04638009450341,19.516978865972));
#1113=CARTESIAN_POINT('',(-35.1649091750675,8.04638009450341,4.72813900991212));
#1114=CARTESIAN_POINT('',(-35.0886211706813,7.95424164607411,19.5169788659803));
#1115=CARTESIAN_POINT('',(-35.0886211706814,7.95424164607411,4.72813900992044));
#1116=CARTESIAN_POINT('',(-35.0183267382131,7.8548507410266,19.5169788659777));
#1117=CARTESIAN_POINT('',(-35.0183267382131,7.8548507410266,4.72813900991778));
#1118=CARTESIAN_POINT('',(-34.946173012779,7.75884897276573,19.5169788659806));
#1119=CARTESIAN_POINT('',(-34.9461730127791,7.75884897276573,4.72813900992076));
#1120=CARTESIAN_POINT('',(-34.8583073493068,7.67019479159687,19.516978865978));
#1121=CARTESIAN_POINT('',(-34.8583073493069,7.67019479159687,4.72813900991812));
#1122=CARTESIAN_POINT('',(-34.7305276284552,7.65671255242535,19.5169788659783));
#1123=CARTESIAN_POINT('',(-34.7305276284553,7.65671255242535,4.7281390099184));
#1124=CARTESIAN_POINT('',(-34.6243378991452,7.72123740260764,19.5169788659798));
#1125=CARTESIAN_POINT('',(-34.6243378991452,7.72123740260764,4.72813900991988));
#1126=CARTESIAN_POINT('',(-34.5306182307739,7.79511904731259,19.516978865978));
#1127=CARTESIAN_POINT('',(-34.530618230774,7.79511904731259,4.7281390099181));
#1128=CARTESIAN_POINT('',(-34.4375631606599,7.87226744060651,19.5169788659793));
#1129=CARTESIAN_POINT('',(-34.43756316066,7.87226744060651,4.7281390099194));
#1130=CARTESIAN_POINT('',(-34.3397503368523,7.94089650367084,19.5169788659748));
#1131=CARTESIAN_POINT('',(-34.3397503368523,7.94089650367084,4.7281390099149));
#1132=CARTESIAN_POINT('',(-34.2227732222702,7.98639986385649,19.5169788659795));
#1133=CARTESIAN_POINT('',(-34.2227732222702,7.98639986385649,4.7281390099196));
#1134=CARTESIAN_POINT('',(-34.1035472939524,7.94118361060889,19.5169788659782));
#1135=CARTESIAN_POINT('',(-34.1035472939524,7.94118361060889,4.72813900991834));
#1136=CARTESIAN_POINT('',(-34.0287449628582,7.84472326258127,19.5169788659785));
#1137=CARTESIAN_POINT('',(-34.0287449628582,7.84472326258127,4.7281390099186));
#1138=CARTESIAN_POINT('',(-33.969890883654,7.74167358874816,19.5169788659786));
#1139=CARTESIAN_POINT('',(-33.969890883654,7.74167358874816,4.72813900991868));
#1140=CARTESIAN_POINT('',(-33.9151834004004,7.635014214242,19.5169788659782));
#1141=CARTESIAN_POINT('',(-33.9151834004004,7.635014214242,4.7281390099183));
#1142=CARTESIAN_POINT('',(-33.8558116613823,7.53301893620454,19.5169788659834));
#1143=CARTESIAN_POINT('',(-33.8558116613823,7.53301893620454,4.7281390099235));
#1144=CARTESIAN_POINT('',(-33.7684851337786,7.44285726830361,19.5169788659773));
#1145=CARTESIAN_POINT('',(-33.7684851337787,7.44285726830361,4.72813900991746));
#1146=CARTESIAN_POINT('',(-33.6420228108825,7.44283772051624,19.5169788659782));
#1147=CARTESIAN_POINT('',(-33.6420228108826,7.44283772051624,4.72813900991832));
#1148=CARTESIAN_POINT('',(-33.4994780114829,7.51359744333771,19.5169788659817));
#1149=CARTESIAN_POINT('',(-33.4994780114829,7.51359744333771,4.72813900992184));
#1150=CARTESIAN_POINT('',(-33.3669475909716,7.60145819059594,19.5169788659775));
#1151=CARTESIAN_POINT('',(-33.3669475909717,7.60145819059594,4.72813900991764));
#1152=CARTESIAN_POINT('',(-33.2254567493697,7.6689940780818,19.5169788659787));
#1153=CARTESIAN_POINT('',(-33.2254567493698,7.6689940780818,4.7281390099188));
#1154=CARTESIAN_POINT('',(-33.0998133433071,7.68416595990721,19.5169788659784));
#1155=CARTESIAN_POINT('',(-33.0998133433072,7.68416595990721,4.72813900991852));
#1156=CARTESIAN_POINT('',(-32.999514244939,7.60575407812511,19.5169788659786));
#1157=CARTESIAN_POINT('',(-32.9995142449391,7.60575407812511,4.72813900991876));
#1158=CARTESIAN_POINT('',(-32.9261503550677,7.46326280984125,19.5169788659777));
#1159=CARTESIAN_POINT('',(-32.9261503550678,7.46326280984125,4.72813900991782));
#1160=CARTESIAN_POINT('',(-32.8777058963225,7.31042300093654,19.5169788659801));
#1161=CARTESIAN_POINT('',(-32.8777058963226,7.31042300093654,4.72813900992022));
#1162=CARTESIAN_POINT('',(-32.8156195052487,7.16521881002404,19.5169788659782));
#1163=CARTESIAN_POINT('',(-32.8156195052488,7.16521881002404,4.7281390099183));
#1164=CARTESIAN_POINT('',(-32.7261972462418,7.07206924018284,19.5169788659786));
#1165=CARTESIAN_POINT('',(-32.7261972462419,7.07206924018284,4.72813900991868));
#1166=CARTESIAN_POINT('',(-32.5976192483823,7.07676664956162,19.5169788659785));
#1167=CARTESIAN_POINT('',(-32.5976192483823,7.07676664956162,4.72813900991858));
#1168=CARTESIAN_POINT('',(-32.447070065403,7.1324636872371,19.5169788659785));
#1169=CARTESIAN_POINT('',(-32.447070065403,7.1324636872371,4.72813900991864));
#1170=CARTESIAN_POINT('',(-32.3009373131513,7.2020238116582,19.5169788659784));
#1171=CARTESIAN_POINT('',(-32.3009373131514,7.2020238116582,4.7281390099185));
#1172=CARTESIAN_POINT('',(-32.1422877744382,7.24271911331587,19.5169788659785));
#1173=CARTESIAN_POINT('',(-32.1422877744382,7.24271911331587,4.72813900991862));
#1174=CARTESIAN_POINT('',(-32.0175312780643,7.20928609139926,19.5169788659785));
#1175=CARTESIAN_POINT('',(-32.0175312780644,7.20928609139926,4.72813900991862));
#1176=CARTESIAN_POINT('',(-31.9512017245787,7.09985127588721,19.5169788659783));
#1177=CARTESIAN_POINT('',(-31.9512017245787,7.09985127588721,4.72813900991846));
#1178=CARTESIAN_POINT('',(-31.9179416033489,6.98536362004799,19.516978865979));
#1179=CARTESIAN_POINT('',(-31.9179416033489,6.98536362004799,4.7281390099191));
#1180=CARTESIAN_POINT('',(-31.893763065587,6.86608541597239,19.5169788659766));
#1181=CARTESIAN_POINT('',(-31.8937630655871,6.86608541597239,4.72813900991676));
#1182=CARTESIAN_POINT('',(-31.8676100210245,6.74895489976764,19.5169788659853));
#1183=CARTESIAN_POINT('',(-31.8676100210246,6.74895489976764,4.72813900992544));
#1184=CARTESIAN_POINT('',(-31.8268798227023,6.63167035224393,19.5169788659767));
#1185=CARTESIAN_POINT('',(-31.8268798227024,6.63167035224393,4.72813900991678));
#1186=CARTESIAN_POINT('',(-31.7215008328387,6.55828544244588,19.5169788659789));
#1187=CARTESIAN_POINT('',(-31.7215008328388,6.55828544244588,4.72813900991906));
#1188=CARTESIAN_POINT('',(-31.5966048274692,6.57046359223531,19.5169788659784));
#1189=CARTESIAN_POINT('',(-31.5966048274693,6.57046359223531,4.72813900991856));
#1190=CARTESIAN_POINT('',(-31.4808915898225,6.5991833968416,19.5169788659784));
#1191=CARTESIAN_POINT('',(-31.4808915898226,6.5991833968416,4.72813900991856));
#1192=CARTESIAN_POINT('',(-31.3644715786703,6.63212659784728,19.5169788659786));
#1193=CARTESIAN_POINT('',(-31.3644715786704,6.63212659784728,4.72813900991876));
#1194=CARTESIAN_POINT('',(-31.2472339519902,6.6562272548232,19.5169788659778));
#1195=CARTESIAN_POINT('',(-31.2472339519903,6.6562272548232,4.72813900991796));
#1196=CARTESIAN_POINT('',(-31.1224886437577,6.65519540203741,19.5169788659786));
#1197=CARTESIAN_POINT('',(-31.1224886437578,6.65519540203741,4.72813900991876));
#1198=CARTESIAN_POINT('',(-31.0254722536041,6.57217350284738,19.5169788659785));
#1199=CARTESIAN_POINT('',(-31.0254722536041,6.57217350284738,4.72813900991858));
#1200=CARTESIAN_POINT('',(-30.9932895103513,6.45344474268806,19.5169788659785));
#1201=CARTESIAN_POINT('',(-30.9932895103514,6.45344474268806,4.72813900991858));
#1202=CARTESIAN_POINT('',(-30.9804848951131,6.33542842409527,19.5169788659786));
#1203=CARTESIAN_POINT('',(-30.9804848951131,6.33542842409527,4.72813900991872));
#1204=CARTESIAN_POINT('',(-30.9739834812309,6.21558730361245,19.516978865978));
#1205=CARTESIAN_POINT('',(-30.9739834812309,6.21558730361245,4.72813900991812));
#1206=CARTESIAN_POINT('',(-30.9619324432861,6.09793330409823,19.5169788659802));
#1207=CARTESIAN_POINT('',(-30.9619324432861,6.09793330409823,4.72813900992034));
#1208=CARTESIAN_POINT('',(-30.923940789103,5.97891983157817,19.516978865978));
#1209=CARTESIAN_POINT('',(-30.9239407891031,5.97891983157817,4.72813900991814));
#1210=CARTESIAN_POINT('',(-30.812036686157,5.919650355285,19.5169788659785));
#1211=CARTESIAN_POINT('',(-30.812036686157,5.919650355285,4.72813900991862));
#1212=CARTESIAN_POINT('',(-30.6918053399927,5.92314159132468,19.5169788659788));
#1213=CARTESIAN_POINT('',(-30.6918053399928,5.92314159132468,4.72813900991894));
#1214=CARTESIAN_POINT('',(-30.5741957297214,5.93720311753209,19.5169788659784));
#1215=CARTESIAN_POINT('',(-30.5741957297215,5.93720311753209,4.72813900991854));
#1216=CARTESIAN_POINT('',(-30.4557304106172,5.95223924534638,19.5169788659784));
#1217=CARTESIAN_POINT('',(-30.4557304106172,5.95223924534638,4.7281390099185));
#1218=CARTESIAN_POINT('',(-30.3390097881183,5.956489397208,19.5169788659785));
#1219=CARTESIAN_POINT('',(-30.3390097881183,5.956489397208,4.72813900991862));
#1220=CARTESIAN_POINT('',(-30.2161951305136,5.92470604860996,19.5169788659785));
#1221=CARTESIAN_POINT('',(-30.2161951305136,5.92470604860996,4.7281390099186));
#1222=CARTESIAN_POINT('',(-30.1501404931825,5.81500828070057,19.5169788659785));
#1223=CARTESIAN_POINT('',(-30.1501404931825,5.81500828070057,4.7281390099186));
#1224=CARTESIAN_POINT('',(-30.1417668133011,5.69403466500818,19.5169788659785));
#1225=CARTESIAN_POINT('',(-30.1417668133012,5.69403466500818,4.7281390099186));
#1226=CARTESIAN_POINT('',(-30.1480380403915,5.57417352198673,19.5169788659785));
#1227=CARTESIAN_POINT('',(-30.1480380403916,5.57417352198673,4.7281390099186));
#1228=CARTESIAN_POINT('',(-30.1577700042971,5.45411224307122,19.5169788659785));
#1229=CARTESIAN_POINT('',(-30.1577700042972,5.45411224307122,4.72813900991862));
#1230=CARTESIAN_POINT('',(-30.1600516596007,5.33460608087725,19.5169788659785));
#1231=CARTESIAN_POINT('',(-30.1600516596007,5.33460608087725,4.7281390099186));
#1232=CARTESIAN_POINT('',(-30.1206491,5.2131527090799,19.5169788659785));
#1233=CARTESIAN_POINT('',(-30.1206491000001,5.2131527090799,4.7281390099186));
#1234=CARTESIAN_POINT('',(-30.0046533507431,5.16092711436552,19.5169788659785));
#1235=CARTESIAN_POINT('',(-30.0046533507431,5.16092711436552,4.72813900991862));
#1236=CARTESIAN_POINT('',(-29.8859923578511,5.15225800014723,19.5169788659784));
#1237=CARTESIAN_POINT('',(-29.8859923578512,5.15225800014723,4.7281390099185));
#1238=CARTESIAN_POINT('',(-29.7667895547991,5.15129772070931,19.5169788659789));
#1239=CARTESIAN_POINT('',(-29.7667895547991,5.15129772070931,4.728139009919));
#1240=CARTESIAN_POINT('',(-29.6478779996953,5.14768961584373,19.5169788659771));
#1241=CARTESIAN_POINT('',(-29.6478779996953,5.14768961584373,4.72813900991718));
#1242=CARTESIAN_POINT('',(-29.5297419551911,5.13035709738359,19.5169788659789));
#1243=CARTESIAN_POINT('',(-29.5297419551911,5.13035709738359,4.728139009919));
#1244=CARTESIAN_POINT('',(-29.4237309890501,5.06252320997232,19.5169788659783));
#1245=CARTESIAN_POINT('',(-29.4237309890502,5.06252320997232,4.72813900991842));
#1246=CARTESIAN_POINT('',(-29.3959310728516,4.94008371130635,19.5169788659785));
#1247=CARTESIAN_POINT('',(-29.3959310728517,4.94008371130635,4.72813900991864));
#1248=CARTESIAN_POINT('',(-29.4086695409186,4.82369320577477,19.5169788659784));
#1249=CARTESIAN_POINT('',(-29.4086695409187,4.82369320577477,4.72813900991856));
#1250=CARTESIAN_POINT('',(-29.4331331878523,4.70755912047033,19.5169788659785));
#1251=CARTESIAN_POINT('',(-29.4331331878524,4.70755912047033,4.72813900991862));
#1252=CARTESIAN_POINT('',(-29.4580349602734,4.59203574495081,19.5169788659784));
#1253=CARTESIAN_POINT('',(-29.4580349602734,4.59203574495081,4.72813900991856));
#1254=CARTESIAN_POINT('',(-29.4738432714021,4.4742601465353,19.5169788659786));
#1255=CARTESIAN_POINT('',(-29.4738432714022,4.47426014653531,4.7281390099187));
#1256=CARTESIAN_POINT('',(-29.4366942577221,4.35462940357913,19.5169788659784));
#1257=CARTESIAN_POINT('',(-29.4366942577221,4.35462940357914,4.72813900991856));
#1258=CARTESIAN_POINT('',(-29.3254719273362,4.29878944203791,19.5169788659785));
#1259=CARTESIAN_POINT('',(-29.3254719273363,4.29878944203792,4.72813900991862));
#1260=CARTESIAN_POINT('',(-29.2107079183585,4.27537083875395,19.5169788659785));
#1261=CARTESIAN_POINT('',(-29.2107079183585,4.27537083875395,4.7281390099186));
#1262=CARTESIAN_POINT('',(-29.0939116875656,4.25853354740625,19.5169788659785));
#1263=CARTESIAN_POINT('',(-29.0939116875657,4.25853354740625,4.72813900991858));
#1264=CARTESIAN_POINT('',(-28.9776936741401,4.23719664709414,19.5169788659785));
#1265=CARTESIAN_POINT('',(-28.9776936741402,4.23719664709414,4.72813900991866));
#1266=CARTESIAN_POINT('',(-28.8660425247957,4.20200319379396,19.5169788659782));
#1267=CARTESIAN_POINT('',(-28.8660425247957,4.20200319379397,4.7281390099183));
#1268=CARTESIAN_POINT('',(-28.7760271753006,4.11296817457618,19.5169788659785));
#1269=CARTESIAN_POINT('',(-28.7760271753007,4.11296817457619,4.7281390099186));
#1270=CARTESIAN_POINT('',(-28.7730117253824,3.98774167830143,19.5169788659785));
#1271=CARTESIAN_POINT('',(-28.7730117253824,3.98774167830143,4.7281390099186));
#1272=CARTESIAN_POINT('',(-28.8033044422619,3.87484011845136,19.5169788659784));
#1273=CARTESIAN_POINT('',(-28.803304442262,3.87484011845136,4.72813900991852));
#1274=CARTESIAN_POINT('',(-28.8443689994068,3.7634631227406,19.5169788659785));
#1275=CARTESIAN_POINT('',(-28.8443689994068,3.76346312274061,4.72813900991862));
#1276=CARTESIAN_POINT('',(-28.8843722728011,3.65265988180852,19.5169788659785));
#1277=CARTESIAN_POINT('',(-28.8843722728012,3.65265988180853,4.7281390099186));
#1278=CARTESIAN_POINT('',(-28.9148790647018,3.5366271580475,19.5169788659785));
#1279=CARTESIAN_POINT('',(-28.9148790647018,3.53662715804751,4.7281390099186));
#1280=CARTESIAN_POINT('',(-28.8841938271489,3.41462718546289,19.5169788659785));
#1281=CARTESIAN_POINT('',(-28.8841938271489,3.41462718546289,4.7281390099186));
#1282=CARTESIAN_POINT('',(-28.7775965648571,3.34985196217466,19.5169788659785));
#1283=CARTESIAN_POINT('',(-28.7775965648572,3.34985196217467,4.7281390099186));
#1284=CARTESIAN_POINT('',(-28.6677219583971,3.31204358678797,19.5169788659784));
#1285=CARTESIAN_POINT('',(-28.6677219583971,3.31204358678797,4.72813900991852));
#1286=CARTESIAN_POINT('',(-28.5541297605016,3.27914349820186,19.5169788659787));
#1287=CARTESIAN_POINT('',(-28.5541297605017,3.27914349820186,4.72813900991886));
#1288=CARTESIAN_POINT('',(-28.4436215299432,3.24143038296682,19.5169788659775));
#1289=CARTESIAN_POINT('',(-28.4436215299433,3.24143038296683,4.72813900991762));
#1290=CARTESIAN_POINT('',(-28.3368078005329,3.18666815791167,19.5169788659788));
#1291=CARTESIAN_POINT('',(-28.336807800533,3.18666815791168,4.7281390099189));
#1292=CARTESIAN_POINT('',(-28.2703871676695,3.08208883883985,19.5169788659783));
#1293=CARTESIAN_POINT('',(-28.2703871676695,3.08208883883986,4.7281390099184));
#1294=CARTESIAN_POINT('',(-28.2899895095613,2.9602877160508,19.5169788659785));
#1295=CARTESIAN_POINT('',(-28.2899895095614,2.9602877160508,4.72813900991864));
#1296=CARTESIAN_POINT('',(-28.3362010068375,2.85446424648207,19.5169788659785));
#1297=CARTESIAN_POINT('',(-28.3362010068376,2.85446424648207,4.72813900991858));
#1298=CARTESIAN_POINT('',(-28.3916645375841,2.75198668641475,19.5169788659785));
#1299=CARTESIAN_POINT('',(-28.3916645375842,2.75198668641476,4.7281390099186));
#1300=CARTESIAN_POINT('',(-28.445532363641,2.64897427580141,19.5169788659788));
#1301=CARTESIAN_POINT('',(-28.445532363641,2.64897427580142,4.72813900991894));
#1302=CARTESIAN_POINT('',(-28.4897130603576,2.54193080621742,19.5169788659779));
#1303=CARTESIAN_POINT('',(-28.4897130603577,2.54193080621742,4.72813900991798));
#1304=CARTESIAN_POINT('',(-28.4758849106554,2.41770338809169,19.5169788659816));
#1305=CARTESIAN_POINT('',(-28.4758849106555,2.41770338809169,4.72813900992176));
#1306=CARTESIAN_POINT('',(-28.3808073395408,2.33971028742655,19.5169788659776));
#1307=CARTESIAN_POINT('',(-28.3808073395409,2.33971028742655,4.72813900991774));
#1308=CARTESIAN_POINT('',(-28.277268993645,2.2866887256785,19.5169788659787));
#1309=CARTESIAN_POINT('',(-28.2772689936451,2.28668872567851,4.72813900991882));
#1310=CARTESIAN_POINT('',(-28.1699527075757,2.23863314919248,19.5169788659784));
#1311=CARTESIAN_POINT('',(-28.1699527075757,2.23863314919248,4.72813900991854));
#1312=CARTESIAN_POINT('',(-28.0655006605583,2.18583019823557,19.5169788659785));
#1313=CARTESIAN_POINT('',(-28.0655006605584,2.18583019823558,4.7281390099186));
#1314=CARTESIAN_POINT('',(-27.9682131525219,2.11812917029602,19.5169788659784));
#1315=CARTESIAN_POINT('',(-27.9682131525219,2.11812917029603,4.7281390099185));
#1316=CARTESIAN_POINT('',(-27.9148262176644,2.00601523431602,19.5169788659789));
#1317=CARTESIAN_POINT('',(-27.9148262176644,2.00601523431603,4.728139009919));
#1318=CARTESIAN_POINT('',(-27.9496408175067,1.88828973596491,19.5169788659769));
#1319=CARTESIAN_POINT('',(-27.9496408175067,1.88828973596492,4.72813900991706));
#1320=CARTESIAN_POINT('',(-28.0104525831783,1.78862770409355,19.5169788659789));
#1321=CARTESIAN_POINT('',(-28.0104525831783,1.78862770409355,4.728139009919));
#1322=CARTESIAN_POINT('',(-28.0801415625845,1.69409653387373,19.5169788659784));
#1323=CARTESIAN_POINT('',(-28.0801415625846,1.69409653387374,4.7281390099185));
#1324=CARTESIAN_POINT('',(-28.1482137852761,1.59938183544732,19.5169788659785));
#1325=CARTESIAN_POINT('',(-28.1482137852761,1.59938183544733,4.72813900991862));
#1326=CARTESIAN_POINT('',(-28.2080480981606,1.49684458390851,19.5169788659785));
#1327=CARTESIAN_POINT('',(-28.2080480981606,1.49684458390851,4.72813900991858));
#1328=CARTESIAN_POINT('',(-28.2100449589394,1.37286572309053,19.5169788659785));
#1329=CARTESIAN_POINT('',(-28.2100449589395,1.37286572309053,4.72813900991866));
#1330=CARTESIAN_POINT('',(-28.1265642553969,1.2827813093279,19.5169788659785));
#1331=CARTESIAN_POINT('',(-28.126564255397,1.2827813093279,4.72813900991858));
#1332=CARTESIAN_POINT('',(-28.0325339576576,1.21673244669892,19.5169788659785));
#1333=CARTESIAN_POINT('',(-28.0325339576577,1.21673244669892,4.7281390099186));
#1334=CARTESIAN_POINT('',(-27.9338180588821,1.15468579509579,19.5169788659785));
#1335=CARTESIAN_POINT('',(-27.9338180588822,1.15468579509579,4.7281390099186));
#1336=CARTESIAN_POINT('',(-27.8386688173934,1.08872283416023,19.5169788659785));
#1337=CARTESIAN_POINT('',(-27.8386688173935,1.08872283416023,4.7281390099186));
#1338=CARTESIAN_POINT('',(-27.7524165525767,1.00956091221834,19.5169788659785));
#1339=CARTESIAN_POINT('',(-27.7524165525767,1.00956091221834,4.7281390099186));
#1340=CARTESIAN_POINT('',(-27.7121580211284,0.893698050721684,19.5169788659785));
#1341=CARTESIAN_POINT('',(-27.7121580211285,0.893698050721686,4.7281390099186));
#1342=CARTESIAN_POINT('',(-27.7598064425513,0.781715792481769,19.5169788659785));
#1343=CARTESIAN_POINT('',(-27.7598064425513,0.781715792481771,4.72813900991858));
#1344=CARTESIAN_POINT('',(-27.8312907962526,0.692980704608348,19.5169788659785));
#1345=CARTESIAN_POINT('',(-27.8312907962526,0.69298070460835,4.7281390099186));
#1346=CARTESIAN_POINT('',(-27.9118785467914,0.609943108320918,19.5169788659784));
#1347=CARTESIAN_POINT('',(-27.9118785467915,0.60994310832092,4.72813900991856));
#1348=CARTESIAN_POINT('',(-27.9921611032667,0.526670540277859,19.5169788659785));
#1349=CARTESIAN_POINT('',(-27.9921611032667,0.526670540277861,4.72813900991862));
#1350=CARTESIAN_POINT('',(-28.0646616421207,0.438594065246067,19.5169788659785));
#1351=CARTESIAN_POINT('',(-28.0646616421207,0.438594065246068,4.72813900991862));
#1352=CARTESIAN_POINT('',(-28.0970183600883,0.318466098334345,19.5169788659785));
#1353=CARTESIAN_POINT('',(-28.0970183600884,0.318466098334346,4.72813900991866));
#1354=CARTESIAN_POINT('',(-28.0338432577178,0.212955365694147,19.5169788659785));
#1355=CARTESIAN_POINT('',(-28.0338432577179,0.212955365694148,4.72813900991858));
#1356=CARTESIAN_POINT('',(-27.9503065029114,0.132966954671216,19.5169788659785));
#1357=CARTESIAN_POINT('',(-27.9503065029115,0.132966954671217,4.7281390099186));
#1358=CARTESIAN_POINT('',(-27.8614530360105,0.0576778393213246,19.5169788659785));
#1359=CARTESIAN_POINT('',(-27.8614530360106,0.0576778393213263,4.7281390099186));
#1360=CARTESIAN_POINT('',(-27.775135842762,-0.0202707207540104,19.5169788659785));
#1361=CARTESIAN_POINT('',(-27.7751358427621,-0.0202707207540087,4.7281390099186));
#1362=CARTESIAN_POINT('',(-27.6988584191667,-0.107970912691413,19.5169788659785));
#1363=CARTESIAN_POINT('',(-27.6988584191667,-0.107970912691411,4.72813900991864));
#1364=CARTESIAN_POINT('',(-27.6637479817397,-0.225497066077299,19.5169788659783));
#1365=CARTESIAN_POINT('',(-27.6637479817397,-0.225497066077298,4.72813900991842));
#1366=CARTESIAN_POINT('',(-27.719210060456,-0.334727964445749,19.5169788659791));
#1367=CARTESIAN_POINT('',(-27.719210060456,-0.334727964445747,4.72813900991922));
#1368=CARTESIAN_POINT('',(-27.8024810665662,-0.415317919020627,19.5169788659761));
#1369=CARTESIAN_POINT('',(-27.8024810665663,-0.415317919020625,4.72813900991626));
#1370=CARTESIAN_POINT('',(-27.8935381478709,-0.487044790133881,19.5169788659791));
#1371=CARTESIAN_POINT('',(-27.893538147871,-0.487044790133879,4.72813900991922));
#1372=CARTESIAN_POINT('',(-27.9853995465514,-0.558119899217568,19.5169788659783));
#1373=CARTESIAN_POINT('',(-27.9853995465514,-0.558119899217566,4.7281390099184));
#1374=CARTESIAN_POINT('',(-28.071008327215,-0.634488782036434,19.5169788659786));
#1375=CARTESIAN_POINT('',(-28.071008327215,-0.634488782036432,4.7281390099187));
#1376=CARTESIAN_POINT('',(-28.1279857801836,-0.745926240286147,19.5169788659784));
#1377=CARTESIAN_POINT('',(-28.1279857801837,-0.745926240286145,4.72813900991856));
#1378=CARTESIAN_POINT('',(-28.0854372881006,-0.863078911125037,19.5169788659785));
#1379=CARTESIAN_POINT('',(-28.0854372881007,-0.863078911125035,4.72813900991862));
#1380=CARTESIAN_POINT('',(-28.0145983854657,-0.954211561810268,19.5169788659785));
#1381=CARTESIAN_POINT('',(-28.0145983854657,-0.954211561810266,4.7281390099186));
#1382=CARTESIAN_POINT('',(-27.9364675276136,-1.04227550895049,19.5169788659785));
#1383=CARTESIAN_POINT('',(-27.9364675276137,-1.04227550895049,4.7281390099186));
#1384=CARTESIAN_POINT('',(-27.861094144989,-1.13147208448037,19.5169788659785));
#1385=CARTESIAN_POINT('',(-27.8610941449891,-1.13147208448037,4.72813900991864));
#1386=CARTESIAN_POINT('',(-27.7952451431368,-1.22914120259798,19.5169788659784));
#1387=CARTESIAN_POINT('',(-27.7952451431368,-1.22914120259798,4.7281390099185));
#1388=CARTESIAN_POINT('',(-27.7728126212653,-1.35488928114674,19.5169788659788));
#1389=CARTESIAN_POINT('',(-27.7728126212654,-1.35488928114674,4.72813900991892));
#1390=CARTESIAN_POINT('',(-27.8456312751761,-1.45860958990796,19.5169788659772));
#1391=CARTESIAN_POINT('',(-27.8456312751762,-1.45860958990796,4.72813900991736));
#1392=CARTESIAN_POINT('',(-27.9427577693906,-1.52823619183034,19.5169788659788));
#1393=CARTESIAN_POINT('',(-27.9427577693907,-1.52823619183033,4.72813900991892));
#1394=CARTESIAN_POINT('',(-28.0461786938853,-1.58794448400894,19.5169788659784));
#1395=CARTESIAN_POINT('',(-28.0461786938853,-1.58794448400893,4.7281390099185));
#1396=CARTESIAN_POINT('',(-28.1494767041361,-1.64740595282619,19.5169788659785));
#1397=CARTESIAN_POINT('',(-28.1494767041361,-1.64740595282619,4.72813900991866));
#1398=CARTESIAN_POINT('',(-28.2483164934714,-1.71565891385167,19.5169788659785));
#1399=CARTESIAN_POINT('',(-28.2483164934714,-1.71565891385167,4.7281390099186));
#1400=CARTESIAN_POINT('',(-28.3088438199987,-1.82644364843743,19.5169788659784));
#1401=CARTESIAN_POINT('',(-28.3088438199987,-1.82644364843743,4.72813900991852));
#1402=CARTESIAN_POINT('',(-28.2721568698154,-1.94614406941093,19.5169788659788));
#1403=CARTESIAN_POINT('',(-28.2721568698154,-1.94614406941093,4.72813900991892));
#1404=CARTESIAN_POINT('',(-28.211662831461,-2.04764122916403,19.5169788659784));
#1405=CARTESIAN_POINT('',(-28.211662831461,-2.04764122916403,4.7281390099185));
#1406=CARTESIAN_POINT('',(-28.1445239337445,-2.14760648514172,19.5169788659785));
#1407=CARTESIAN_POINT('',(-28.1445239337446,-2.14760648514172,4.7281390099186));
#1408=CARTESIAN_POINT('',(-28.0833813809874,-2.24898797553965,19.5169788659785));
#1409=CARTESIAN_POINT('',(-28.0833813809874,-2.24898797553965,4.72813900991862));
#1410=CARTESIAN_POINT('',(-28.0341417802803,-2.36172825457547,19.5169788659784));
#1411=CARTESIAN_POINT('',(-28.0341417802804,-2.36172825457546,4.72813900991848));
#1412=CARTESIAN_POINT('',(-28.0572599581833,-2.49434651681401,19.5169788659789));
#1413=CARTESIAN_POINT('',(-28.0572599581834,-2.49434651681401,4.72813900991902));
#1414=CARTESIAN_POINT('',(-28.1617182196648,-2.57348415647134,19.5169788659769));
#1415=CARTESIAN_POINT('',(-28.1617182196648,-2.57348415647133,4.728139009917));
#1416=CARTESIAN_POINT('',(-28.273217152816,-2.62556053758557,19.5169788659789));
#1417=CARTESIAN_POINT('',(-28.2732171528161,-2.62556053758556,4.72813900991902));
#1418=CARTESIAN_POINT('',(-28.3906960640578,-2.67102522932175,19.5169788659784));
#1419=CARTESIAN_POINT('',(-28.3906960640578,-2.67102522932174,4.7281390099185));
#1420=CARTESIAN_POINT('',(-28.5036869173866,-2.71970452911442,19.5169788659785));
#1421=CARTESIAN_POINT('',(-28.5036869173867,-2.71970452911441,4.7281390099186));
#1422=CARTESIAN_POINT('',(-28.612325422267,-2.79433716076,19.5169788659785));
#1423=CARTESIAN_POINT('',(-28.612325422267,-2.79433716075999,4.7281390099186));
#1424=CARTESIAN_POINT('',(-28.6332825265727,-2.92683930237623,19.5169788659785));
#1425=CARTESIAN_POINT('',(-28.6332825265728,-2.92683930237623,4.7281390099186));
#1426=CARTESIAN_POINT('',(-28.5737257471521,-3.08342889379392,19.5169788659785));
#1427=CARTESIAN_POINT('',(-28.5737257471521,-3.08342889379392,4.72813900991862));
#1428=CARTESIAN_POINT('',(-28.4969108266205,-3.2312070275736,19.5169788659785));
#1429=CARTESIAN_POINT('',(-28.4969108266205,-3.2312070275736,4.7281390099186));
#1430=CARTESIAN_POINT('',(-28.4427925750921,-3.39022747098341,19.5169788659785));
#1431=CARTESIAN_POINT('',(-28.4427925750921,-3.39022747098341,4.7281390099186));
#1432=CARTESIAN_POINT('',(-28.4607689696866,-3.52633623159105,19.5169788659785));
#1433=CARTESIAN_POINT('',(-28.4607689696866,-3.52633623159105,4.7281390099186));
#1434=CARTESIAN_POINT('',(-28.571749109627,-3.60425256369903,19.5169788659785));
#1435=CARTESIAN_POINT('',(-28.571749109627,-3.60425256369902,4.7281390099186));
#1436=CARTESIAN_POINT('',(-28.6924510678409,-3.64336420405835,19.5169788659785));
#1437=CARTESIAN_POINT('',(-28.692451067841,-3.64336420405835,4.7281390099186));
#1438=CARTESIAN_POINT('',(-28.8166695113193,-3.67299473711166,19.5169788659785));
#1439=CARTESIAN_POINT('',(-28.8166695113193,-3.67299473711165,4.7281390099186));
#1440=CARTESIAN_POINT('',(-28.9394268929571,-3.70491981075029,19.5169788659785));
#1441=CARTESIAN_POINT('',(-28.9394268929571,-3.70491981075029,4.7281390099186));
#1442=CARTESIAN_POINT('',(-29.0382195384539,-3.74990264479947,19.5169788659785));
#1443=CARTESIAN_POINT('',(-29.0382195384539,-3.74990264479947,4.7281390099186));
#1444=CARTESIAN_POINT('',(-29.0894257121355,-3.82010742575582,19.5169788659785));
#1445=CARTESIAN_POINT('',(-29.0894257121356,-3.82010742575581,4.7281390099186));
#1446=CARTESIAN_POINT('',(-29.1055151025926,-3.90525015435572,19.5169788659784));
#1447=CARTESIAN_POINT('',(-29.1055151025927,-3.90525015435572,4.72813900991856));
#1448=CARTESIAN_POINT('',(-29.085705862756,-4.01004539565166,19.5169788659788));
#1449=CARTESIAN_POINT('',(-29.085705862756,-4.01004539565165,4.72813900991894));
#1450=CARTESIAN_POINT('',(-29.0479967617501,-4.13084042017648,19.5169788659787));
#1451=CARTESIAN_POINT('',(-29.0479967617502,-4.13084042017648,4.7281390099188));
#1452=CARTESIAN_POINT('',(-29.0113787166447,-4.25237240110884,19.5169788659774));
#1453=CARTESIAN_POINT('',(-29.0113787166447,-4.25237240110883,4.72813900991754));
#1454=CARTESIAN_POINT('',(-28.9868721728424,-4.37551600507281,19.5169788659786));
#1455=CARTESIAN_POINT('',(-28.9868721728425,-4.37551600507281,4.7281390099187));
#1456=CARTESIAN_POINT('',(-29.0185528387394,-4.50935204847132,19.5169788659783));
#1457=CARTESIAN_POINT('',(-29.0185528387395,-4.50935204847132,4.72813900991842));
#1458=CARTESIAN_POINT('',(-29.1385536234734,-4.57493139828015,19.5169788659791));
#1459=CARTESIAN_POINT('',(-29.1385536234735,-4.57493139828015,4.7281390099192));
#1460=CARTESIAN_POINT('',(-29.2643267311233,-4.59746500319827,19.5169788659763));
#1461=CARTESIAN_POINT('',(-29.2643267311233,-4.59746500319827,4.7281390099164));
#1462=CARTESIAN_POINT('',(-29.3925427906304,-4.60979702796874,19.5169788659809));
#1463=CARTESIAN_POINT('',(-29.3925427906304,-4.60979702796874,4.72813900992102));
#1464=CARTESIAN_POINT('',(-29.5195015109883,-4.62417243165388,19.5169788659781));
#1465=CARTESIAN_POINT('',(-29.5195015109883,-4.62417243165388,4.72813900991826));
#1466=CARTESIAN_POINT('',(-29.6247527726054,-4.65461028437014,19.5169788659785));
#1467=CARTESIAN_POINT('',(-29.6247527726055,-4.65461028437014,4.7281390099186));
#1468=CARTESIAN_POINT('',(-29.6862351556475,-4.71724234412925,19.5169788659785));
#1469=CARTESIAN_POINT('',(-29.6862351556476,-4.71724234412925,4.72813900991866));
#1470=CARTESIAN_POINT('',(-29.7143741201633,-4.80002771106586,19.5169788659781));
#1471=CARTESIAN_POINT('',(-29.7143741201633,-4.80002771106586,4.72813900991826));
#1472=CARTESIAN_POINT('',(-29.7068002312757,-4.95010247183802,19.5169788659849));
#1473=CARTESIAN_POINT('',(-29.7068002312758,-4.95010247183802,4.72813900992502));
#1474=CARTESIAN_POINT('',(-29.6709398444053,-5.11697522914014,19.5169788659775));
#1475=CARTESIAN_POINT('',(-29.6709398444054,-5.11697522914014,4.7281390099176));
#1476=CARTESIAN_POINT('',(-29.6624037031696,-5.28668996888287,19.5169788659786));
#1477=CARTESIAN_POINT('',(-29.6624037031697,-5.28668996888287,4.72813900991876));
#1478=CARTESIAN_POINT('',(-29.7156051648694,-5.41305466215052,19.5169788659785));
#1479=CARTESIAN_POINT('',(-29.7156051648694,-5.41305466215052,4.72813900991858));
#1480=CARTESIAN_POINT('',(-29.8436175826587,-5.45872297175058,19.5169788659784));
#1481=CARTESIAN_POINT('',(-29.8436175826587,-5.45872297175058,4.7281390099185));
#1482=CARTESIAN_POINT('',(-29.9708323690092,-5.46321098741193,19.5169788659787));
#1483=CARTESIAN_POINT('',(-29.9708323690092,-5.46321098741193,4.72813900991882));
#1484=CARTESIAN_POINT('',(-30.0991186177007,-5.45747800800084,19.5169788659777));
#1485=CARTESIAN_POINT('',(-30.0991186177007,-5.45747800800084,4.7281390099178));
#1486=CARTESIAN_POINT('',(-30.2264139462465,-5.45422401885658,19.5169788659815));
#1487=CARTESIAN_POINT('',(-30.2264139462465,-5.45422401885658,4.7281390099216));
#1488=CARTESIAN_POINT('',(-30.3347841760576,-5.4703756912925,19.5169788659781));
#1489=CARTESIAN_POINT('',(-30.3347841760577,-5.4703756912925,4.7281390099182));
#1490=CARTESIAN_POINT('',(-30.4034682820257,-5.52464716708979,19.5169788659786));
#1491=CARTESIAN_POINT('',(-30.4034682820258,-5.52464716708979,4.7281390099187));
#1492=CARTESIAN_POINT('',(-30.4419920160657,-5.60293551565171,19.5169788659783));
#1493=CARTESIAN_POINT('',(-30.4419920160658,-5.60293551565171,4.72813900991844));
#1494=CARTESIAN_POINT('',(-30.4514104280195,-5.709604999302,19.5169788659796));
#1495=CARTESIAN_POINT('',(-30.4514104280196,-5.709604999302,4.72813900991974));
#1496=CARTESIAN_POINT('',(-30.4483431550322,-5.83698566076546,19.5169788659781));
#1497=CARTESIAN_POINT('',(-30.4483431550323,-5.83698566076546,4.72813900991828));
#1498=CARTESIAN_POINT('',(-30.4466721898798,-5.96444441098082,19.5169788659786));
#1499=CARTESIAN_POINT('',(-30.4466721898798,-5.96444441098082,4.72813900991868));
#1500=CARTESIAN_POINT('',(-30.4585627284751,-6.09269324472418,19.5169788659784));
#1501=CARTESIAN_POINT('',(-30.4585627284751,-6.09269324472418,4.72813900991856));
#1502=CARTESIAN_POINT('',(-30.5290081779385,-6.20819106351081,19.5169788659785));
#1503=CARTESIAN_POINT('',(-30.5290081779386,-6.20819106351081,4.72813900991862));
#1504=CARTESIAN_POINT('',(-30.6616107476186,-6.23548635228146,19.5169788659784));
#1505=CARTESIAN_POINT('',(-30.6616107476186,-6.23548635228146,4.7281390099185));
#1506=CARTESIAN_POINT('',(-30.7876607693847,-6.22225908024243,19.5169788659785));
#1507=CARTESIAN_POINT('',(-30.7876607693848,-6.22225908024243,4.7281390099186));
#1508=CARTESIAN_POINT('',(-30.9133752220107,-6.19888224557355,19.5169788659786));
#1509=CARTESIAN_POINT('',(-30.9133752220107,-6.19888224557355,4.7281390099187));
#1510=CARTESIAN_POINT('',(-31.0382246654947,-6.17795532089911,19.516978865978));
#1511=CARTESIAN_POINT('',(-31.0382246654947,-6.17795532089911,4.72813900991816));
#1512=CARTESIAN_POINT('',(-31.1478187139739,-6.17848375894816,19.5169788659799));
#1513=CARTESIAN_POINT('',(-31.147818713974,-6.17848375894816,4.72813900992004));
#1514=CARTESIAN_POINT('',(-31.223460088154,-6.22155645302903,19.5169788659785));
#1515=CARTESIAN_POINT('',(-31.223460088154,-6.22155645302903,4.72813900991862));
#1516=CARTESIAN_POINT('',(-31.2730234592157,-6.29253064599687,19.5169788659786));
#1517=CARTESIAN_POINT('',(-31.2730234592158,-6.29253064599687,4.72813900991874));
#1518=CARTESIAN_POINT('',(-31.2977543858247,-6.39669027285524,19.5169788659783));
#1519=CARTESIAN_POINT('',(-31.2977543858248,-6.39669027285524,4.7281390099184));
#1520=CARTESIAN_POINT('',(-31.3123819056192,-6.52177464956339,19.516978865979));
#1521=CARTESIAN_POINT('',(-31.3123819056193,-6.52177464956339,4.72813900991912));
#1522=CARTESIAN_POINT('',(-31.3282574313546,-6.64738718972272,19.5169788659765));
#1523=CARTESIAN_POINT('',(-31.3282574313547,-6.64738718972272,4.72813900991662));
#1524=CARTESIAN_POINT('',(-31.3557134693487,-6.7696774738445,19.5169788659787));
#1525=CARTESIAN_POINT('',(-31.3557134693487,-6.7696774738445,4.7281390099188));
#1526=CARTESIAN_POINT('',(-31.4380472400892,-6.87975812543408,19.5169788659785));
#1527=CARTESIAN_POINT('',(-31.4380472400893,-6.87975812543408,4.7281390099186));
#1528=CARTESIAN_POINT('',(-31.5745153476411,-6.89178629352314,19.5169788659783));
#1529=CARTESIAN_POINT('',(-31.5745153476411,-6.89178629352314,4.72813900991846));
#1530=CARTESIAN_POINT('',(-31.6975267088961,-6.8617058710214,19.516978865979));
#1531=CARTESIAN_POINT('',(-31.6975267088961,-6.8617058710214,4.72813900991912));
#1532=CARTESIAN_POINT('',(-31.8199487309422,-6.82088503315524,19.5169788659765));
#1533=CARTESIAN_POINT('',(-31.8199487309422,-6.82088503315524,4.72813900991664));
#1534=CARTESIAN_POINT('',(-31.9412673939259,-6.78231482611667,19.5169788659858));
#1535=CARTESIAN_POINT('',(-31.9412673939259,-6.78231482611667,4.72813900992592));
#1536=CARTESIAN_POINT('',(-32.0500666894653,-6.7665721101922,19.5169788659776));
#1537=CARTESIAN_POINT('',(-32.0500666894654,-6.7665721101922,4.7281390099177));
#1538=CARTESIAN_POINT('',(-32.1320911352369,-6.79750107746592,19.5169788659787));
#1539=CARTESIAN_POINT('',(-32.132091135237,-6.79750107746592,4.7281390099188));
#1540=CARTESIAN_POINT('',(-32.1921362470759,-6.86061725248881,19.5169788659784));
#1541=CARTESIAN_POINT('',(-32.1921362470759,-6.86061725248881,4.7281390099185));
#1542=CARTESIAN_POINT('',(-32.2316045904925,-6.96095486033406,19.5169788659785));
#1543=CARTESIAN_POINT('',(-32.2316045904926,-6.96095486033406,4.72813900991866));
#1544=CARTESIAN_POINT('',(-32.263729546373,-7.0835268534187,19.5169788659784));
#1545=CARTESIAN_POINT('',(-32.2637295463731,-7.0835268534187,4.7281390099185));
#1546=CARTESIAN_POINT('',(-32.2970415997804,-7.206540534576,19.5169788659788));
#1547=CARTESIAN_POINT('',(-32.2970415997805,-7.206540534576,4.7281390099189));
#1548=CARTESIAN_POINT('',(-32.3422316421756,-7.32501862723616,19.5169788659773));
#1549=CARTESIAN_POINT('',(-32.3422316421757,-7.32501862723616,4.72813900991742));
#1550=CARTESIAN_POINT('',(-32.4383711149012,-7.42042230322861,19.5169788659788));
#1551=CARTESIAN_POINT('',(-32.4383711149013,-7.42042230322861,4.7281390099189));
#1552=CARTESIAN_POINT('',(-32.5736371706921,-7.41392223723197,19.5169788659784));
#1553=CARTESIAN_POINT('',(-32.5736371706921,-7.41392223723197,4.7281390099185));
#1554=CARTESIAN_POINT('',(-32.689828264221,-7.3679830321571,19.5169788659785));
#1555=CARTESIAN_POINT('',(-32.6898282642211,-7.3679830321571,4.72813900991862));
#1556=CARTESIAN_POINT('',(-32.8028870449062,-7.31197463134997,19.5169788659785));
#1557=CARTESIAN_POINT('',(-32.8028870449063,-7.31197463134997,4.7281390099186));
#1558=CARTESIAN_POINT('',(-32.9157408470425,-7.25746900801082,19.5169788659785));
#1559=CARTESIAN_POINT('',(-32.9157408470425,-7.25746900801082,4.7281390099186));
#1560=CARTESIAN_POINT('',(-33.0176096916759,-7.2255589068316,19.5169788659785));
#1561=CARTESIAN_POINT('',(-33.017609691676,-7.2255589068316,4.72813900991862));
#1562=CARTESIAN_POINT('',(-33.1025556274229,-7.23793829848143,19.5169788659785));
#1563=CARTESIAN_POINT('',(-33.1025556274229,-7.23793829848143,4.7281390099186));
#1564=CARTESIAN_POINT('',(-33.1734510511785,-7.28582705465954,19.5169788659785));
#1565=CARTESIAN_POINT('',(-33.1734510511786,-7.28582705465954,4.72813900991858));
#1566=CARTESIAN_POINT('',(-33.228424583545,-7.37660203029909,19.5169788659786));
#1567=CARTESIAN_POINT('',(-33.228424583545,-7.37660203029909,4.7281390099187));
#1568=CARTESIAN_POINT('',(-33.2770120555149,-7.48999265056451,19.5169788659781));
#1569=CARTESIAN_POINT('',(-33.277012055515,-7.48999265056451,4.72813900991824));
#1570=CARTESIAN_POINT('',(-33.3249354705566,-7.6050492927471,19.5169788659798));
#1571=CARTESIAN_POINT('',(-33.3249354705566,-7.6050492927471,4.72813900991992));
#1572=CARTESIAN_POINT('',(-33.3819760802404,-7.71425448007529,19.5169788659735));
#1573=CARTESIAN_POINT('',(-33.3819760802404,-7.71425448007529,4.72813900991364));
#1574=CARTESIAN_POINT('',(-33.4745271836437,-7.80648438071556,19.5169788659797));
#1575=CARTESIAN_POINT('',(-33.4745271836438,-7.80648438071556,4.7281390099198));
#1576=CARTESIAN_POINT('',(-33.6065509284917,-7.80423322188846,19.5169788659786));
#1577=CARTESIAN_POINT('',(-33.6065509284918,-7.80423322188846,4.72813900991874));
#1578=CARTESIAN_POINT('',(-33.7535440708412,-7.72899698007287,19.516978865976));
#1579=CARTESIAN_POINT('',(-33.7535440708412,-7.72899698007287,4.7281390099161));
#1580=CARTESIAN_POINT('',(-33.886608133876,-7.6308158553597,19.5169788659789));
#1581=CARTESIAN_POINT('',(-33.8866081338761,-7.6308158553597,4.728139009919));
#1582=CARTESIAN_POINT('',(-34.0272516560302,-7.54814451862783,19.5169788659784));
#1583=CARTESIAN_POINT('',(-34.0272516560302,-7.54814451862783,4.72813900991852));
#1584=CARTESIAN_POINT('',(-34.1602239594721,-7.53724704970662,19.5169788659786));
#1585=CARTESIAN_POINT('',(-34.1602239594721,-7.53724704970662,4.72813900991868));
#1586=CARTESIAN_POINT('',(-34.2560923196907,-7.62853054982781,19.5169788659785));
#1587=CARTESIAN_POINT('',(-34.2560923196907,-7.62853054982781,4.7281390099186));
#1588=CARTESIAN_POINT('',(-34.3224941622527,-7.73214832526313,19.5169788659784));
#1589=CARTESIAN_POINT('',(-34.3224941622528,-7.73214832526313,4.72813900991854));
#1590=CARTESIAN_POINT('',(-34.3852665605046,-7.84029601275605,19.5169788659787));
#1591=CARTESIAN_POINT('',(-34.3852665605046,-7.84029601275605,4.72813900991882));
#1592=CARTESIAN_POINT('',(-34.4532761744409,-7.94334546736687,19.5169788659777));
#1593=CARTESIAN_POINT('',(-34.4532761744409,-7.94334546736687,4.72813900991784));
#1594=CARTESIAN_POINT('',(-34.542288289048,-8.03587126102752,19.5169788659787));
#1595=CARTESIAN_POINT('',(-34.542288289048,-8.03587126102752,4.7281390099188));
#1596=CARTESIAN_POINT('',(-34.6729988436653,-8.05247510145856,19.5169788659784));
#1597=CARTESIAN_POINT('',(-34.6729988436654,-8.05247510145856,4.72813900991854));
#1598=CARTESIAN_POINT('',(-34.7838174646665,-7.98805723800493,19.5169788659785));
#1599=CARTESIAN_POINT('',(-34.7838174646666,-7.98805723800493,4.72813900991858));
#1600=CARTESIAN_POINT('',(-34.8781789674595,-7.90924900879477,19.5169788659786));
#1601=CARTESIAN_POINT('',(-34.8781789674596,-7.90924900879477,4.72813900991872));
#1602=CARTESIAN_POINT('',(-34.9696852989803,-7.82442383876792,19.516978865978));
#1603=CARTESIAN_POINT('',(-34.9696852989804,-7.82442383876792,4.7281390099181));
#1604=CARTESIAN_POINT('',(-35.0624678747321,-7.74598297598773,19.5169788659804));
#1605=CARTESIAN_POINT('',(-35.0624678747322,-7.74598297598773,4.72813900992052));
#1606=CARTESIAN_POINT('',(-35.1829747531753,-7.68862159532513,19.516978865978));
#1607=CARTESIAN_POINT('',(-35.1829747531753,-7.68862159532513,4.7281390099181));
#1608=CARTESIAN_POINT('',(-35.3059689527884,-7.7424071928299,19.5169788659786));
#1609=CARTESIAN_POINT('',(-35.3059689527884,-7.7424071928299,4.72813900991874));
#1610=CARTESIAN_POINT('',(-35.38920587847,-7.83456367506358,19.5169788659784));
#1611=CARTESIAN_POINT('',(-35.3892058784701,-7.83456367506358,4.72813900991856));
#1612=CARTESIAN_POINT('',(-35.467472479299,-7.93293596132899,19.5169788659785));
#1613=CARTESIAN_POINT('',(-35.467472479299,-7.93293596132899,4.72813900991858));
#1614=CARTESIAN_POINT('',(-35.5471976008785,-8.02822722475353,19.5169788659786));
#1615=CARTESIAN_POINT('',(-35.5471976008786,-8.02822722475353,4.72813900991874));
#1616=CARTESIAN_POINT('',(-35.6407936174206,-8.11599085950848,19.516978865978));
#1617=CARTESIAN_POINT('',(-35.6407936174206,-8.11599085950848,4.7281390099181));
#1618=CARTESIAN_POINT('',(-35.7740751655459,-8.14444689797828,19.5169788659786));
#1619=CARTESIAN_POINT('',(-35.7740751655459,-8.14444689797828,4.72813900991872));
#1620=CARTESIAN_POINT('',(-35.8867250194541,-8.07137004132103,19.5169788659785));
#1621=CARTESIAN_POINT('',(-35.8867250194542,-8.07137004132103,4.72813900991858));
#1622=CARTESIAN_POINT('',(-35.9730181995859,-7.97937482214516,19.5169788659785));
#1623=CARTESIAN_POINT('',(-35.9730181995859,-7.97937482214516,4.7281390099186));
#1624=CARTESIAN_POINT('',(-36.0545370689692,-7.87952331953133,19.5169788659785));
#1625=CARTESIAN_POINT('',(-36.0545370689693,-7.87952331953133,4.7281390099186));
#1626=CARTESIAN_POINT('',(-36.1365407497703,-7.78547320455086,19.5169788659785));
#1627=CARTESIAN_POINT('',(-36.1365407497703,-7.78547320455086,4.7281390099186));
#1628=CARTESIAN_POINT('',(-36.2473733727841,-7.70185134592586,19.5169788659785));
#1629=CARTESIAN_POINT('',(-36.2473733727841,-7.70185134592586,4.7281390099186));
#1630=CARTESIAN_POINT('',(-36.3856320382518,-7.73316782999027,19.5169788659785));
#1631=CARTESIAN_POINT('',(-36.3856320382519,-7.73316782999027,4.7281390099186));
#1632=CARTESIAN_POINT('',(-36.485617592779,-7.81834055017057,19.5169788659785));
#1633=CARTESIAN_POINT('',(-36.4856175927791,-7.81834055017057,4.7281390099186));
#1634=CARTESIAN_POINT('',(-36.580253515582,-7.90817159413449,19.5169788659785));
#1635=CARTESIAN_POINT('',(-36.5802535155821,-7.90817159413449,4.72813900991862));
#1636=CARTESIAN_POINT('',(-36.6768789805461,-7.99460796779944,19.5169788659785));
#1637=CARTESIAN_POINT('',(-36.6768789805461,-7.99460796779944,4.72813900991858));
#1638=CARTESIAN_POINT('',(-36.7885342883328,-8.06838902082388,19.5169788659785));
#1639=CARTESIAN_POINT('',(-36.7885342883329,-8.06838902082388,4.72813900991864));
#1640=CARTESIAN_POINT('',(-36.9272096434676,-8.06060694094704,19.5169788659784));
#1641=CARTESIAN_POINT('',(-36.9272096434677,-8.06060694094704,4.7281390099185));
#1642=CARTESIAN_POINT('',(-37.0225241266359,-7.964721173321,19.5169788659789));
#1643=CARTESIAN_POINT('',(-37.022524126636,-7.964721173321,4.72813900991902));
#1644=CARTESIAN_POINT('',(-37.0943398947299,-7.85867410008269,19.516978865977));
#1645=CARTESIAN_POINT('',(-37.0943398947299,-7.85867410008269,4.72813900991708));
#1646=CARTESIAN_POINT('',(-37.1618803941613,-7.74716592770895,19.5169788659842));
#1647=CARTESIAN_POINT('',(-37.1618803941613,-7.74716592770895,4.7281390099243));
#1648=CARTESIAN_POINT('',(-37.2337066996547,-7.64003944830319,19.516978865977));
#1649=CARTESIAN_POINT('',(-37.2337066996548,-7.64003944830319,4.72813900991714));
#1650=CARTESIAN_POINT('',(-37.3436712965548,-7.55669478787195,19.5169788659789));
#1651=CARTESIAN_POINT('',(-37.3436712965549,-7.55669478787195,4.728139009919));
#1652=CARTESIAN_POINT('',(-37.4787233544889,-7.59033510195884,19.5169788659784));
#1653=CARTESIAN_POINT('',(-37.4787233544889,-7.59033510195884,4.72813900991852));
#1654=CARTESIAN_POINT('',(-37.5852325462126,-7.66012352833514,19.5169788659785));
#1655=CARTESIAN_POINT('',(-37.5852325462127,-7.66012352833514,4.72813900991866));
#1656=CARTESIAN_POINT('',(-37.6906195597188,-7.73604636809017,19.5169788659783));
#1657=CARTESIAN_POINT('',(-37.6906195597188,-7.73604636809017,4.72813900991844));
#1658=CARTESIAN_POINT('',(-37.7984725170502,-7.80587390552051,19.5169788659785));
#1659=CARTESIAN_POINT('',(-37.7984725170503,-7.80587390552051,4.72813900991858));
#1660=CARTESIAN_POINT('',(-37.9216033624172,-7.85694865525031,19.5169788659784));
#1661=CARTESIAN_POINT('',(-37.9216033624173,-7.85694865525031,4.72813900991852));
#1662=CARTESIAN_POINT('',(-38.0527350255263,-7.8132023175238,19.5169788659785));
#1663=CARTESIAN_POINT('',(-38.0527350255264,-7.8132023175238,4.72813900991862));
#1664=CARTESIAN_POINT('',(-38.1273884940618,-7.70280455646634,19.5169788659785));
#1665=CARTESIAN_POINT('',(-38.1273884940618,-7.70280455646634,4.7281390099186));
#1666=CARTESIAN_POINT('',(-38.1824162709179,-7.5870189574126,19.5169788659785));
#1667=CARTESIAN_POINT('',(-38.1824162709179,-7.5870189574126,4.72813900991862));
#1668=CARTESIAN_POINT('',(-38.2336755274054,-7.46825569347683,19.5169788659785));
#1669=CARTESIAN_POINT('',(-38.2336755274055,-7.46825569347683,4.7281390099186));
#1670=CARTESIAN_POINT('',(-38.2913463987732,-7.35255825419868,19.5169788659797));
#1671=CARTESIAN_POINT('',(-38.2913463987732,-7.35255825419868,4.7281390099198));
#1672=CARTESIAN_POINT('',(-38.3973968567353,-7.26469246792895,19.5169788659783));
#1673=CARTESIAN_POINT('',(-38.3973968567354,-7.26469246792895,4.72813900991846));
#1674=CARTESIAN_POINT('',(-38.5324775053161,-7.28976776375888,19.5169788659786));
#1675=CARTESIAN_POINT('',(-38.5324775053161,-7.28976776375888,4.7281390099187));
#1676=CARTESIAN_POINT('',(-38.6466801064297,-7.34446910591441,19.5169788659784));
#1677=CARTESIAN_POINT('',(-38.6466801064297,-7.34446910591441,4.72813900991856));
#1678=CARTESIAN_POINT('',(-38.7616047046351,-7.40501876177759,19.5169788659786));
#1679=CARTESIAN_POINT('',(-38.7616047046352,-7.40501876177759,4.7281390099187));
#1680=CARTESIAN_POINT('',(-38.8764514978729,-7.45725614698641,19.5169788659782));
#1681=CARTESIAN_POINT('',(-38.8764514978729,-7.45725614698641,4.72813900991834));
#1682=CARTESIAN_POINT('',(-39.0117438772627,-7.48616946381027,19.5169788659785));
#1683=CARTESIAN_POINT('',(-39.0117438772627,-7.48616946381027,4.72813900991866));
#1684=CARTESIAN_POINT('',(-39.1296112151401,-7.40927812247621,19.5169788659785));
#1685=CARTESIAN_POINT('',(-39.1296112151401,-7.40927812247621,4.72813900991862));
#1686=CARTESIAN_POINT('',(-39.1834684372766,-7.28639909151887,19.5169788659784));
#1687=CARTESIAN_POINT('',(-39.1834684372767,-7.28639909151887,4.72813900991852));
#1688=CARTESIAN_POINT('',(-39.2210970749084,-7.16103197148606,19.5169788659785));
#1689=CARTESIAN_POINT('',(-39.2210970749084,-7.16103197148606,4.72813900991864));
#1690=CARTESIAN_POINT('',(-39.2560995598223,-7.03413408830575,19.5169788659784));
#1691=CARTESIAN_POINT('',(-39.2560995598224,-7.03413408830575,4.72813900991856));
#1692=CARTESIAN_POINT('',(-39.2954064776774,-6.93209529304171,19.5169788659786));
#1693=CARTESIAN_POINT('',(-39.2954064776775,-6.93209529304171,4.7281390099187));
#1694=CARTESIAN_POINT('',(-39.3565265883646,-6.86389984377175,19.5169788659785));
#1695=CARTESIAN_POINT('',(-39.3565265883646,-6.86389984377175,4.7281390099186));
#1696=CARTESIAN_POINT('',(-39.4416423578041,-6.83031974539296,19.5169788659785));
#1697=CARTESIAN_POINT('',(-39.4416423578042,-6.83031974539296,4.72813900991862));
#1698=CARTESIAN_POINT('',(-39.5548123969644,-6.84892095424176,19.5169788659785));
#1699=CARTESIAN_POINT('',(-39.5548123969644,-6.84892095424176,4.7281390099186));
#1700=CARTESIAN_POINT('',(-39.680235204491,-6.89185428817913,19.5169788659785));
#1701=CARTESIAN_POINT('',(-39.6802352044911,-6.89185428817913,4.72813900991862));
#1702=CARTESIAN_POINT('',(-39.8067003517782,-6.93579791717353,19.5169788659785));
#1703=CARTESIAN_POINT('',(-39.8067003517783,-6.93579791717353,4.7281390099186));
#1704=CARTESIAN_POINT('',(-39.9360041014209,-6.96907729273367,19.5169788659785));
#1705=CARTESIAN_POINT('',(-39.936004101421,-6.96907729273367,4.7281390099186));
#1706=CARTESIAN_POINT('',(-40.0800997768128,-6.94130708771196,19.5169788659785));
#1707=CARTESIAN_POINT('',(-40.0800997768128,-6.94130708771196,4.7281390099186));
#1708=CARTESIAN_POINT('',(-40.1498303412688,-6.81390545496746,19.5169788659785));
#1709=CARTESIAN_POINT('',(-40.1498303412688,-6.81390545496746,4.7281390099186));
#1710=CARTESIAN_POINT('',(-40.1755611871316,-6.68254882999932,19.5169788659785));
#1711=CARTESIAN_POINT('',(-40.1755611871317,-6.68254882999932,4.72813900991862));
#1712=CARTESIAN_POINT('',(-40.1928887665639,-6.54792495317344,19.5169788659785));
#1713=CARTESIAN_POINT('',(-40.192888766564,-6.54792495317344,4.7281390099186));
#1714=CARTESIAN_POINT('',(-40.2135586683061,-6.41615358230271,19.5169788659785));
#1715=CARTESIAN_POINT('',(-40.2135586683062,-6.41615358230271,4.72813900991862));
#1716=CARTESIAN_POINT('',(-40.2732320984341,-6.28523730319788,19.5169788659785));
#1717=CARTESIAN_POINT('',(-40.2732320984341,-6.28523730319788,4.7281390099186));
#1718=CARTESIAN_POINT('',(-40.4145484853713,-6.25238372723658,19.5169788659785));
#1719=CARTESIAN_POINT('',(-40.4145484853713,-6.25238372723658,4.72813900991862));
#1720=CARTESIAN_POINT('',(-40.5463965309758,-6.27444588237199,19.5169788659785));
#1721=CARTESIAN_POINT('',(-40.5463965309759,-6.27444588237199,4.7281390099186));
#1722=CARTESIAN_POINT('',(-40.678132946144,-6.30170814092361,19.5169788659785));
#1723=CARTESIAN_POINT('',(-40.6781329461441,-6.30170814092361,4.72813900991864));
#1724=CARTESIAN_POINT('',(-40.8093042890977,-6.32218275319045,19.5169788659784));
#1725=CARTESIAN_POINT('',(-40.8093042890978,-6.32218275319045,4.7281390099185));
#1726=CARTESIAN_POINT('',(-40.9492620494696,-6.31398770459761,19.5169788659789));
#1727=CARTESIAN_POINT('',(-40.9492620494697,-6.31398770459761,4.72813900991904));
#1728=CARTESIAN_POINT('',(-41.0436797651604,-6.20617995406708,19.5169788659752));
#1729=CARTESIAN_POINT('',(-41.0436797651605,-6.20617995406708,4.72813900991534));
#1730=CARTESIAN_POINT('',(-41.0671962507679,-6.02664156796532,19.5169788659804));
#1731=CARTESIAN_POINT('',(-41.0671962507679,-6.02664156796532,4.72813900992052));
#1732=CARTESIAN_POINT('',(-41.0569894429189,-5.85097246389485,19.5169788659782));
#1733=CARTESIAN_POINT('',(-41.0569894429189,-5.85097246389485,4.7281390099183));
#1734=CARTESIAN_POINT('',(-41.0725070365181,-5.69407402323843,19.5169788659785));
#1735=CARTESIAN_POINT('',(-41.0725070365181,-5.69407402323843,4.72813900991864));
#1736=CARTESIAN_POINT('',(-41.1157088199596,-5.61378414245666,19.5169788659785));
#1737=CARTESIAN_POINT('',(-41.1157088199597,-5.61378414245666,4.7281390099186));
#1738=CARTESIAN_POINT('',(-41.1912311311374,-5.56164344267501,19.5169788659785));
#1739=CARTESIAN_POINT('',(-41.1912311311375,-5.56164344267501,4.72813900991862));
#1740=CARTESIAN_POINT('',(-41.3046555178777,-5.55066766230994,19.5169788659785));
#1741=CARTESIAN_POINT('',(-41.3046555178778,-5.55066766230994,4.72813900991864));
#1742=CARTESIAN_POINT('',(-41.4363067382518,-5.55761778251208,19.5169788659784));
#1743=CARTESIAN_POINT('',(-41.4363067382518,-5.55761778251208,4.7281390099185));
#1744=CARTESIAN_POINT('',(-41.5691562251761,-5.56480179489241,19.5169788659789));
#1745=CARTESIAN_POINT('',(-41.5691562251762,-5.56480179489241,4.72813900991902));
#1746=CARTESIAN_POINT('',(-41.7014609872289,-5.55964324783647,19.5169788659769));
#1747=CARTESIAN_POINT('',(-41.7014609872289,-5.55964324783647,4.728139009917));
#1748=CARTESIAN_POINT('',(-41.8270390661364,-5.49378442958016,19.5169788659789));
#1749=CARTESIAN_POINT('',(-41.8270390661364,-5.49378442958016,4.72813900991902));
#1750=CARTESIAN_POINT('',(-41.8594064494762,-5.35574844963986,19.5169788659784));
#1751=CARTESIAN_POINT('',(-41.8594064494762,-5.35574844963986,4.7281390099185));
#1752=CARTESIAN_POINT('',(-41.8491672583,-5.22645269391684,19.5169788659785));
#1753=CARTESIAN_POINT('',(-41.8491672583,-5.22645269391684,4.72813900991862));
#1754=CARTESIAN_POINT('',(-41.8293428301885,-5.09582897404771,19.5169788659785));
#1755=CARTESIAN_POINT('',(-41.8293428301885,-5.09582897404771,4.7281390099186));
#1756=CARTESIAN_POINT('',(-41.8131500368538,-4.96726931504727,19.5169788659785));
#1757=CARTESIAN_POINT('',(-41.8131500368538,-4.96726931504727,4.7281390099186));
#1758=CARTESIAN_POINT('',(-41.8242375450538,-4.82864109437028,19.5169788659785));
#1759=CARTESIAN_POINT('',(-41.8242375450538,-4.82864109437028,4.72813900991862));
#1760=CARTESIAN_POINT('',(-41.9370212205736,-4.74552298177655,19.5169788659785));
#1761=CARTESIAN_POINT('',(-41.9370212205736,-4.74552298177655,4.72813900991862));
#1762=CARTESIAN_POINT('',(-42.1097720986503,-4.72121916088687,19.5169788659785));
#1763=CARTESIAN_POINT('',(-42.1097720986503,-4.72121916088687,4.7281390099186));
#1764=CARTESIAN_POINT('',(-42.2813654414135,-4.71379284413582,19.5169788659785));
#1765=CARTESIAN_POINT('',(-42.2813654414135,-4.71379284413582,4.72813900991862));
#1766=CARTESIAN_POINT('',(-42.451252513237,-4.67278638764242,19.5169788659784));
#1767=CARTESIAN_POINT('',(-42.4512525132371,-4.67278638764242,4.72813900991856));
#1768=CARTESIAN_POINT('',(-42.5444809489385,-4.57026884360703,19.5169788659785));
#1769=CARTESIAN_POINT('',(-42.5444809489386,-4.57026884360703,4.72813900991862));
#1770=CARTESIAN_POINT('',(-42.5407594970695,-4.43432299181251,19.5169788659785));
#1771=CARTESIAN_POINT('',(-42.5407594970696,-4.43432299181251,4.72813900991858));
#1772=CARTESIAN_POINT('',(-42.5113127688709,-4.31155906118164,19.5169788659785));
#1773=CARTESIAN_POINT('',(-42.511312768871,-4.31155906118164,4.72813900991862));
#1774=CARTESIAN_POINT('',(-42.4739913835909,-4.18801782687178,19.5169788659785));
#1775=CARTESIAN_POINT('',(-42.473991383591,-4.18801782687177,4.7281390099186));
#1776=CARTESIAN_POINT('',(-42.4421978799888,-4.06530261501025,19.5169788659785));
#1777=CARTESIAN_POINT('',(-42.4421978799888,-4.06530261501025,4.72813900991862));
#1778=CARTESIAN_POINT('',(-42.4440928599689,-3.92882582001529,19.5169788659785));
#1779=CARTESIAN_POINT('',(-42.444092859969,-3.92882582001528,4.72813900991862));
#1780=CARTESIAN_POINT('',(-42.5495694349933,-3.84239075524797,19.5169788659785));
#1781=CARTESIAN_POINT('',(-42.5495694349933,-3.84239075524796,4.7281390099186));
#1782=CARTESIAN_POINT('',(-42.6721455825656,-3.80799599047278,19.5169788659785));
#1783=CARTESIAN_POINT('',(-42.6721455825657,-3.80799599047278,4.72813900991862));
#1784=CARTESIAN_POINT('',(-42.7973549978524,-3.78050839553726,19.5169788659785));
#1785=CARTESIAN_POINT('',(-42.7973549978525,-3.78050839553726,4.7281390099186));
#1786=CARTESIAN_POINT('',(-42.9197387005631,-3.74938373643144,19.5169788659785));
#1787=CARTESIAN_POINT('',(-42.9197387005632,-3.74938373643144,4.7281390099186));
#1788=CARTESIAN_POINT('',(-43.0424938423911,-3.6991996698341,19.5169788659785));
#1789=CARTESIAN_POINT('',(-43.0424938423911,-3.69919966983409,4.72813900991866));
#1790=CARTESIAN_POINT('',(-43.1157158797773,-3.58120545770756,19.5169788659783));
#1791=CARTESIAN_POINT('',(-43.1157158797774,-3.58120545770755,4.72813900991838));
#1792=CARTESIAN_POINT('',(-43.0902642230147,-3.44749190187213,19.5169788659786));
#1793=CARTESIAN_POINT('',(-43.0902642230148,-3.44749190187212,4.72813900991868));
#1794=CARTESIAN_POINT('',(-43.0423479225423,-3.3278441814398,19.5169788659785));
#1795=CARTESIAN_POINT('',(-43.0423479225424,-3.32784418143979,4.7281390099186));
#1796=CARTESIAN_POINT('',(-42.9873106724386,-3.2097604911508,19.5169788659785));
#1797=CARTESIAN_POINT('',(-42.9873106724386,-3.2097604911508,4.72813900991866));
#1798=CARTESIAN_POINT('',(-42.9474584760437,-3.10856202511833,19.5169788659784));
#1799=CARTESIAN_POINT('',(-42.9474584760438,-3.10856202511833,4.72813900991856));
#1800=CARTESIAN_POINT('',(-42.9337034660632,-3.02286245285172,19.5169788659786));
#1801=CARTESIAN_POINT('',(-42.9337034660633,-3.02286245285171,4.7281390099187));
#1802=CARTESIAN_POINT('',(-42.9500744579476,-2.93319363207401,19.5169788659784));
#1803=CARTESIAN_POINT('',(-42.9500744579476,-2.93319363207401,4.7281390099185));
#1804=CARTESIAN_POINT('',(-43.0240332257998,-2.86685090567502,19.5169788659792));
#1805=CARTESIAN_POINT('',(-43.0240332257999,-2.86685090567501,4.7281390099193));
#1806=CARTESIAN_POINT('',(-42.9337034660633,-3.02286245285171,4.72813900991862));
#1807=CARTESIAN_POINT('',(-42.9500744579476,-2.93319363207401,4.72813900991862));
#1808=CARTESIAN_POINT('',(-43.0240332257998,-2.86685090567502,4.72813900991862));
#1809=CARTESIAN_POINT('',(-43.1676990709155,-2.79977869043256,4.72813900991862));
#1810=CARTESIAN_POINT('',(-43.3176838487726,-2.75046749133583,4.72813900991862));
#1811=CARTESIAN_POINT('',(-43.4563367996666,-2.67626907861882,4.72813900991862));
#1812=CARTESIAN_POINT('',(-43.5347417682513,-2.57902807911443,4.72813900991862));
#1813=CARTESIAN_POINT('',(-43.5224544518548,-2.45461649749944,4.72813900991862));
#1814=CARTESIAN_POINT('',(-43.4537719333347,-2.31325676890072,4.72813900991862));
#1815=CARTESIAN_POINT('',(-43.3641961210965,-2.1824945302455,4.72813900991862));
#1816=CARTESIAN_POINT('',(-43.2907687108668,-2.04573193511994,4.72813900991862));
#1817=CARTESIAN_POINT('',(-43.2792997874657,-1.91764095152071,4.72813900991862));
#1818=CARTESIAN_POINT('',(-43.3656860911078,-1.82368832634388,4.72813900991862));
#1819=CARTESIAN_POINT('',(-43.46655937137,-1.76195219646289,4.72813900991862));
#1820=CARTESIAN_POINT('',(-43.5723540095694,-1.70515303918795,4.72813900991862));
#1821=CARTESIAN_POINT('',(-43.6745748075309,-1.64511627873674,4.72813900991862));
#1822=CARTESIAN_POINT('',(-43.7702749895335,-1.57109592576381,4.72813900991862));
#1823=CARTESIAN_POINT('',(-43.8205400815527,-1.45221174626212,4.72813900991862));
#1824=CARTESIAN_POINT('',(-43.7750400321064,-1.3327302042618,4.72813900991862));
#1825=CARTESIAN_POINT('',(-43.705026481741,-1.23572020463268,4.72813900991862));
#1826=CARTESIAN_POINT('',(-43.6256651366999,-1.14300604046754,4.72813900991862));
#1827=CARTESIAN_POINT('',(-43.5494552855033,-1.05016599950648,4.72813900991862));
#1828=CARTESIAN_POINT('',(-43.482020321567,-0.945223348684349,4.72813900991862));
#1829=CARTESIAN_POINT('',(-43.4908547466516,-0.816459652180991,4.72813900991862));
#1830=CARTESIAN_POINT('',(-43.5782830337451,-0.725887621978569,4.72813900991862));
#1831=CARTESIAN_POINT('',(-43.6728737572869,-0.652100227022743,4.72813900991862));
#1832=CARTESIAN_POINT('',(-43.7711458745106,-0.580043744499135,4.72813900991862));
#1833=CARTESIAN_POINT('',(-43.8623178999118,-0.501991204828129,4.72813900991862));
#1834=CARTESIAN_POINT('',(-43.9375280160245,-0.400320192531441,4.72813900991862));
#1835=CARTESIAN_POINT('',(-43.9262525593654,-0.272198732897021,4.72813900991862));
#1836=CARTESIAN_POINT('',(-43.8503301675155,-0.174429527355292,4.72813900991862));
#1837=CARTESIAN_POINT('',(-43.7634234654058,-0.0911838298721545,4.72813900991862));
#1838=CARTESIAN_POINT('',(-43.6717062163455,-0.0109101600576963,4.72813900991862));
#1839=CARTESIAN_POINT('',(-43.5866962376966,0.0714239702073524,4.72813900991862));
#1840=CARTESIAN_POINT('',(-43.5191497035139,0.183024505010457,4.72813900991862));
#1841=CARTESIAN_POINT('',(-43.5576922359871,0.308982976947803,4.72813900991862));
#1842=CARTESIAN_POINT('',(-43.6394930037829,0.401136433929587,4.72813900991862));
#1843=CARTESIAN_POINT('',(-43.7268317660924,0.487180822888212,4.72813900991862));
#1844=CARTESIAN_POINT('',(-43.8123535379475,0.574827735707146,4.72813900991862));
#1845=CARTESIAN_POINT('',(-43.8876830397535,0.671053996833218,4.72813900991862));
#1846=CARTESIAN_POINT('',(-43.9147561703045,0.801897332654155,4.72813900991862));
#1847=CARTESIAN_POINT('',(-43.8391629872281,0.910920757509898,4.72813900991862));
#1848=CARTESIAN_POINT('',(-43.7426481860237,0.987108384293095,4.72813900991862));
#1849=CARTESIAN_POINT('',(-43.6380894107089,1.05646034166415,4.72813900991862));
#1850=CARTESIAN_POINT('',(-43.5354669314418,1.12650684127384,4.72813900991862));
#1851=CARTESIAN_POINT('',(-43.4576829044438,1.19889439068617,4.72813900991862));
#1852=CARTESIAN_POINT('',(-43.4269316554838,1.27820470686932,4.72813900991862));
#1853=CARTESIAN_POINT('',(-43.4333891751922,1.36302434185614,4.72813900991862));
#1854=CARTESIAN_POINT('',(-43.4838968097057,1.454968857977,4.72813900991862));
#1855=CARTESIAN_POINT('',(-43.5579692885469,1.55409676638465,4.72813900991862));
#1856=CARTESIAN_POINT('',(-43.6336123533552,1.653016994402,4.72813900991862));
#1857=CARTESIAN_POINT('',(-43.6999613270993,1.75745322519417,4.72813900991862));
#1858=CARTESIAN_POINT('',(-43.7333752616805,1.88379217394841,4.72813900991862));
#1859=CARTESIAN_POINT('',(-43.6652764959132,1.99689293152428,4.72813900991862));
#1860=CARTESIAN_POINT('',(-43.5262062828774,2.08673060554389,4.72813900991862));
#1861=CARTESIAN_POINT('',(-43.3764293278659,2.15173390567475,4.72813900991862));
#1862=CARTESIAN_POINT('',(-43.2341157916825,2.23290917417386,4.72813900991862));
#1863=CARTESIAN_POINT('',(-43.1588092528626,2.33882099815325,4.72813900991862));
#1864=CARTESIAN_POINT('',(-43.1859484957353,2.46520233953306,4.72813900991862));
#1865=CARTESIAN_POINT('',(-43.2407843272491,2.57303880873387,4.72813900991862));
#1866=CARTESIAN_POINT('',(-43.3018138735822,2.67938672313993,4.72813900991862));
#1867=CARTESIAN_POINT('',(-43.3567168253623,2.78682042048276,4.72813900991862));
#1868=CARTESIAN_POINT('',(-43.3963590810622,2.9056525166237,4.72813900991862));
#1869=CARTESIAN_POINT('',(-43.3599277498951,3.03141114428096,4.72813900991862));
#1870=CARTESIAN_POINT('',(-43.2522678974006,3.10099128067223,4.72813900991862));
#1871=CARTESIAN_POINT('',(-43.1383561662655,3.14477177676898,4.72813900991862));
#1872=CARTESIAN_POINT('',(-43.0201483791061,3.18125652780537,4.72813900991862));
#1873=CARTESIAN_POINT('',(-42.9061501740185,3.22115972946292,4.72813900991862));
#1874=CARTESIAN_POINT('',(-42.7929323184512,3.28515359160783,4.72813900991862));
#1875=CARTESIAN_POINT('',(-42.7575164773755,3.41340814924388,4.72813900991862));
#1876=CARTESIAN_POINT('',(-42.7927997602147,3.53446677735556,4.72813900991862));
#1877=CARTESIAN_POINT('',(-42.8372811522419,3.6502080704563,4.72813900991862));
#1878=CARTESIAN_POINT('',(-42.8818408415456,3.76688854386457,4.72813900991862));
#1879=CARTESIAN_POINT('',(-42.9140347708367,3.88615071564347,4.72813900991862));
#1880=CARTESIAN_POINT('',(-42.8962726695061,4.01770194627658,4.72813900991862));
#1881=CARTESIAN_POINT('',(-42.7882725812819,4.09445737586211,4.72813900991862));
#1882=CARTESIAN_POINT('',(-42.668335142644,4.1269239533645,4.72813900991862));
#1883=CARTESIAN_POINT('',(-42.5452539089282,4.14813035423024,4.72813900991862));
#1884=CARTESIAN_POINT('',(-42.4235666846701,4.17007746084002,4.72813900991862));
#1885=CARTESIAN_POINT('',(-42.3009234037804,4.2052321366758,4.72813900991862));
#1886=CARTESIAN_POINT('',(-42.2181916938751,4.30825528561052,4.72813900991862));
#1887=CARTESIAN_POINT('',(-42.2261807362646,4.43749971063145,4.72813900991862));
#1888=CARTESIAN_POINT('',(-42.2516767727476,4.55656645844504,4.72813900991862));
#1889=CARTESIAN_POINT('',(-42.2811106806038,4.67705199609518,4.72813900991862));
#1890=CARTESIAN_POINT('',(-42.3009854161149,4.79767406127387,4.72813900991862));
#1891=CARTESIAN_POINT('',(-42.2906015848083,4.92635199886232,4.72813900991862));
#1892=CARTESIAN_POINT('',(-42.1937847758502,5.01396899023175,4.72813900991862));
#1893=CARTESIAN_POINT('',(-42.0716288965928,5.03775358802998,4.72813900991862));
#1894=CARTESIAN_POINT('',(-41.9501976778774,5.04486096105486,4.72813900991862));
#1895=CARTESIAN_POINT('',(-41.8269415934649,5.04766691673969,4.72813900991862));
#1896=CARTESIAN_POINT('',(-41.7070418519805,5.05709478277524,4.72813900991862));
#1897=CARTESIAN_POINT('',(-41.5857316164316,5.10829194516574,4.72813900991862));
#1898=CARTESIAN_POINT('',(-41.5450647216609,5.23400076092444,4.72813900991862));
#1899=CARTESIAN_POINT('',(-41.5501928130174,5.35739399680393,4.72813900991862));
#1900=CARTESIAN_POINT('',(-41.5624580328843,5.48076049107305,4.72813900991862));
#1901=CARTESIAN_POINT('',(-41.5704806058459,5.60385248149806,4.72813900991862));
#1902=CARTESIAN_POINT('',(-41.5616502169326,5.7293251804322,4.72813900991862));
#1903=CARTESIAN_POINT('',(-41.485283164666,5.83599421258459,4.72813900991862));
#1904=CARTESIAN_POINT('',(-41.3584127134874,5.86120747051124,4.72813900991862));
#1905=CARTESIAN_POINT('',(-41.2365482559745,5.85601554702676,4.72813900991862));
#1906=CARTESIAN_POINT('',(-41.1141249693703,5.84152673052738,4.72813900991862));
#1907=CARTESIAN_POINT('',(-40.9929125631585,5.83087481928212,4.72813900991862));
#1908=CARTESIAN_POINT('',(-40.8660598372483,5.83854353337422,4.72813900991862));
#1909=CARTESIAN_POINT('',(-40.7735669478234,5.93022937725205,4.72813900991862));
#1910=CARTESIAN_POINT('',(-40.7526826379027,6.05372820045571,4.72813900991862));
#1911=CARTESIAN_POINT('',(-40.7453964145955,6.17480881750987,4.72813900991862));
#1912=CARTESIAN_POINT('',(-40.7398511258066,6.29751838968867,4.72813900991862));
#1913=CARTESIAN_POINT('',(-40.7241643116796,6.41648721812569,4.72813900991862));
#1914=CARTESIAN_POINT('',(-40.6706523375046,6.53558398103913,4.72813900991862));
#1915=CARTESIAN_POINT('',(-40.5470774414018,6.58103924441424,4.72813900991862));
#1916=CARTESIAN_POINT('',(-40.4235707100186,6.56643083502611,4.72813900991862));
#1917=CARTESIAN_POINT('',(-40.303658534664,6.53797848857633,4.72813900991862));
#1918=CARTESIAN_POINT('',(-40.1842128159618,6.50727623458477,4.72813900991862));
#1919=CARTESIAN_POINT('',(-40.0626545859197,6.48463313472042,4.72813900991862));
#1920=CARTESIAN_POINT('',(-39.9349912058717,6.51725869890061,4.72813900991862));
#1921=CARTESIAN_POINT('',(-39.8744093906923,6.6332046844625,4.72813900991862));
#1922=CARTESIAN_POINT('',(-39.8472256393136,6.7516746560118,4.72813900991862));
#1923=CARTESIAN_POINT('',(-39.825513071126,6.87309300630519,4.72813900991862));
#1924=CARTESIAN_POINT('',(-39.797938066556,6.99175503794632,4.72813900991862));
#1925=CARTESIAN_POINT('',(-39.750713435453,7.10793896670238,4.72813900991862));
#1926=CARTESIAN_POINT('',(-39.6398661630719,7.17786860979989,4.72813900991862));
#1927=CARTESIAN_POINT('',(-39.5135147568874,7.16033911864696,4.72813900991862));
#1928=CARTESIAN_POINT('',(-39.3987326936081,7.12056049299077,4.72813900991862));
#1929=CARTESIAN_POINT('',(-39.2846935065079,7.07245668421318,4.72813900991862));
#1930=CARTESIAN_POINT('',(-39.1715851910219,7.02997509000502,4.72813900991862));
#1931=CARTESIAN_POINT('',(-39.0441173144743,7.00770477990095,4.72813900991862));
#1932=CARTESIAN_POINT('',(-38.936249820076,7.0846387788669,4.72813900991862));
#1933=CARTESIAN_POINT('',(-38.8693979916693,7.2370770868596,4.72813900991862));
#1934=CARTESIAN_POINT('',(-38.8233823627033,7.39352949833697,4.72813900991862));
#1935=CARTESIAN_POINT('',(-38.7549831060124,7.54193311832827,4.72813900991862));
#1936=CARTESIAN_POINT('',(-38.6613253668497,7.63190433524648,4.72813900991862));
#1937=CARTESIAN_POINT('',(-38.5315368636244,7.62680259921251,4.72813900991862));
#1938=CARTESIAN_POINT('',(-38.3839066833542,7.56093419090091,4.72813900991862));
#1939=CARTESIAN_POINT('',(-38.246558551343,7.47315544013408,4.72813900991862));
#1940=CARTESIAN_POINT('',(-38.0982880933781,7.40236329602675,4.72813900991862));
#1941=CARTESIAN_POINT('',(-37.9688328110697,7.40845964754977,4.72813900991862));
#1942=CARTESIAN_POINT('',(-37.8841916192011,7.50486211530932,4.72813900991862));
#1943=CARTESIAN_POINT('',(-37.8261375582435,7.61078271208849,4.72813900991862));
#1944=CARTESIAN_POINT('',(-37.7722078859711,7.72080879228087,4.72813900991862));
#1945=CARTESIAN_POINT('',(-37.712738974874,7.82651921603013,4.72813900991862));
#1946=CARTESIAN_POINT('',(-37.6330775242232,7.92410628720769,4.72813900991862));
#1947=CARTESIAN_POINT('',(-37.5072348724127,7.95500369979559,4.72813900991862));
#1948=CARTESIAN_POINT('',(-37.3927371023369,7.90241858643276,4.72813900991862));
#1949=CARTESIAN_POINT('',(-37.2941775106959,7.83269288181907,4.72813900991862));
#1950=CARTESIAN_POINT('',(-37.1988332257643,7.75576304777004,4.72813900991862));
#1951=CARTESIAN_POINT('',(-37.1015211243148,7.6838949166551,4.72813900991862));
#1952=CARTESIAN_POINT('',(-36.9870565091674,7.62914986543566,4.72813900991862));
#1953=CARTESIAN_POINT('',(-36.8638835674289,7.67174977266201,4.72813900991862));
#1954=CARTESIAN_POINT('',(-36.7845336862852,7.76629522809582,4.72813900991862));
#1955=CARTESIAN_POINT('',(-36.714606544553,7.86583724279317,4.72813900991862));
#1956=CARTESIAN_POINT('',(-36.6446589130284,7.9660851568989,4.72813900991862));
#1957=CARTESIAN_POINT('',(-36.5657571142285,8.05850573642142,4.72813900991862));
#1958=CARTESIAN_POINT('',(-36.4535762388559,8.12216399895629,4.72813900991862));
#1959=CARTESIAN_POINT('',(-36.3297509095601,8.0863396633586,4.72813900991862));
#1960=CARTESIAN_POINT('',(-36.2361746539654,8.0093912682579,4.72813900991862));
#1961=CARTESIAN_POINT('',(-36.151696432771,7.92316415975782,4.72813900991862));
#1962=CARTESIAN_POINT('',(-36.0680691587239,7.83557182794661,4.72813900991862));
#1963=CARTESIAN_POINT('',(-35.9785376452974,7.7544106981891,4.72813900991862));
#1964=CARTESIAN_POINT('',(-35.8561531694539,7.71500184016021,4.72813900991862));
#1965=CARTESIAN_POINT('',(-35.7445482852126,7.77811308350301,4.72813900991862));
#1966=CARTESIAN_POINT('',(-35.6593744144941,7.86266191494464,4.72813900991862));
#1967=CARTESIAN_POINT('',(-35.5776710441931,7.95282475693146,4.72813900991862));
#1968=CARTESIAN_POINT('',(-35.4929118344975,8.03850420202067,4.72813900991862));
#1969=CARTESIAN_POINT('',(-35.3936199100556,8.11314895232571,4.72813900991862));
#1970=CARTESIAN_POINT('',(-35.2656947376254,8.12299062981366,4.72813900991862));
#1971=CARTESIAN_POINT('',(-35.1649091750675,8.04638009450341,4.72813900991862));
#1972=CARTESIAN_POINT('',(-35.0886211706813,7.95424164607411,4.72813900991862));
#1973=CARTESIAN_POINT('',(-35.0183267382131,7.8548507410266,4.72813900991862));
#1974=CARTESIAN_POINT('',(-34.946173012779,7.75884897276573,4.72813900991862));
#1975=CARTESIAN_POINT('',(-34.8583073493069,7.67019479159687,4.72813900991862));
#1976=CARTESIAN_POINT('',(-34.7305276284552,7.65671255242536,4.72813900991862));
#1977=CARTESIAN_POINT('',(-34.6243378991452,7.72123740260764,4.72813900991862));
#1978=CARTESIAN_POINT('',(-34.530618230774,7.79511904731259,4.72813900991862));
#1979=CARTESIAN_POINT('',(-34.4375631606599,7.87226744060651,4.72813900991862));
#1980=CARTESIAN_POINT('',(-34.3397503368523,7.94089650367084,4.72813900991862));
#1981=CARTESIAN_POINT('',(-34.2227732222702,7.98639986385649,4.72813900991862));
#1982=CARTESIAN_POINT('',(-34.1035472939524,7.94118361060889,4.72813900991862));
#1983=CARTESIAN_POINT('',(-34.0287449628582,7.84472326258127,4.72813900991862));
#1984=CARTESIAN_POINT('',(-33.969890883654,7.74167358874816,4.72813900991862));
#1985=CARTESIAN_POINT('',(-33.9151834004004,7.635014214242,4.72813900991862));
#1986=CARTESIAN_POINT('',(-33.8558116613823,7.53301893620455,4.72813900991862));
#1987=CARTESIAN_POINT('',(-33.7684851337786,7.44285726830361,4.72813900991862));
#1988=CARTESIAN_POINT('',(-33.6420228108826,7.44283772051624,4.72813900991862));
#1989=CARTESIAN_POINT('',(-33.4994780114829,7.51359744333771,4.72813900991862));
#1990=CARTESIAN_POINT('',(-33.3669475909716,7.60145819059594,4.72813900991862));
#1991=CARTESIAN_POINT('',(-33.2254567493698,7.66899407808181,4.72813900991862));
#1992=CARTESIAN_POINT('',(-33.0998133433072,7.68416595990721,4.72813900991862));
#1993=CARTESIAN_POINT('',(-32.9995142449391,7.60575407812511,4.72813900991862));
#1994=CARTESIAN_POINT('',(-32.9261503550677,7.46326280984125,4.72813900991862));
#1995=CARTESIAN_POINT('',(-32.8777058963225,7.31042300093654,4.72813900991862));
#1996=CARTESIAN_POINT('',(-32.8156195052487,7.16521881002404,4.72813900991862));
#1997=CARTESIAN_POINT('',(-32.7261972462419,7.07206924018285,4.72813900991862));
#1998=CARTESIAN_POINT('',(-32.5976192483823,7.07676664956162,4.72813900991862));
#1999=CARTESIAN_POINT('',(-32.447070065403,7.1324636872371,4.72813900991862));
#2000=CARTESIAN_POINT('',(-32.3009373131514,7.2020238116582,4.72813900991862));
#2001=CARTESIAN_POINT('',(-32.1422877744382,7.24271911331587,4.72813900991862));
#2002=CARTESIAN_POINT('',(-32.0175312780643,7.20928609139927,4.72813900991862));
#2003=CARTESIAN_POINT('',(-31.9512017245787,7.09985127588721,4.72813900991862));
#2004=CARTESIAN_POINT('',(-31.9179416033489,6.98536362004799,4.72813900991862));
#2005=CARTESIAN_POINT('',(-31.893763065587,6.86608541597239,4.72813900991862));
#2006=CARTESIAN_POINT('',(-31.8676100210245,6.74895489976764,4.72813900991862));
#2007=CARTESIAN_POINT('',(-31.8268798227023,6.63167035224393,4.72813900991862));
#2008=CARTESIAN_POINT('',(-31.7215008328388,6.55828544244588,4.72813900991862));
#2009=CARTESIAN_POINT('',(-31.5966048274692,6.57046359223531,4.72813900991862));
#2010=CARTESIAN_POINT('',(-31.4808915898226,6.5991833968416,4.72813900991862));
#2011=CARTESIAN_POINT('',(-31.3644715786703,6.63212659784728,4.72813900991862));
#2012=CARTESIAN_POINT('',(-31.2472339519902,6.6562272548232,4.72813900991862));
#2013=CARTESIAN_POINT('',(-31.1224886437578,6.65519540203741,4.72813900991862));
#2014=CARTESIAN_POINT('',(-31.0254722536041,6.57217350284738,4.72813900991862));
#2015=CARTESIAN_POINT('',(-30.9932895103514,6.45344474268806,4.72813900991862));
#2016=CARTESIAN_POINT('',(-30.9804848951132,6.33542842409527,4.72813900991862));
#2017=CARTESIAN_POINT('',(-30.9739834812309,6.21558730361245,4.72813900991862));
#2018=CARTESIAN_POINT('',(-30.9619324432861,6.09793330409824,4.72813900991862));
#2019=CARTESIAN_POINT('',(-30.923940789103,5.97891983157817,4.72813900991862));
#2020=CARTESIAN_POINT('',(-30.812036686157,5.919650355285,4.72813900991862));
#2021=CARTESIAN_POINT('',(-30.6918053399927,5.92314159132468,4.72813900991862));
#2022=CARTESIAN_POINT('',(-30.5741957297215,5.93720311753209,4.72813900991862));
#2023=CARTESIAN_POINT('',(-30.4557304106172,5.95223924534638,4.72813900991862));
#2024=CARTESIAN_POINT('',(-30.3390097881183,5.956489397208,4.72813900991862));
#2025=CARTESIAN_POINT('',(-30.2161951305136,5.92470604860996,4.72813900991862));
#2026=CARTESIAN_POINT('',(-30.1501404931825,5.81500828070057,4.72813900991862));
#2027=CARTESIAN_POINT('',(-30.1417668133012,5.69403466500818,4.72813900991862));
#2028=CARTESIAN_POINT('',(-30.1480380403916,5.57417352198673,4.72813900991862));
#2029=CARTESIAN_POINT('',(-30.1577700042971,5.45411224307122,4.72813900991862));
#2030=CARTESIAN_POINT('',(-30.1600516596007,5.33460608087725,4.72813900991862));
#2031=CARTESIAN_POINT('',(-30.1206491,5.2131527090799,4.72813900991862));
#2032=CARTESIAN_POINT('',(-30.0046533507431,5.16092711436552,4.72813900991862));
#2033=CARTESIAN_POINT('',(-29.8859923578512,5.15225800014723,4.72813900991862));
#2034=CARTESIAN_POINT('',(-29.7667895547992,5.15129772070931,4.72813900991862));
#2035=CARTESIAN_POINT('',(-29.6478779996953,5.14768961584373,4.72813900991862));
#2036=CARTESIAN_POINT('',(-29.5297419551911,5.13035709738359,4.72813900991862));
#2037=CARTESIAN_POINT('',(-29.4237309890501,5.06252320997232,4.72813900991862));
#2038=CARTESIAN_POINT('',(-29.3959310728516,4.94008371130635,4.72813900991862));
#2039=CARTESIAN_POINT('',(-29.4086695409187,4.82369320577477,4.72813900991862));
#2040=CARTESIAN_POINT('',(-29.4331331878524,4.70755912047033,4.72813900991862));
#2041=CARTESIAN_POINT('',(-29.4580349602734,4.59203574495081,4.72813900991862));
#2042=CARTESIAN_POINT('',(-29.4738432714021,4.47426014653531,4.72813900991862));
#2043=CARTESIAN_POINT('',(-29.4366942577221,4.35462940357913,4.72813900991862));
#2044=CARTESIAN_POINT('',(-29.3254719273363,4.29878944203791,4.72813900991862));
#2045=CARTESIAN_POINT('',(-29.2107079183585,4.27537083875395,4.72813900991862));
#2046=CARTESIAN_POINT('',(-29.0939116875657,4.25853354740625,4.72813900991862));
#2047=CARTESIAN_POINT('',(-28.9776936741401,4.23719664709414,4.72813900991862));
#2048=CARTESIAN_POINT('',(-28.8660425247957,4.20200319379397,4.72813900991862));
#2049=CARTESIAN_POINT('',(-28.7760271753007,4.11296817457619,4.72813900991862));
#2050=CARTESIAN_POINT('',(-28.7730117253824,3.98774167830143,4.72813900991862));
#2051=CARTESIAN_POINT('',(-28.803304442262,3.87484011845136,4.72813900991862));
#2052=CARTESIAN_POINT('',(-28.8443689994068,3.76346312274061,4.72813900991862));
#2053=CARTESIAN_POINT('',(-28.8843722728012,3.65265988180853,4.72813900991862));
#2054=CARTESIAN_POINT('',(-28.9148790647018,3.53662715804751,4.72813900991862));
#2055=CARTESIAN_POINT('',(-28.8841938271489,3.41462718546289,4.72813900991862));
#2056=CARTESIAN_POINT('',(-28.7775965648571,3.34985196217466,4.72813900991862));
#2057=CARTESIAN_POINT('',(-28.6677219583971,3.31204358678797,4.72813900991862));
#2058=CARTESIAN_POINT('',(-28.5541297605017,3.27914349820186,4.72813900991862));
#2059=CARTESIAN_POINT('',(-28.4436215299432,3.24143038296682,4.72813900991862));
#2060=CARTESIAN_POINT('',(-28.3368078005329,3.18666815791167,4.72813900991862));
#2061=CARTESIAN_POINT('',(-28.2703871676695,3.08208883883986,4.72813900991862));
#2062=CARTESIAN_POINT('',(-28.2899895095614,2.9602877160508,4.72813900991862));
#2063=CARTESIAN_POINT('',(-28.3362010068376,2.85446424648207,4.72813900991862));
#2064=CARTESIAN_POINT('',(-28.3916645375842,2.75198668641476,4.72813900991862));
#2065=CARTESIAN_POINT('',(-28.445532363641,2.64897427580141,4.72813900991862));
#2066=CARTESIAN_POINT('',(-28.4897130603576,2.54193080621742,4.72813900991862));
#2067=CARTESIAN_POINT('',(-28.4758849106554,2.41770338809169,4.72813900991862));
#2068=CARTESIAN_POINT('',(-28.3808073395409,2.33971028742655,4.72813900991862));
#2069=CARTESIAN_POINT('',(-28.277268993645,2.28668872567851,4.72813900991862));
#2070=CARTESIAN_POINT('',(-28.1699527075757,2.23863314919248,4.72813900991862));
#2071=CARTESIAN_POINT('',(-28.0655006605583,2.18583019823557,4.72813900991862));
#2072=CARTESIAN_POINT('',(-27.9682131525219,2.11812917029602,4.72813900991862));
#2073=CARTESIAN_POINT('',(-27.9148262176644,2.00601523431602,4.72813900991862));
#2074=CARTESIAN_POINT('',(-27.9496408175067,1.88828973596491,4.72813900991862));
#2075=CARTESIAN_POINT('',(-28.0104525831783,1.78862770409355,4.72813900991862));
#2076=CARTESIAN_POINT('',(-28.0801415625845,1.69409653387373,4.72813900991862));
#2077=CARTESIAN_POINT('',(-28.1482137852761,1.59938183544732,4.72813900991862));
#2078=CARTESIAN_POINT('',(-28.2080480981606,1.49684458390852,4.72813900991862));
#2079=CARTESIAN_POINT('',(-28.2100449589395,1.37286572309053,4.72813900991862));
#2080=CARTESIAN_POINT('',(-28.126564255397,1.2827813093279,4.72813900991862));
#2081=CARTESIAN_POINT('',(-28.0325339576577,1.21673244669893,4.72813900991862));
#2082=CARTESIAN_POINT('',(-27.9338180588821,1.15468579509579,4.72813900991862));
#2083=CARTESIAN_POINT('',(-27.8386688173935,1.08872283416023,4.72813900991862));
#2084=CARTESIAN_POINT('',(-27.7524165525767,1.00956091221834,4.72813900991862));
#2085=CARTESIAN_POINT('',(-27.7121580211285,0.893698050721685,4.72813900991862));
#2086=CARTESIAN_POINT('',(-27.7598064425513,0.781715792481771,4.72813900991862));
#2087=CARTESIAN_POINT('',(-27.8312907962526,0.69298070460835,4.72813900991862));
#2088=CARTESIAN_POINT('',(-27.9118785467914,0.60994310832092,4.72813900991862));
#2089=CARTESIAN_POINT('',(-27.9921611032667,0.52667054027786,4.72813900991862));
#2090=CARTESIAN_POINT('',(-28.0646616421207,0.438594065246068,4.72813900991862));
#2091=CARTESIAN_POINT('',(-28.0970183600883,0.318466098334346,4.72813900991862));
#2092=CARTESIAN_POINT('',(-28.0338432577178,0.212955365694149,4.72813900991862));
#2093=CARTESIAN_POINT('',(-27.9503065029114,0.132966954671217,4.72813900991862));
#2094=CARTESIAN_POINT('',(-27.8614530360105,0.0576778393213263,4.72813900991862));
#2095=CARTESIAN_POINT('',(-27.7751358427621,-0.0202707207540087,4.72813900991862));
#2096=CARTESIAN_POINT('',(-27.6988584191668,-0.107970912691411,4.72813900991862));
#2097=CARTESIAN_POINT('',(-27.6637479817397,-0.225497066077297,4.72813900991862));
#2098=CARTESIAN_POINT('',(-27.719210060456,-0.334727964445747,4.72813900991862));
#2099=CARTESIAN_POINT('',(-27.8024810665662,-0.415317919020625,4.72813900991862));
#2100=CARTESIAN_POINT('',(-27.893538147871,-0.487044790133879,4.72813900991862));
#2101=CARTESIAN_POINT('',(-27.9853995465514,-0.558119899217566,4.72813900991862));
#2102=CARTESIAN_POINT('',(-28.071008327215,-0.634488782036433,4.72813900991862));
#2103=CARTESIAN_POINT('',(-28.1279857801836,-0.745926240286145,4.72813900991862));
#2104=CARTESIAN_POINT('',(-28.0854372881006,-0.863078911125035,4.72813900991862));
#2105=CARTESIAN_POINT('',(-28.0145983854657,-0.954211561810266,4.72813900991862));
#2106=CARTESIAN_POINT('',(-27.9364675276137,-1.04227550895049,4.72813900991862));
#2107=CARTESIAN_POINT('',(-27.8610941449891,-1.13147208448037,4.72813900991862));
#2108=CARTESIAN_POINT('',(-27.7952451431368,-1.22914120259798,4.72813900991862));
#2109=CARTESIAN_POINT('',(-27.7728126212653,-1.35488928114674,4.72813900991862));
#2110=CARTESIAN_POINT('',(-27.8456312751761,-1.45860958990796,4.72813900991862));
#2111=CARTESIAN_POINT('',(-27.9427577693906,-1.52823619183033,4.72813900991862));
#2112=CARTESIAN_POINT('',(-28.0461786938853,-1.58794448400893,4.72813900991862));
#2113=CARTESIAN_POINT('',(-28.1494767041361,-1.64740595282619,4.72813900991862));
#2114=CARTESIAN_POINT('',(-28.2483164934714,-1.71565891385167,4.72813900991862));
#2115=CARTESIAN_POINT('',(-28.3088438199987,-1.82644364843743,4.72813900991862));
#2116=CARTESIAN_POINT('',(-28.2721568698154,-1.94614406941093,4.72813900991862));
#2117=CARTESIAN_POINT('',(-28.211662831461,-2.04764122916403,4.72813900991862));
#2118=CARTESIAN_POINT('',(-28.1445239337446,-2.14760648514172,4.72813900991862));
#2119=CARTESIAN_POINT('',(-28.0833813809874,-2.24898797553965,4.72813900991862));
#2120=CARTESIAN_POINT('',(-28.0341417802804,-2.36172825457546,4.72813900991862));
#2121=CARTESIAN_POINT('',(-28.0572599581833,-2.49434651681401,4.72813900991862));
#2122=CARTESIAN_POINT('',(-28.1617182196648,-2.57348415647134,4.72813900991862));
#2123=CARTESIAN_POINT('',(-28.2732171528161,-2.62556053758557,4.72813900991862));
#2124=CARTESIAN_POINT('',(-28.3906960640578,-2.67102522932175,4.72813900991862));
#2125=CARTESIAN_POINT('',(-28.5036869173867,-2.71970452911442,4.72813900991862));
#2126=CARTESIAN_POINT('',(-28.612325422267,-2.79433716075999,4.72813900991862));
#2127=CARTESIAN_POINT('',(-28.6332825265727,-2.92683930237623,4.72813900991862));
#2128=CARTESIAN_POINT('',(-28.5737257471521,-3.08342889379392,4.72813900991862));
#2129=CARTESIAN_POINT('',(-28.4969108266205,-3.2312070275736,4.72813900991862));
#2130=CARTESIAN_POINT('',(-28.4427925750921,-3.39022747098341,4.72813900991862));
#2131=CARTESIAN_POINT('',(-28.4607689696866,-3.52633623159105,4.72813900991862));
#2132=CARTESIAN_POINT('',(-28.571749109627,-3.60425256369903,4.72813900991862));
#2133=CARTESIAN_POINT('',(-28.692451067841,-3.64336420405835,4.72813900991862));
#2134=CARTESIAN_POINT('',(-28.8166695113193,-3.67299473711165,4.72813900991862));
#2135=CARTESIAN_POINT('',(-28.9394268929571,-3.70491981075029,4.72813900991862));
#2136=CARTESIAN_POINT('',(-29.0382195384539,-3.74990264479947,4.72813900991862));
#2137=CARTESIAN_POINT('',(-29.0894257121356,-3.82010742575582,4.72813900991862));
#2138=CARTESIAN_POINT('',(-29.1055151025926,-3.90525015435572,4.72813900991862));
#2139=CARTESIAN_POINT('',(-29.085705862756,-4.01004539565165,4.72813900991862));
#2140=CARTESIAN_POINT('',(-29.0479967617501,-4.13084042017648,4.72813900991862));
#2141=CARTESIAN_POINT('',(-29.0113787166448,-4.25237240110884,4.72813900991862));
#2142=CARTESIAN_POINT('',(-28.9868721728425,-4.37551600507281,4.72813900991862));
#2143=CARTESIAN_POINT('',(-29.0185528387394,-4.50935204847132,4.72813900991862));
#2144=CARTESIAN_POINT('',(-29.1385536234734,-4.57493139828015,4.72813900991862));
#2145=CARTESIAN_POINT('',(-29.2643267311233,-4.59746500319827,4.72813900991862));
#2146=CARTESIAN_POINT('',(-29.3925427906305,-4.60979702796874,4.72813900991862));
#2147=CARTESIAN_POINT('',(-29.5195015109883,-4.62417243165388,4.72813900991862));
#2148=CARTESIAN_POINT('',(-29.6247527726055,-4.65461028437014,4.72813900991862));
#2149=CARTESIAN_POINT('',(-29.6862351556475,-4.71724234412925,4.72813900991862));
#2150=CARTESIAN_POINT('',(-29.7143741201633,-4.80002771106586,4.72813900991862));
#2151=CARTESIAN_POINT('',(-29.7068002312757,-4.95010247183802,4.72813900991862));
#2152=CARTESIAN_POINT('',(-29.6709398444053,-5.11697522914014,4.72813900991862));
#2153=CARTESIAN_POINT('',(-29.6624037031696,-5.28668996888287,4.72813900991862));
#2154=CARTESIAN_POINT('',(-29.7156051648694,-5.41305466215052,4.72813900991862));
#2155=CARTESIAN_POINT('',(-29.8436175826588,-5.45872297175058,4.72813900991862));
#2156=CARTESIAN_POINT('',(-29.9708323690092,-5.46321098741193,4.72813900991862));
#2157=CARTESIAN_POINT('',(-30.0991186177007,-5.45747800800084,4.72813900991862));
#2158=CARTESIAN_POINT('',(-30.2264139462466,-5.45422401885658,4.72813900991862));
#2159=CARTESIAN_POINT('',(-30.3347841760577,-5.4703756912925,4.72813900991862));
#2160=CARTESIAN_POINT('',(-30.4034682820257,-5.52464716708979,4.72813900991862));
#2161=CARTESIAN_POINT('',(-30.4419920160658,-5.60293551565171,4.72813900991862));
#2162=CARTESIAN_POINT('',(-30.4514104280195,-5.709604999302,4.72813900991862));
#2163=CARTESIAN_POINT('',(-30.4483431550323,-5.83698566076546,4.72813900991862));
#2164=CARTESIAN_POINT('',(-30.4466721898798,-5.96444441098081,4.72813900991862));
#2165=CARTESIAN_POINT('',(-30.4585627284751,-6.09269324472418,4.72813900991862));
#2166=CARTESIAN_POINT('',(-30.5290081779386,-6.20819106351081,4.72813900991862));
#2167=CARTESIAN_POINT('',(-30.6616107476186,-6.23548635228146,4.72813900991862));
#2168=CARTESIAN_POINT('',(-30.7876607693848,-6.22225908024243,4.72813900991862));
#2169=CARTESIAN_POINT('',(-30.9133752220107,-6.19888224557355,4.72813900991862));
#2170=CARTESIAN_POINT('',(-31.0382246654947,-6.17795532089911,4.72813900991862));
#2171=CARTESIAN_POINT('',(-31.147818713974,-6.17848375894816,4.72813900991862));
#2172=CARTESIAN_POINT('',(-31.223460088154,-6.22155645302903,4.72813900991862));
#2173=CARTESIAN_POINT('',(-31.2730234592158,-6.29253064599687,4.72813900991862));
#2174=CARTESIAN_POINT('',(-31.2977543858248,-6.39669027285524,4.72813900991862));
#2175=CARTESIAN_POINT('',(-31.3123819056192,-6.52177464956339,4.72813900991862));
#2176=CARTESIAN_POINT('',(-31.3282574313546,-6.64738718972272,4.72813900991862));
#2177=CARTESIAN_POINT('',(-31.3557134693487,-6.7696774738445,4.72813900991862));
#2178=CARTESIAN_POINT('',(-31.4380472400893,-6.87975812543407,4.72813900991862));
#2179=CARTESIAN_POINT('',(-31.5745153476411,-6.89178629352314,4.72813900991862));
#2180=CARTESIAN_POINT('',(-31.6975267088961,-6.8617058710214,4.72813900991862));
#2181=CARTESIAN_POINT('',(-31.8199487309422,-6.82088503315524,4.72813900991862));
#2182=CARTESIAN_POINT('',(-31.9412673939259,-6.78231482611667,4.72813900991862));
#2183=CARTESIAN_POINT('',(-32.0500666894654,-6.7665721101922,4.72813900991862));
#2184=CARTESIAN_POINT('',(-32.132091135237,-6.79750107746592,4.72813900991862));
#2185=CARTESIAN_POINT('',(-32.1921362470759,-6.86061725248881,4.72813900991862));
#2186=CARTESIAN_POINT('',(-32.2316045904926,-6.96095486033406,4.72813900991862));
#2187=CARTESIAN_POINT('',(-32.263729546373,-7.0835268534187,4.72813900991862));
#2188=CARTESIAN_POINT('',(-32.2970415997804,-7.206540534576,4.72813900991862));
#2189=CARTESIAN_POINT('',(-32.3422316421757,-7.32501862723616,4.72813900991862));
#2190=CARTESIAN_POINT('',(-32.4383711149013,-7.42042230322861,4.72813900991862));
#2191=CARTESIAN_POINT('',(-32.5736371706921,-7.41392223723197,4.72813900991862));
#2192=CARTESIAN_POINT('',(-32.6898282642211,-7.3679830321571,4.72813900991862));
#2193=CARTESIAN_POINT('',(-32.8028870449063,-7.31197463134997,4.72813900991862));
#2194=CARTESIAN_POINT('',(-32.9157408470425,-7.25746900801082,4.72813900991862));
#2195=CARTESIAN_POINT('',(-33.017609691676,-7.2255589068316,4.72813900991862));
#2196=CARTESIAN_POINT('',(-33.1025556274229,-7.23793829848143,4.72813900991862));
#2197=CARTESIAN_POINT('',(-33.1734510511785,-7.28582705465954,4.72813900991862));
#2198=CARTESIAN_POINT('',(-33.228424583545,-7.37660203029909,4.72813900991862));
#2199=CARTESIAN_POINT('',(-33.277012055515,-7.48999265056451,4.72813900991862));
#2200=CARTESIAN_POINT('',(-33.3249354705566,-7.6050492927471,4.72813900991862));
#2201=CARTESIAN_POINT('',(-33.3819760802404,-7.71425448007529,4.72813900991862));
#2202=CARTESIAN_POINT('',(-33.4745271836438,-7.80648438071556,4.72813900991862));
#2203=CARTESIAN_POINT('',(-33.6065509284917,-7.80423322188846,4.72813900991862));
#2204=CARTESIAN_POINT('',(-33.7535440708412,-7.72899698007287,4.72813900991862));
#2205=CARTESIAN_POINT('',(-33.886608133876,-7.6308158553597,4.72813900991862));
#2206=CARTESIAN_POINT('',(-34.0272516560302,-7.54814451862783,4.72813900991862));
#2207=CARTESIAN_POINT('',(-34.1602239594721,-7.53724704970662,4.72813900991862));
#2208=CARTESIAN_POINT('',(-34.2560923196907,-7.62853054982781,4.72813900991862));
#2209=CARTESIAN_POINT('',(-34.3224941622528,-7.73214832526313,4.72813900991862));
#2210=CARTESIAN_POINT('',(-34.3852665605046,-7.84029601275605,4.72813900991862));
#2211=CARTESIAN_POINT('',(-34.4532761744409,-7.94334546736687,4.72813900991862));
#2212=CARTESIAN_POINT('',(-34.542288289048,-8.03587126102752,4.72813900991862));
#2213=CARTESIAN_POINT('',(-34.6729988436653,-8.05247510145856,4.72813900991862));
#2214=CARTESIAN_POINT('',(-34.7838174646665,-7.98805723800493,4.72813900991862));
#2215=CARTESIAN_POINT('',(-34.8781789674596,-7.90924900879477,4.72813900991862));
#2216=CARTESIAN_POINT('',(-34.9696852989804,-7.82442383876792,4.72813900991862));
#2217=CARTESIAN_POINT('',(-35.0624678747322,-7.74598297598773,4.72813900991862));
#2218=CARTESIAN_POINT('',(-35.1829747531754,-7.68862159532513,4.72813900991862));
#2219=CARTESIAN_POINT('',(-35.3059689527884,-7.7424071928299,4.72813900991862));
#2220=CARTESIAN_POINT('',(-35.38920587847,-7.83456367506358,4.72813900991862));
#2221=CARTESIAN_POINT('',(-35.467472479299,-7.93293596132899,4.72813900991862));
#2222=CARTESIAN_POINT('',(-35.5471976008785,-8.02822722475353,4.72813900991862));
#2223=CARTESIAN_POINT('',(-35.6407936174206,-8.11599085950848,4.72813900991862));
#2224=CARTESIAN_POINT('',(-35.7740751655459,-8.14444689797828,4.72813900991862));
#2225=CARTESIAN_POINT('',(-35.8867250194541,-8.07137004132103,4.72813900991862));
#2226=CARTESIAN_POINT('',(-35.9730181995859,-7.97937482214516,4.72813900991862));
#2227=CARTESIAN_POINT('',(-36.0545370689693,-7.87952331953133,4.72813900991862));
#2228=CARTESIAN_POINT('',(-36.1365407497703,-7.78547320455086,4.72813900991862));
#2229=CARTESIAN_POINT('',(-36.2473733727841,-7.70185134592586,4.72813900991862));
#2230=CARTESIAN_POINT('',(-36.3856320382519,-7.73316782999027,4.72813900991862));
#2231=CARTESIAN_POINT('',(-36.485617592779,-7.81834055017057,4.72813900991862));
#2232=CARTESIAN_POINT('',(-36.5802535155821,-7.90817159413449,4.72813900991862));
#2233=CARTESIAN_POINT('',(-36.6768789805461,-7.99460796779944,4.72813900991862));
#2234=CARTESIAN_POINT('',(-36.7885342883328,-8.06838902082388,4.72813900991862));
#2235=CARTESIAN_POINT('',(-36.9272096434676,-8.06060694094704,4.72813900991862));
#2236=CARTESIAN_POINT('',(-37.022524126636,-7.964721173321,4.72813900991862));
#2237=CARTESIAN_POINT('',(-37.0943398947299,-7.85867410008269,4.72813900991862));
#2238=CARTESIAN_POINT('',(-37.1618803941613,-7.74716592770895,4.72813900991862));
#2239=CARTESIAN_POINT('',(-37.2337066996547,-7.64003944830319,4.72813900991862));
#2240=CARTESIAN_POINT('',(-37.3436712965548,-7.55669478787195,4.72813900991862));
#2241=CARTESIAN_POINT('',(-37.4787233544889,-7.59033510195884,4.72813900991862));
#2242=CARTESIAN_POINT('',(-37.5852325462127,-7.66012352833514,4.72813900991862));
#2243=CARTESIAN_POINT('',(-37.6906195597188,-7.73604636809017,4.72813900991862));
#2244=CARTESIAN_POINT('',(-37.7984725170503,-7.80587390552051,4.72813900991862));
#2245=CARTESIAN_POINT('',(-37.9216033624173,-7.85694865525031,4.72813900991862));
#2246=CARTESIAN_POINT('',(-38.0527350255263,-7.8132023175238,4.72813900991862));
#2247=CARTESIAN_POINT('',(-38.1273884940618,-7.70280455646634,4.72813900991862));
#2248=CARTESIAN_POINT('',(-38.1824162709179,-7.5870189574126,4.72813900991862));
#2249=CARTESIAN_POINT('',(-38.2336755274055,-7.46825569347683,4.72813900991862));
#2250=CARTESIAN_POINT('',(-38.2913463987732,-7.35255825419868,4.72813900991862));
#2251=CARTESIAN_POINT('',(-38.3973968567354,-7.26469246792895,4.72813900991862));
#2252=CARTESIAN_POINT('',(-38.5324775053162,-7.28976776375887,4.72813900991862));
#2253=CARTESIAN_POINT('',(-38.6466801064297,-7.34446910591441,4.72813900991862));
#2254=CARTESIAN_POINT('',(-38.7616047046352,-7.40501876177759,4.72813900991862));
#2255=CARTESIAN_POINT('',(-38.8764514978729,-7.45725614698641,4.72813900991862));
#2256=CARTESIAN_POINT('',(-39.0117438772628,-7.48616946381027,4.72813900991862));
#2257=CARTESIAN_POINT('',(-39.1296112151401,-7.40927812247621,4.72813900991862));
#2258=CARTESIAN_POINT('',(-39.1834684372767,-7.28639909151887,4.72813900991862));
#2259=CARTESIAN_POINT('',(-39.2210970749084,-7.16103197148606,4.72813900991862));
#2260=CARTESIAN_POINT('',(-39.2560995598224,-7.03413408830575,4.72813900991862));
#2261=CARTESIAN_POINT('',(-39.2954064776775,-6.93209529304171,4.72813900991862));
#2262=CARTESIAN_POINT('',(-39.3565265883646,-6.86389984377175,4.72813900991862));
#2263=CARTESIAN_POINT('',(-39.4416423578042,-6.83031974539296,4.72813900991862));
#2264=CARTESIAN_POINT('',(-39.5548123969644,-6.84892095424176,4.72813900991862));
#2265=CARTESIAN_POINT('',(-39.680235204491,-6.89185428817913,4.72813900991862));
#2266=CARTESIAN_POINT('',(-39.8067003517782,-6.93579791717353,4.72813900991862));
#2267=CARTESIAN_POINT('',(-39.9360041014209,-6.96907729273367,4.72813900991862));
#2268=CARTESIAN_POINT('',(-40.0800997768129,-6.94130708771196,4.72813900991862));
#2269=CARTESIAN_POINT('',(-40.1498303412688,-6.81390545496746,4.72813900991862));
#2270=CARTESIAN_POINT('',(-40.1755611871317,-6.68254882999932,4.72813900991862));
#2271=CARTESIAN_POINT('',(-40.1928887665639,-6.54792495317343,4.72813900991862));
#2272=CARTESIAN_POINT('',(-40.2135586683062,-6.41615358230271,4.72813900991862));
#2273=CARTESIAN_POINT('',(-40.2732320984341,-6.28523730319788,4.72813900991862));
#2274=CARTESIAN_POINT('',(-40.4145484853713,-6.25238372723658,4.72813900991862));
#2275=CARTESIAN_POINT('',(-40.5463965309759,-6.27444588237199,4.72813900991862));
#2276=CARTESIAN_POINT('',(-40.678132946144,-6.30170814092361,4.72813900991862));
#2277=CARTESIAN_POINT('',(-40.8093042890978,-6.32218275319045,4.72813900991862));
#2278=CARTESIAN_POINT('',(-40.9492620494697,-6.31398770459761,4.72813900991862));
#2279=CARTESIAN_POINT('',(-41.0436797651605,-6.20617995406708,4.72813900991862));
#2280=CARTESIAN_POINT('',(-41.0671962507679,-6.02664156796532,4.72813900991862));
#2281=CARTESIAN_POINT('',(-41.0569894429189,-5.85097246389485,4.72813900991862));
#2282=CARTESIAN_POINT('',(-41.0725070365181,-5.69407402323843,4.72813900991862));
#2283=CARTESIAN_POINT('',(-41.1157088199597,-5.61378414245666,4.72813900991862));
#2284=CARTESIAN_POINT('',(-41.1912311311375,-5.56164344267501,4.72813900991862));
#2285=CARTESIAN_POINT('',(-41.3046555178777,-5.55066766230994,4.72813900991862));
#2286=CARTESIAN_POINT('',(-41.4363067382518,-5.55761778251208,4.72813900991862));
#2287=CARTESIAN_POINT('',(-41.5691562251762,-5.56480179489241,4.72813900991862));
#2288=CARTESIAN_POINT('',(-41.7014609872289,-5.55964324783647,4.72813900991862));
#2289=CARTESIAN_POINT('',(-41.8270390661364,-5.49378442958016,4.72813900991862));
#2290=CARTESIAN_POINT('',(-41.8594064494762,-5.35574844963985,4.72813900991862));
#2291=CARTESIAN_POINT('',(-41.8491672583,-5.22645269391684,4.72813900991862));
#2292=CARTESIAN_POINT('',(-41.8293428301885,-5.09582897404771,4.72813900991862));
#2293=CARTESIAN_POINT('',(-41.8131500368538,-4.96726931504726,4.72813900991862));
#2294=CARTESIAN_POINT('',(-41.8242375450538,-4.82864109437028,4.72813900991862));
#2295=CARTESIAN_POINT('',(-41.9370212205736,-4.74552298177655,4.72813900991862));
#2296=CARTESIAN_POINT('',(-42.1097720986503,-4.72121916088687,4.72813900991862));
#2297=CARTESIAN_POINT('',(-42.2813654414135,-4.71379284413582,4.72813900991862));
#2298=CARTESIAN_POINT('',(-42.4512525132371,-4.67278638764242,4.72813900991862));
#2299=CARTESIAN_POINT('',(-42.5444809489385,-4.57026884360703,4.72813900991862));
#2300=CARTESIAN_POINT('',(-42.5407594970696,-4.43432299181251,4.72813900991862));
#2301=CARTESIAN_POINT('',(-42.511312768871,-4.31155906118164,4.72813900991862));
#2302=CARTESIAN_POINT('',(-42.4739913835909,-4.18801782687177,4.72813900991862));
#2303=CARTESIAN_POINT('',(-42.4421978799888,-4.06530261501025,4.72813900991862));
#2304=CARTESIAN_POINT('',(-42.444092859969,-3.92882582001528,4.72813900991862));
#2305=CARTESIAN_POINT('',(-42.5495694349933,-3.84239075524796,4.72813900991862));
#2306=CARTESIAN_POINT('',(-42.6721455825656,-3.80799599047278,4.72813900991862));
#2307=CARTESIAN_POINT('',(-42.7973549978525,-3.78050839553726,4.72813900991862));
#2308=CARTESIAN_POINT('',(-42.9197387005632,-3.74938373643144,4.72813900991862));
#2309=CARTESIAN_POINT('',(-43.0424938423912,-3.69919966983409,4.72813900991862));
#2310=CARTESIAN_POINT('',(-43.1157158797774,-3.58120545770756,4.72813900991862));
#2311=CARTESIAN_POINT('',(-43.0902642230148,-3.44749190187212,4.72813900991862));
#2312=CARTESIAN_POINT('',(-43.0423479225423,-3.32784418143979,4.72813900991862));
#2313=CARTESIAN_POINT('',(-42.9873106724386,-3.2097604911508,4.72813900991862));
#2314=CARTESIAN_POINT('',(-42.9474584760437,-3.10856202511833,4.72813900991862));
#2315=CARTESIAN_POINT('',(-42.9337034660633,-3.02286245285171,4.72813900991862));
#2316=CARTESIAN_POINT('',(-42.9500744579476,-2.93319363207401,4.72813900991862));
#2317=CARTESIAN_POINT('',(-43.0240332257998,-2.86685090567502,4.72813900991862));
#2318=CARTESIAN_POINT('',(-42.9495480459117,-2.95866038871374,4.72813900991862));
#2319=CARTESIAN_POINT('',(-42.9495480466471,-2.95866038685413,19.428139009947));
#2320=CARTESIAN_POINT('',(-42.9495480466471,-2.95866038685414,14.5281390099375));
#2321=CARTESIAN_POINT('',(-42.9495480466471,-2.95866038685416,9.62813900992808));
#2322=CARTESIAN_POINT('',(-42.9495480466471,-2.95866038685417,4.72813900991862));
#2323=CARTESIAN_POINT('',(-42.9495480451922,-2.95866039053317,19.4281390099478));
#2324=CARTESIAN_POINT('',(-43.0463926271747,-2.85160665130425,19.3786981207322));
#2325=CARTESIAN_POINT('',(-42.9272392808728,-2.95014659596702,19.4524705937748));
#2326=CARTESIAN_POINT('',(-42.9419385205822,-3.09976930778571,19.3802535638594));
#2327=CARTESIAN_POINT('',(-43.0011235280621,-3.23987921397787,19.2694711267437));
#2328=CARTESIAN_POINT('',(-43.064584178315,-3.38090132751214,19.1530137575506));
#2329=CARTESIAN_POINT('',(-43.1186322799622,-3.53473177774722,19.0383799034418));
#2330=CARTESIAN_POINT('',(-43.061495031784,-3.68903207198529,19.0210885756672));
#2331=CARTESIAN_POINT('',(-42.9381182477413,-3.74311318443824,19.1055526987943));
#2332=CARTESIAN_POINT('',(-42.8256211876256,-3.77386751735333,19.1904896495334));
#2333=CARTESIAN_POINT('',(-42.7092417900338,-3.80009095932208,19.2801616696127));
#2334=CARTESIAN_POINT('',(-42.5975593464887,-3.82628550464652,19.3650466309688));
#2335=CARTESIAN_POINT('',(-42.4672706555335,-3.88879689041411,19.4472459518727));
#2336=CARTESIAN_POINT('',(-42.4350737529815,-4.04121888536724,19.3966377211451));
#2337=CARTESIAN_POINT('',(-42.4653311853091,-4.15461260921942,19.3111344784201));
#2338=CARTESIAN_POINT('',(-42.4981527513421,-4.26697065564427,19.2234922495399));
#2339=CARTESIAN_POINT('',(-42.5275680132901,-4.38003382340684,19.1374487403919));
#2340=CARTESIAN_POINT('',(-42.553486831587,-4.49833331736622,19.0509277813876));
#2341=CARTESIAN_POINT('',(-42.4985740516222,-4.64496471224463,19.0139718324513));
#2342=CARTESIAN_POINT('',(-42.3674992968902,-4.69724608481574,19.0906982642363));
#2343=CARTESIAN_POINT('',(-42.2550440627163,-4.71127314380437,19.1735483750242));
#2344=CARTESIAN_POINT('',(-42.1384837851957,-4.72198993899877,19.2609807235149));
#2345=CARTESIAN_POINT('',(-42.0254248119059,-4.73148473882145,19.3455465400415));
#2346=CARTESIAN_POINT('',(-41.898408662594,-4.75754957722955,19.4305556385504));
#2347=CARTESIAN_POINT('',(-41.8065056288555,-4.88610022914796,19.4222001856161));
#2348=CARTESIAN_POINT('',(-41.8234542634011,-5.04961420726867,19.3047861018028));
#2349=CARTESIAN_POINT('',(-41.8468367596957,-5.19863142991672,19.1905194172999));
#2350=CARTESIAN_POINT('',(-41.8586087613652,-5.35189145208974,19.0808128317596));
#2351=CARTESIAN_POINT('',(-41.8300416982158,-5.4935282023183,19.0076639842719));
#2352=CARTESIAN_POINT('',(-41.6924310912566,-5.56169484042437,19.0619784514905));
#2353=CARTESIAN_POINT('',(-41.5375184823709,-5.56451357425969,19.1718695218862));
#2354=CARTESIAN_POINT('',(-41.3848311495303,-5.55499209551391,19.2873892167872));
#2355=CARTESIAN_POINT('',(-41.2304574857453,-5.5494539782463,19.4000551853724));
#2356=CARTESIAN_POINT('',(-41.092784715838,-5.61663518853131,19.4470051197832));
#2357=CARTESIAN_POINT('',(-41.0641431980207,-5.75276251989545,19.3663918957185));
#2358=CARTESIAN_POINT('',(-41.0606467664864,-5.90046220582797,19.2591628575469));
#2359=CARTESIAN_POINT('',(-41.0642846147458,-6.05048939678403,19.1440882540352));
#2360=CARTESIAN_POINT('',(-41.0432441164725,-6.21012184117691,19.0366220126761));
#2361=CARTESIAN_POINT('',(-40.9328194022888,-6.32167029159791,19.0210590576677));
#2362=CARTESIAN_POINT('',(-40.8042304909881,-6.31925660209369,19.1030481088118));
#2363=CARTESIAN_POINT('',(-40.655856445174,-6.2998135937097,19.2098083636578));
#2364=CARTESIAN_POINT('',(-40.51665953647,-6.26470623751302,19.3220215717166));
#2365=CARTESIAN_POINT('',(-40.3466836420038,-6.25291452288513,19.4326645805108));
#2366=CARTESIAN_POINT('',(-40.2273468056789,-6.35400068860347,19.4193648037104));
#2367=CARTESIAN_POINT('',(-40.2050467606125,-6.47447279924258,19.3324356366042));
#2368=CARTESIAN_POINT('',(-40.1876238561414,-6.58713991087052,19.248697843928));
#2369=CARTESIAN_POINT('',(-40.1723283225076,-6.70189518496604,19.1612214496778));
#2370=CARTESIAN_POINT('',(-40.1485759721245,-6.81326692992926,19.0805567569069));
#2371=CARTESIAN_POINT('',(-40.082163196972,-6.94111423697839,19.0077062297266));
#2372=CARTESIAN_POINT('',(-39.9320666914098,-6.96825470497929,19.0619216188419));
#2373=CARTESIAN_POINT('',(-39.8201076709848,-6.93927547762111,19.1432906072006));
#2374=CARTESIAN_POINT('',(-39.7119699541218,-6.90289890274536,19.2286130794675));
#2375=CARTESIAN_POINT('',(-39.6032118653599,-6.86629457857549,19.3135916041126));
#2376=CARTESIAN_POINT('',(-39.4957028510983,-6.83078961511095,19.3965114381362));
#2377=CARTESIAN_POINT('',(-39.3437605247575,-6.8526122284231,19.4483173065661));
#2378=CARTESIAN_POINT('',(-39.2754365837849,-6.9758891869053,19.368956311768));
#2379=CARTESIAN_POINT('',(-39.2426428681837,-7.08271637086959,19.2874643902699));
#2380=CARTESIAN_POINT('',(-39.2118207496806,-7.19412360330596,19.2003433701506));
#2381=CARTESIAN_POINT('',(-39.1764112128509,-7.30254499438871,19.1170696619793));
#2382=CARTESIAN_POINT('',(-39.1273532996944,-7.41624595890146,19.0341568135716));
#2383=CARTESIAN_POINT('',(-38.9844689754178,-7.49018111872569,19.0234988398819));
#2384=CARTESIAN_POINT('',(-38.8214605866635,-7.43615517945254,19.1357347660587));
#2385=CARTESIAN_POINT('',(-38.6891848241238,-7.36529927932435,19.2505139811369));
#2386=CARTESIAN_POINT('',(-38.5529017970495,-7.30009787077007,19.3600851013295));
#2387=CARTESIAN_POINT('',(-38.4224278071489,-7.25822846290693,19.4447535723438));
#2388=CARTESIAN_POINT('',(-38.2936461869848,-7.34570459560512,19.4045452640064));
#2389=CARTESIAN_POINT('',(-38.2261097865317,-7.48476750364327,19.2936173060281));
#2390=CARTESIAN_POINT('',(-38.1663200699381,-7.62285083179093,19.1800355611095));
#2391=CARTESIAN_POINT('',(-38.0980431918576,-7.75826031907858,19.0701634028944));
#2392=CARTESIAN_POINT('',(-37.9872446418806,-7.85210367911771,19.0106746926718));
#2393=CARTESIAN_POINT('',(-37.8426369102963,-7.83215432051507,19.0672793764581));
#2394=CARTESIAN_POINT('',(-37.7140526550294,-7.75232068757869,19.1762197723432));
#2395=CARTESIAN_POINT('',(-37.5919977077489,-7.66408801179093,19.2904367401061));
#2396=CARTESIAN_POINT('',(-37.4640691994535,-7.58149221051752,19.3992473055046));
#2397=CARTESIAN_POINT('',(-37.3150451619408,-7.56418844212853,19.4468057863348));
#2398=CARTESIAN_POINT('',(-37.2185153242526,-7.66220306358799,19.3684674557471));
#2399=CARTESIAN_POINT('',(-37.1377628583987,-7.78527152459637,19.2615164294119));
#2400=CARTESIAN_POINT('',(-37.0597227563344,-7.91246261412496,19.148651958331));
#2401=CARTESIAN_POINT('',(-36.9627996766009,-8.03850871764598,19.0386165910635));
#2402=CARTESIAN_POINT('',(-36.8118699220047,-8.07704101377392,19.0205554055187));
#2403=CARTESIAN_POINT('',(-36.6992882006197,-8.01165982484261,19.0983943380442));
#2404=CARTESIAN_POINT('',(-36.5844111739375,-7.91443226750434,19.2072139941114));
#2405=CARTESIAN_POINT('',(-36.4822804405611,-7.8096416493868,19.3209466443105));
#2406=CARTESIAN_POINT('',(-36.3479302080284,-7.71193132509211,19.4289936395156));
#2407=CARTESIAN_POINT('',(-36.1943072503848,-7.72590917159561,19.4242352450834));
#2408=CARTESIAN_POINT('',(-36.1120478260143,-7.8155066255433,19.338109354616));
#2409=CARTESIAN_POINT('',(-36.0384754552098,-7.89850988323373,19.2577105785576));
#2410=CARTESIAN_POINT('',(-35.966938253302,-7.98640107154291,19.1715929926508));
#2411=CARTESIAN_POINT('',(-35.8908621532067,-8.06549444550426,19.0937022425444));
#2412=CARTESIAN_POINT('',(-35.7800383264189,-8.14719604518347,19.0126865182633));
#2413=CARTESIAN_POINT('',(-35.6248303246446,-8.10860403434112,19.0491877367977));
#2414=CARTESIAN_POINT('',(-35.5427071996118,-8.02105063594067,19.1341828173692));
#2415=CARTESIAN_POINT('',(-35.4669611532494,-7.9323692560799,19.2200001700522));
#2416=CARTESIAN_POINT('',(-35.393505454391,-7.84126575220918,19.3074309614103));
#2417=CARTESIAN_POINT('',(-35.3197310333754,-7.75222636980213,19.3922730140726));
#2418=CARTESIAN_POINT('',(-35.1804179390016,-7.68452701761987,19.4499322487405));
#2419=CARTESIAN_POINT('',(-35.0542184641213,-7.75262521398658,19.3706175150285));
#2420=CARTESIAN_POINT('',(-34.9678192365258,-7.82617224550241,19.288594890854));
#2421=CARTESIAN_POINT('',(-34.8825028344788,-7.9057130699,19.2000796099149));
#2422=CARTESIAN_POINT('',(-34.7930667296135,-7.97867729875711,19.1167791178872));
#2423=CARTESIAN_POINT('',(-34.6907979743863,-8.05155109540767,19.0313724564774));
#2424=CARTESIAN_POINT('',(-34.5294952374093,-8.03335396714084,19.0256486301597));
#2425=CARTESIAN_POINT('',(-34.4212721244361,-7.90130755799518,19.1379053958984));
#2426=CARTESIAN_POINT('',(-34.3469004675086,-7.77128168065867,19.252567097594));
#2427=CARTESIAN_POINT('',(-34.2651891817898,-7.64323055035013,19.3625103957586));
#2428=CARTESIAN_POINT('',(-34.1749663607112,-7.53936822447382,19.4460022022391));
#2429=CARTESIAN_POINT('',(-34.0191678013005,-7.54868139110365,19.4023663483874));
#2430=CARTESIAN_POINT('',(-33.8896086365349,-7.63216331756408,19.2904447868198));
#2431=CARTESIAN_POINT('',(-33.763237776419,-7.71845923859967,19.1753336181813));
#2432=CARTESIAN_POINT('',(-33.6342343225855,-7.79545057855008,19.0672403880257));
#2433=CARTESIAN_POINT('',(-33.4803420680123,-7.81437365734414,19.0066337224623));
#2434=CARTESIAN_POINT('',(-33.3775605827915,-7.70860025987886,19.0774211260921));
#2435=CARTESIAN_POINT('',(-33.308176948217,-7.56978906397182,19.1882922523022));
#2436=CARTESIAN_POINT('',(-33.2508745325042,-7.4278770226284,19.304419883407));
#2437=CARTESIAN_POINT('',(-33.1796737694304,-7.27870956975144,19.4216049535634));
#2438=CARTESIAN_POINT('',(-33.033787301471,-7.21279219754457,19.4324673668168));
#2439=CARTESIAN_POINT('',(-32.9124150547942,-7.26104389497774,19.3429649124182));
#2440=CARTESIAN_POINT('',(-32.8080285680765,-7.30895594303568,19.2594435259134));
#2441=CARTESIAN_POINT('',(-32.7027157158782,-7.3617547429912,19.1702238440426));
#2442=CARTESIAN_POINT('',(-32.596693854657,-7.40594647694879,19.0879757954639));
#2443=CARTESIAN_POINT('',(-32.4555686442059,-7.42968407291715,19.0094451809612));
#2444=CARTESIAN_POINT('',(-32.3398151022412,-7.32488093796539,19.055895548681));
#2445=CARTESIAN_POINT('',(-32.3005247646753,-7.21429826654985,19.1383924697542));
#2446=CARTESIAN_POINT('',(-32.269011845214,-7.10364825467454,19.2238218517698));
#2447=CARTESIAN_POINT('',(-32.2389517339785,-6.99214740312611,19.3097989901866));
#2448=CARTESIAN_POINT('',(-32.2076166213198,-6.88171999184749,19.3937219733622));
#2449=CARTESIAN_POINT('',(-32.1085202283263,-6.76621545924929,19.4490101620041));
#2450=CARTESIAN_POINT('',(-31.9669682066331,-6.77577604250833,19.3715574322534));
#2451=CARTESIAN_POINT('',(-31.8592637653882,-6.80787998659174,19.2900655604021));
#2452=CARTESIAN_POINT('',(-31.7490609149336,-6.84515463644597,19.2021985106563));
#2453=CARTESIAN_POINT('',(-31.6401985780206,-6.8762292941541,19.1195372905693));
#2454=CARTESIAN_POINT('',(-31.5150759819766,-6.90156508472606,19.0327996569263));
#2455=CARTESIAN_POINT('',(-31.3727843049988,-6.8188173926872,19.0262885819195));
#2456=CARTESIAN_POINT('',(-31.3241319798169,-6.64718385619707,19.1424131135653));
#2457=CARTESIAN_POINT('',(-31.3097345796524,-6.49235451087663,19.2620460696922));
#2458=CARTESIAN_POINT('',(-31.2888658570008,-6.33642591268743,19.3776202353674));
#2459=CARTESIAN_POINT('',(-31.2248544148264,-6.19776182961447,19.4524562513213));
#2460=CARTESIAN_POINT('',(-31.0721303173828,-6.17230718140617,19.3806936318822));
#2461=CARTESIAN_POINT('',(-30.91770410538,-6.19799052457357,19.2655844855383));
#2462=CARTESIAN_POINT('',(-30.7652411215896,-6.2278944291118,19.147106152915));
#2463=CARTESIAN_POINT('',(-30.5885679675967,-6.23627942678046,19.0284720531889));
#2464=CARTESIAN_POINT('',(-30.4646080282126,-6.1288096974233,19.0297024511192));
#2465=CARTESIAN_POINT('',(-30.4484705021615,-5.99700677269655,19.1175338960615));
#2466=CARTESIAN_POINT('',(-30.4473361677462,-5.87889891568441,19.2044944253157));
#2467=CARTESIAN_POINT('',(-30.4498791433027,-5.75802773780133,19.2950818995942));
#2468=CARTESIAN_POINT('',(-30.4512614724814,-5.64083309517747,19.381581708884));
#2469=CARTESIAN_POINT('',(-30.4011852688527,-5.49435939384897,19.4523253920485));
#2470=CARTESIAN_POINT('',(-30.2540784775333,-5.45369054495168,19.3767637811319));
#2471=CARTESIAN_POINT('',(-30.1378970826351,-5.45628969797739,19.2915249455625));
#2472=CARTESIAN_POINT('',(-30.017505461955,-5.46163202987507,19.200723422038));
#2473=CARTESIAN_POINT('',(-29.8998100933698,-5.46135350455746,19.1148622831175));
#2474=CARTESIAN_POINT('',(-29.7670998963988,-5.44794406531203,19.0262174164294));
#2475=CARTESIAN_POINT('',(-29.6634043588119,-5.32189799815525,19.0319949825384));
#2476=CARTESIAN_POINT('',(-29.6669991903094,-5.14886996791925,19.1468557191458));
#2477=CARTESIAN_POINT('',(-29.695288807753,-4.99667777817938,19.2656624894225));
#2478=CARTESIAN_POINT('',(-29.7175518108897,-4.84340659991676,19.3792145285987));
#2479=CARTESIAN_POINT('',(-29.6921785023251,-4.69290343961511,19.4521138838243));
#2480=CARTESIAN_POINT('',(-29.5542072126421,-4.62846587434538,19.3804978841389));
#2481=CARTESIAN_POINT('',(-29.3993711229983,-4.61030452750574,19.2661365494646));
#2482=CARTESIAN_POINT('',(-29.2450712051176,-4.59671749811113,19.1482117488993));
#2483=CARTESIAN_POINT('',(-29.0787168246124,-4.55898548956931,19.0327549796984));
#2484=CARTESIAN_POINT('',(-28.9831782563348,-4.42707407307529,19.0260685289981));
#2485=CARTESIAN_POINT('',(-29.0012291899194,-4.29418184173227,19.1125844124181));
#2486=CARTESIAN_POINT('',(-29.0322852449738,-4.18134852675285,19.1986961303242));
#2487=CARTESIAN_POINT('',(-29.0680312664551,-4.0665915018739,19.288961957417));
#2488=CARTESIAN_POINT('',(-29.1006988720138,-3.95535024142989,19.374117252203));
#2489=CARTESIAN_POINT('',(-29.1033975312788,-3.80531780530741,19.4518566771956));
#2490=CARTESIAN_POINT('',(-28.97705308601,-3.71460474400174,19.3852812349864));
#2491=CARTESIAN_POINT('',(-28.8646718508974,-3.68551261688034,19.2998844286901));
#2492=CARTESIAN_POINT('',(-28.7483588919063,-3.65714742982904,19.2101097387702));
#2493=CARTESIAN_POINT('',(-28.6355200497665,-3.62549687769597,19.1240320870692));
#2494=CARTESIAN_POINT('',(-28.514000272166,-3.58129640765228,19.0352736326244));
#2495=CARTESIAN_POINT('',(-28.4337885918412,-3.44071304980653,19.0236719991417));
#2496=CARTESIAN_POINT('',(-28.4792830765826,-3.26755930329273,19.1368518074593));
#2497=CARTESIAN_POINT('',(-28.5482537486853,-3.13021974938587,19.2550821153426));
#2498=CARTESIAN_POINT('',(-28.6142965647543,-2.9896219416644,19.3706834506444));
#2499=CARTESIAN_POINT('',(-28.6383679607911,-2.84488965036644,19.4477259980092));
#2500=CARTESIAN_POINT('',(-28.5345239548362,-2.7309601855835,19.3917061276291));
#2501=CARTESIAN_POINT('',(-28.388937301812,-2.67142345059838,19.2755704905372));
#2502=CARTESIAN_POINT('',(-28.2456950898353,-2.6136238533244,19.1597342929979));
#2503=CARTESIAN_POINT('',(-28.0979715031926,-2.54078813353522,19.0431784815195));
#2504=CARTESIAN_POINT('',(-28.0255561967047,-2.39732382699357,19.017850738003));
#2505=CARTESIAN_POINT('',(-28.0722353987523,-2.26848701000489,19.0993511867242));
#2506=CARTESIAN_POINT('',(-28.1310946494649,-2.16877111202804,19.183487075297));
#2507=CARTESIAN_POINT('',(-28.1966949603428,-2.07038856323514,19.2729960824888));
#2508=CARTESIAN_POINT('',(-28.2566426611713,-1.97255630509713,19.3561330661221));
#2509=CARTESIAN_POINT('',(-28.3151829715973,-1.84810985457455,19.4438223312085));
#2510=CARTESIAN_POINT('',(-28.2429204426959,-1.70459384093796,19.4063578210176));
#2511=CARTESIAN_POINT('',(-28.1410309374103,-1.64399260743053,19.3195844151445));
#2512=CARTESIAN_POINT('',(-28.0412308872637,-1.58496203191317,19.2340620032467));
#2513=CARTESIAN_POINT('',(-27.9407651247835,-1.52614969822953,19.1469569138152));
#2514=CARTESIAN_POINT('',(-27.8439315025513,-1.46048532230305,19.0641545249228));
#2515=CARTESIAN_POINT('',(-27.7638665142019,-1.33116129845189,19.0076693016262));
#2516=CARTESIAN_POINT('',(-27.8142601202762,-1.19348005761474,19.0786338040577));
#2517=CARTESIAN_POINT('',(-27.8845750719487,-1.1031960839212,19.1610157024396));
#2518=CARTESIAN_POINT('',(-27.9607617940382,-1.01531022071996,19.2482622930644));
#2519=CARTESIAN_POINT('',(-28.0349893641809,-0.928228118775634,19.3326226760343));
#2520=CARTESIAN_POINT('',(-28.1109992696691,-0.831402702489335,19.4193790490868));
#2521=CARTESIAN_POINT('',(-28.1097298727299,-0.674910486111982,19.4333923113371));
#2522=CARTESIAN_POINT('',(-27.9858105221719,-0.554345081113612,19.3192592440374));
#2523=CARTESIAN_POINT('',(-27.8637838905512,-0.466788844010136,19.2031277030847));
#2524=CARTESIAN_POINT('',(-27.7485355203246,-0.366599246423979,19.0931477169113));
#2525=CARTESIAN_POINT('',(-27.6617958937324,-0.253240725751601,19.0110869795919));
#2526=CARTESIAN_POINT('',(-27.6995492639812,-0.0984939190789103,19.0520560473308));
#2527=CARTESIAN_POINT('',(-27.8117547165796,0.014967131139284,19.1647577631994));
#2528=CARTESIAN_POINT('',(-27.9292657211484,0.115199205263184,19.2814342875181));
#2529=CARTESIAN_POINT('',(-28.04528070516,0.219650041013081,19.3952433809634));
#2530=CARTESIAN_POINT('',(-28.1029490389382,0.361934390540532,19.4476837762031));
#2531=CARTESIAN_POINT('',(-28.0306418093279,0.485818326710052,19.3684430392092));
#2532=CARTESIAN_POINT('',(-27.9254759494943,0.596346271819521,19.2559827195067));
#2533=CARTESIAN_POINT('',(-27.8180923563949,0.704132068565978,19.1401843902886));
#2534=CARTESIAN_POINT('',(-27.7176003540247,0.843159773611113,19.0269553528893));
#2535=CARTESIAN_POINT('',(-27.7391634431995,1.00205561752282,19.0303495232735));
#2536=CARTESIAN_POINT('',(-27.8360780135626,1.08560465194804,19.1153730139414));
#2537=CARTESIAN_POINT('',(-27.9294445504279,1.15210198037877,19.1985545221478));
#2538=CARTESIAN_POINT('',(-28.0281993355075,1.21402749055414,19.2869236149192));
#2539=CARTESIAN_POINT('',(-28.1215473127442,1.27846559268572,19.3688883360702));
#2540=CARTESIAN_POINT('',(-28.2196434770852,1.37988895172238,19.4484103610573));
#2541=CARTESIAN_POINT('',(-28.1951399270689,1.53339433605147,19.3952965893511));
#2542=CARTESIAN_POINT('',(-28.1282223262055,1.6258668612602,19.3108380813691));
#2543=CARTESIAN_POINT('',(-28.0607712343142,1.72003616390282,19.2250243851356));
#2544=CARTESIAN_POINT('',(-27.9943259154743,1.81430299224509,19.1392910933678));
#2545=CARTESIAN_POINT('',(-27.9327608333163,1.91408073200858,19.0565292395665));
#2546=CARTESIAN_POINT('',(-27.9243624468226,2.06726751622584,19.0109982675425));
#2547=CARTESIAN_POINT('',(-28.0275727317806,2.16503284686093,19.0848783945698));
#2548=CARTESIAN_POINT('',(-28.1283118876262,2.21838567099153,19.1671621557673));
#2549=CARTESIAN_POINT('',(-28.2335550251477,2.26668775379652,19.2545331340953));
#2550=CARTESIAN_POINT('',(-28.3356911215107,2.31709429558186,19.3374938250203));
#2551=CARTESIAN_POINT('',(-28.4461132617334,2.37506434702706,19.425587821989));
#2552=CARTESIAN_POINT('',(-28.4986684915494,2.5235486605317,19.4284170878514));
#2553=CARTESIAN_POINT('',(-28.4339231182472,2.6770340821668,19.3159774274399));
#2554=CARTESIAN_POINT('',(-28.3599467139806,2.80459909297075,19.2023866740195));
#2555=CARTESIAN_POINT('',(-28.2972841311672,2.94244722082814,19.0943070228528));
#2556=CARTESIAN_POINT('',(-28.2629869328783,3.07201623382865,19.0146638527011));
#2557=CARTESIAN_POINT('',(-28.3514015159616,3.20261296798005,19.0457444479907));
#2558=CARTESIAN_POINT('',(-28.4987988808052,3.26210470030562,19.1567842027173));
#2559=CARTESIAN_POINT('',(-28.6439565287218,3.30458536842827,19.2714413159296));
#2560=CARTESIAN_POINT('',(-28.7874408733514,3.35211337911678,19.3810901602234));
#2561=CARTESIAN_POINT('',(-28.9039572779444,3.43604280226217,19.4492642532221));
#2562=CARTESIAN_POINT('',(-28.9082528167458,3.58470336952746,19.3854892862892));
#2563=CARTESIAN_POINT('',(-28.8579290252278,3.72515196447316,19.2754011081212));
#2564=CARTESIAN_POINT('',(-28.8047643012247,3.86742782763748,19.1607221862943));
#2565=CARTESIAN_POINT('',(-28.7645199773628,4.01872833379581,19.0516042611497));
#2566=CARTESIAN_POINT('',(-28.8046276493033,4.16439442547176,19.0130486680558));
#2567=CARTESIAN_POINT('',(-28.9280938742297,4.22584044804319,19.0866709178743));
#2568=CARTESIAN_POINT('',(-29.0738533190644,4.25617456789254,19.1944288872196));
#2569=CARTESIAN_POINT('',(-29.2200165458266,4.27678592618204,19.3063391904673));
#2570=CARTESIAN_POINT('',(-29.3765230372146,4.30984041991421,19.4189151488188));
#2571=CARTESIAN_POINT('',(-29.4748953645128,4.427199486239,19.4338365523903));
#2572=CARTESIAN_POINT('',(-29.4645988749081,4.55379622099171,19.3519538737319));
#2573=CARTESIAN_POINT('',(-29.436057453653,4.69948583317082,19.243295766491));
#2574=CARTESIAN_POINT('',(-29.4019795027513,4.84079479424479,19.1314655645062));
#2575=CARTESIAN_POINT('',(-29.3969673881144,5.00943019211986,19.0248096358107));
#2576=CARTESIAN_POINT('',(-29.4981292132104,5.1238475382287,19.0326142478417));
#2577=CARTESIAN_POINT('',(-29.6193941446541,5.14453434361996,19.1129099687822));
#2578=CARTESIAN_POINT('',(-29.7297111269076,5.15091243481302,19.1933201461145));
#2579=CARTESIAN_POINT('',(-29.8419321822238,5.15162744987157,19.2781164198997));
#2580=CARTESIAN_POINT('',(-29.9507614541881,5.15572025727022,19.3574636011585));
#2581=CARTESIAN_POINT('',(-30.0792187936548,5.1777446641109,19.4389360545832));
#2582=CARTESIAN_POINT('',(-30.1605096814938,5.30423232151161,19.4129249612229));
#2583=CARTESIAN_POINT('',(-30.1586506989259,5.42123271090301,19.3307612904097));
#2584=CARTESIAN_POINT('',(-30.1517151708077,5.53158953512631,19.2490267475065));
#2585=CARTESIAN_POINT('',(-30.1439338050744,5.64320014095514,19.1650517357087));
#2586=CARTESIAN_POINT('',(-30.1422219526514,5.75350306719037,19.0856685116103));
#2587=CARTESIAN_POINT('',(-30.1738163335005,5.88445921961219,19.0139498239302));
#2588=CARTESIAN_POINT('',(-30.303001177829,5.95664060578667,19.0497666473014));
#2589=CARTESIAN_POINT('',(-30.4178712763517,5.95427039615593,19.1288316380907));
#2590=CARTESIAN_POINT('',(-30.5268006386927,5.9436810122233,19.2094705365057));
#2591=CARTESIAN_POINT('',(-30.6364888568697,5.92973897900378,19.2923808676845));
#2592=CARTESIAN_POINT('',(-30.743853119004,5.91784909762793,19.3716199250903));
#2593=CARTESIAN_POINT('',(-30.8769684924283,5.93594974511006,19.4438239461532));
#2594=CARTESIAN_POINT('',(-30.9579722868997,6.05631288746897,19.4015962311117));
#2595=CARTESIAN_POINT('',(-30.9688856938804,6.16705871326483,19.3213880755876));
#2596=CARTESIAN_POINT('',(-30.9774092144992,6.2763191732989,19.2403771342814));
#2597=CARTESIAN_POINT('',(-30.9853241993914,6.3859498603845,19.1579587995126));
#2598=CARTESIAN_POINT('',(-30.9996783513611,6.49430373761089,19.0798407906466));
#2599=CARTESIAN_POINT('',(-31.0545834956642,6.61699667552552,19.0132719851065));
#2600=CARTESIAN_POINT('',(-31.191852715341,6.66492994087059,19.0530849432628));
#2601=CARTESIAN_POINT('',(-31.3027793981221,6.64499278292415,19.1320448115094));
#2602=CARTESIAN_POINT('',(-31.4091777003819,6.61995974138852,19.212149395676));
#2603=CARTESIAN_POINT('',(-31.5145342218858,6.59041294204828,19.294714086673));
#2604=CARTESIAN_POINT('',(-31.619656422927,6.56535403883517,19.3727811219839));
#2605=CARTESIAN_POINT('',(-31.751394807865,6.56414995307995,19.4440946773576));
#2606=CARTESIAN_POINT('',(-31.8494506968508,6.67316136674305,19.4014805792786));
#2607=CARTESIAN_POINT('',(-31.8734007180727,6.77991487627866,19.3213188639127));
#2608=CARTESIAN_POINT('',(-31.8981418345284,6.88625321440233,19.2414454572559));
#2609=CARTESIAN_POINT('',(-31.9198762137019,6.99297463747693,19.159019550017));
#2610=CARTESIAN_POINT('',(-31.9508567654292,7.09654876167618,19.0832268808552));
#2611=CARTESIAN_POINT('',(-32.015488562815,7.21153364627784,19.0125088812504));
#2612=CARTESIAN_POINT('',(-32.1584052533034,7.24265238823453,19.0501389855686));
#2613=CARTESIAN_POINT('',(-32.2648343746845,7.20947438402369,19.127055901444));
#2614=CARTESIAN_POINT('',(-32.3655355007142,7.17102565757611,19.2056591134417));
#2615=CARTESIAN_POINT('',(-32.4642337333768,7.12733936851973,19.2874213145187));
#2616=CARTESIAN_POINT('',(-32.5631490950226,7.08902885454434,19.3637873580457));
#2617=CARTESIAN_POINT('',(-32.6872933583996,7.06070317141886,19.4407857870346));
#2618=CARTESIAN_POINT('',(-32.8058334843821,7.14441321942012,19.4107383671957));
#2619=CARTESIAN_POINT('',(-32.8509843965998,7.24683520341067,19.3331482361719));
#2620=CARTESIAN_POINT('',(-32.8884549789126,7.3479473519274,19.2533752002299));
#2621=CARTESIAN_POINT('',(-32.9254718574368,7.45034840052625,19.1715262646324));
#2622=CARTESIAN_POINT('',(-32.9668243016783,7.54760924885035,19.0954190366464));
#2623=CARTESIAN_POINT('',(-33.0398287577559,7.65719108919177,19.0181348340222));
#2624=CARTESIAN_POINT('',(-33.1896324106123,7.68450961404018,19.041893261349));
#2625=CARTESIAN_POINT('',(-33.2982605055885,7.63509825981446,19.122978128698));
#2626=CARTESIAN_POINT('',(-33.3962959292326,7.58030013418406,19.2053122302688));
#2627=CARTESIAN_POINT('',(-33.4930944245884,7.52135141389494,19.2904412003388));
#2628=CARTESIAN_POINT('',(-33.5880336598521,7.46556787176622,19.3713896515837));
#2629=CARTESIAN_POINT('',(-33.7211287597541,7.42665460944085,19.4459770438045));
#2630=CARTESIAN_POINT('',(-33.8434852052095,7.50950737331792,19.397878043222));
#2631=CARTESIAN_POINT('',(-33.899580464584,7.6081639912278,19.3160234054132));
#2632=CARTESIAN_POINT('',(-33.9518757283891,7.70670060476781,19.232857934794));
#2633=CARTESIAN_POINT('',(-34.0062710817665,7.80533381141875,19.1492839454231));
#2634=CARTESIAN_POINT('',(-34.0629505709274,7.89960394985407,19.069951914105));
#2635=CARTESIAN_POINT('',(-34.1829573410449,7.98803339477845,19.0085288268479));
#2636=CARTESIAN_POINT('',(-34.3243467172745,7.9520435892251,19.0706913567319));
#2637=CARTESIAN_POINT('',(-34.418198513854,7.8864587770133,19.1518301835005));
#2638=CARTESIAN_POINT('',(-34.5070482638292,7.81443219512125,19.2378605484521));
#2639=CARTESIAN_POINT('',(-34.5971391842185,7.74414675335301,19.3215290136661));
#2640=CARTESIAN_POINT('',(-34.6878328047075,7.67134757761282,19.407307395794));
#2641=CARTESIAN_POINT('',(-34.842855855065,7.65741107207836,19.4420917892024));
#2642=CARTESIAN_POINT('',(-34.9389831338846,7.75027837032916,19.3609247467648));
#2643=CARTESIAN_POINT('',(-35.0066931900625,7.83863001178443,19.2802567591569));
#2644=CARTESIAN_POINT('',(-35.0723046962359,7.93219821906906,19.1934961232794));
#2645=CARTESIAN_POINT('',(-35.1431606167827,8.01980416812206,19.1123864972667));
#2646=CARTESIAN_POINT('',(-35.2302434703345,8.11106982660257,19.0283449872165));
#2647=CARTESIAN_POINT('',(-35.3873415368165,8.12058259748315,19.0284740757962));
#2648=CARTESIAN_POINT('',(-35.5188849346004,8.01795529311367,19.1366356752398));
#2649=CARTESIAN_POINT('',(-35.6166015597869,7.90741973809059,19.2500582681371));
#2650=CARTESIAN_POINT('',(-35.7205776812382,7.80169598427755,19.3574503876693));
#2651=CARTESIAN_POINT('',(-35.8242934174429,7.71816657437198,19.441724117099));
#2652=CARTESIAN_POINT('',(-35.9755480371538,7.7483188492694,19.4096669182409));
#2653=CARTESIAN_POINT('',(-36.0872661617192,7.85469974515962,19.2999832851646));
#2654=CARTESIAN_POINT('',(-36.1884861665139,7.9635433300324,19.1870625282545));
#2655=CARTESIAN_POINT('',(-36.2977877054157,8.06393103231169,19.0808005390158));
#2656=CARTESIAN_POINT('',(-36.4222705716569,8.12649782184829,19.010125195134));
#2657=CARTESIAN_POINT('',(-36.5588870968677,8.06771449691412,19.0570601368978));
#2658=CARTESIAN_POINT('',(-36.6572203231247,7.95102865193455,19.1633432461364));
#2659=CARTESIAN_POINT('',(-36.7420257992168,7.82718156779799,19.2768448882509));
#2660=CARTESIAN_POINT('',(-36.82769288275,7.70638421719286,19.3859929223264));
#2661=CARTESIAN_POINT('',(-36.9483874271065,7.62723192269489,19.447716115023));
#2662=CARTESIAN_POINT('',(-37.0837683071626,7.66998234808565,19.3841305436078));
#2663=CARTESIAN_POINT('',(-37.2015889242549,7.758226678503,19.2771057823066));
#2664=CARTESIAN_POINT('',(-37.3189398676205,7.85089244705848,19.1644873823764));
#2665=CARTESIAN_POINT('',(-37.4431333433137,7.93614843335857,19.0566724511193));
#2666=CARTESIAN_POINT('',(-37.5976632989928,7.9493410919831,19.0113413602893));
#2667=CARTESIAN_POINT('',(-37.6982795247881,7.8505852282508,19.0844151002873));
#2668=CARTESIAN_POINT('',(-37.7746497976357,7.71795163630603,19.1948690615288));
#2669=CARTESIAN_POINT('',(-37.8405224135327,7.5832050581551,19.308518602428));
#2670=CARTESIAN_POINT('',(-37.9231687201857,7.43969520368266,19.4249886581756));
#2671=CARTESIAN_POINT('',(-38.0723814665813,7.3916869810644,19.4287745146577));
#2672=CARTESIAN_POINT('',(-38.1872443642982,7.4440275340787,19.3441885338222));
#2673=CARTESIAN_POINT('',(-38.2846961667437,7.49887466788416,19.2619263293344));
#2674=CARTESIAN_POINT('',(-38.3835541788899,7.55670938809576,19.1756242204818));
#2675=CARTESIAN_POINT('',(-38.4835066645116,7.60771427477506,19.0947376264149));
#2676=CARTESIAN_POINT('',(-38.6126914144197,7.6452844770468,19.0159530552682));
#2677=CARTESIAN_POINT('',(-38.7443149984641,7.56460608770004,19.0448517025549));
#2678=CARTESIAN_POINT('',(-38.7949479161521,7.456536632863,19.1265563383096));
#2679=CARTESIAN_POINT('',(-38.8346863486004,7.35018309287459,19.2101736935915));
#2680=CARTESIAN_POINT('',(-38.8719266190851,7.24194844521888,19.2956578468579));
#2681=CARTESIAN_POINT('',(-38.9080200252242,7.13636850073445,19.3785738127152));
#2682=CARTESIAN_POINT('',(-38.9955869111712,7.02258587092698,19.4472345053818));
#2683=CARTESIAN_POINT('',(-39.1414343982188,7.01771077773364,19.3900114039082));
#2684=CARTESIAN_POINT('',(-39.2470294158367,7.05833017845908,19.3074589664859));
#2685=CARTESIAN_POINT('',(-39.3518446921005,7.10105094785264,19.2228195478662));
#2686=CARTESIAN_POINT('',(-39.4576666864446,7.14117063421304,19.1392457905728));
#2687=CARTESIAN_POINT('',(-39.5676049004438,7.17700485018438,19.05706515394));
#2688=CARTESIAN_POINT('',(-39.7136868811313,7.1502607232821,19.0118619579325));
#2689=CARTESIAN_POINT('',(-39.7871899124681,7.03157112667938,19.0796259373416));
#2690=CARTESIAN_POINT('',(-39.8139882035239,6.92469863277392,19.1589818825879));
#2691=CARTESIAN_POINT('',(-39.8358887819501,6.8147003815088,19.242903649394));
#2692=CARTESIAN_POINT('',(-39.8577789762233,6.70567194657081,19.3252135187384));
#2693=CARTESIAN_POINT('',(-39.8838126965949,6.59365157177389,19.4074476865043));
#2694=CARTESIAN_POINT('',(-39.9888363701781,6.48723249051983,19.4414624955076));
#2695=CARTESIAN_POINT('',(-40.1216732668933,6.49328576067242,19.3633732787425));
#2696=CARTESIAN_POINT('',(-40.228491147821,6.51862470718506,19.2827592998213));
#2697=CARTESIAN_POINT('',(-40.3382986321863,6.54689795501804,19.1973869719999));
#2698=CARTESIAN_POINT('',(-40.4468056039769,6.56945845919713,19.116674093136));
#2699=CARTESIAN_POINT('',(-40.5698128472606,6.58437554187551,19.0333271317637));
#2700=CARTESIAN_POINT('',(-40.7073610322531,6.49265965610833,19.0253585411026));
#2701=CARTESIAN_POINT('',(-40.7401984131897,6.31933205905726,19.1427237209145));
#2702=CARTESIAN_POINT('',(-40.7465846475772,6.16525786024448,19.2595582826208));
#2703=CARTESIAN_POINT('',(-40.754073802842,6.00882864054515,19.3762429103676));
#2704=CARTESIAN_POINT('',(-40.8083482973034,5.86921314212667,19.4486704616258));
#2705=CARTESIAN_POINT('',(-40.9546719029276,5.82552600011252,19.3855432472336));
#2706=CARTESIAN_POINT('',(-41.1109242427215,5.84230828058355,19.2687652807234));
#2707=CARTESIAN_POINT('',(-41.2644535712395,5.85891618839436,19.1526427041297));
#2708=CARTESIAN_POINT('',(-41.4369942061246,5.86012191630319,19.0333213844334));
#2709=CARTESIAN_POINT('',(-41.5607194698575,5.75079247933827,19.0248052623206));
#2710=CARTESIAN_POINT('',(-41.5699539032162,5.6171559304136,19.1117830804934));
#2711=CARTESIAN_POINT('',(-41.5642673864183,5.50090245892452,19.1966312151512));
#2712=CARTESIAN_POINT('',(-41.5528297147494,5.38163985006949,19.2868664818042));
#2713=CARTESIAN_POINT('',(-41.5440543135868,5.26673436266081,19.3715249785688));
#2714=CARTESIAN_POINT('',(-41.5697285948088,5.1199604314256,19.4511029633212));
#2715=CARTESIAN_POINT('',(-41.7099973200188,5.05431775985547,19.3883502356976));
#2716=CARTESIAN_POINT('',(-41.8261489789473,5.04836250042136,19.3033992807291));
#2717=CARTESIAN_POINT('',(-41.9446830360184,5.04514519643378,19.2143176897578));
#2718=CARTESIAN_POINT('',(-42.0621005087032,5.03720832892192,19.1281813149076));
#2719=CARTESIAN_POINT('',(-42.1851780828611,5.02224035622008,19.0415076674807));
#2720=CARTESIAN_POINT('',(-42.3030790904154,4.90930968339452,19.0171946811698));
#2721=CARTESIAN_POINT('',(-42.2968374373754,4.77228170948235,19.1037900747227));
#2722=CARTESIAN_POINT('',(-42.2770182971417,4.65852882363023,19.1867440787891));
#2723=CARTESIAN_POINT('',(-42.2485368733063,4.54353269978284,19.2766700870469));
#2724=CARTESIAN_POINT('',(-42.2252390273068,4.43079432025752,19.3603151148027));
#2725=CARTESIAN_POINT('',(-42.2179162884564,4.29229473696224,19.4445515513735));
#2726=CARTESIAN_POINT('',(-42.3368959822455,4.18594438150191,19.4031816918257));
#2727=CARTESIAN_POINT('',(-42.4911885354946,4.15907682641571,19.2869363659657));
#2728=CARTESIAN_POINT('',(-42.6431197168863,4.13274773102655,19.1712541609681));
#2729=CARTESIAN_POINT('',(-42.7959817198644,4.09380184690591,19.0598240176727));
#2730=CARTESIAN_POINT('',(-42.9122748381521,3.99436919708214,19.0086076158606));
#2731=CARTESIAN_POINT('',(-42.9072561262111,3.8491439477933,19.0829497317778));
#2732=CARTESIAN_POINT('',(-42.8594561340995,3.70317950016202,19.1939090360951));
#2733=CARTESIAN_POINT('',(-42.8019212134256,3.56222613203339,19.3097227063753));
#2734=CARTESIAN_POINT('',(-42.7526692356063,3.40450529089284,19.4244608573403));
#2735=CARTESIAN_POINT('',(-42.8177408554577,3.2564555568728,19.4295095541135));
#2736=CARTESIAN_POINT('',(-42.9371418256576,3.21162810540058,19.3392486910729));
#2737=CARTESIAN_POINT('',(-43.0447837890202,3.17320903712524,19.2565316476522));
#2738=CARTESIAN_POINT('',(-43.1561883174141,3.13852906959681,19.1680328965945));
#2739=CARTESIAN_POINT('',(-43.263204632109,3.09634962475439,19.0858426286271));
#2740=CARTESIAN_POINT('',(-43.3783290292602,3.01391664444711,19.0105103016397));
#2741=CARTESIAN_POINT('',(-43.3895657354851,2.85705616469023,19.0565584516404));
#2742=CARTESIAN_POINT('',(-43.3381199658504,2.75128805970881,19.1413657495464));
#2743=CARTESIAN_POINT('',(-43.2840484267045,2.64800109531049,19.2272692315083));
#2744=CARTESIAN_POINT('',(-43.2274851613107,2.54680147624027,19.3139341728215));
#2745=CARTESIAN_POINT('',(-43.1727735323964,2.44280370795592,19.3992448173714));
#2746=CARTESIAN_POINT('',(-43.1732320981831,2.28939926136563,19.4458578851072));
#2747=CARTESIAN_POINT('',(-43.2834197218594,2.20130279044117,19.365626792311));
#2748=CARTESIAN_POINT('',(-43.3847426826637,2.15114785961079,19.2821665480076));
#2749=CARTESIAN_POINT('',(-43.49038836796,2.10027903149917,19.1940676334192));
#2750=CARTESIAN_POINT('',(-43.5913452053018,2.04663008412242,19.1104289537865));
#2751=CARTESIAN_POINT('',(-43.6981753994408,1.97002649045466,19.0262560556707));
#2752=CARTESIAN_POINT('',(-43.7297308043335,1.81378215678352,19.0318929574615));
#2753=CARTESIAN_POINT('',(-43.6460426474795,1.66729573196041,19.1450830455757));
#2754=CARTESIAN_POINT('',(-43.5520039194668,1.54741207512214,19.2613883556732));
#2755=CARTESIAN_POINT('',(-43.4623048345954,1.42388581844038,19.3728029053754));
#2756=CARTESIAN_POINT('',(-43.4075831549324,1.28874302620306,19.4505909009032));
#2757=CARTESIAN_POINT('',(-43.4898543040903,1.15867486127679,19.3897427841602));
#2758=CARTESIAN_POINT('',(-43.617487328912,1.07047846221702,19.2759270143506));
#2759=CARTESIAN_POINT('',(-43.7461187499936,0.985621317700018,19.159387338154));
#2760=CARTESIAN_POINT('',(-43.8755861120402,0.880917127470856,19.0430334278595));
#2761=CARTESIAN_POINT('',(-43.9163992524651,0.724064821121362,19.0179934805497));
#2762=CARTESIAN_POINT('',(-43.8406791918039,0.6064569529273,19.1028036453117));
#2763=CARTESIAN_POINT('',(-43.7612523507668,0.521852238029177,19.1879816023166));
#2764=CARTESIAN_POINT('',(-43.6760781865851,0.436915355853492,19.2781227776245));
#2765=CARTESIAN_POINT('',(-43.5947479233575,0.355404603164891,19.3635193622385));
#2766=CARTESIAN_POINT('',(-43.516165578859,0.233549434756595,19.4469650597687));
#2767=CARTESIAN_POINT('',(-43.5689469380425,0.0851152070951518,19.3971049079461));
#2768=CARTESIAN_POINT('',(-43.6566646907487,0.00397738787447897,19.3096208142664));
#2769=CARTESIAN_POINT('',(-43.7450569091956,-0.0747812642743444,19.2209490998168));
#2770=CARTESIAN_POINT('',(-43.8308809887138,-0.156863664239125,19.1338717866366));
#2771=CARTESIAN_POINT('',(-43.9161109266143,-0.244199878094958,19.0467774071098));
#2772=CARTESIAN_POINT('',(-43.9425085329975,-0.406854253970128,19.0139818792196));
#2773=CARTESIAN_POINT('',(-43.8500135322493,-0.512756566373803,19.1000037148702));
#2774=CARTESIAN_POINT('',(-43.7609116181644,-0.587890911035763,19.1837261337083));
#2775=CARTESIAN_POINT('',(-43.6637230680541,-0.658987854633688,19.2750167296059));
#2776=CARTESIAN_POINT('',(-43.5725214111786,-0.730391001823429,19.3595617644689));
#2777=CARTESIAN_POINT('',(-43.4756142090148,-0.834982011761983,19.4457449702828));
#2778=CARTESIAN_POINT('',(-43.5022104287572,-0.995919624874813,19.4001516742083));
#2779=CARTESIAN_POINT('',(-43.6070282968811,-1.11752820989383,19.2797310816665));
#2780=CARTESIAN_POINT('',(-43.7076205355119,-1.23878877019243,19.1623161856074));
#2781=CARTESIAN_POINT('',(-43.8059799108597,-1.37576751804019,19.0431457661998));
#2782=CARTESIAN_POINT('',(-43.8019359145197,-1.54009126442709,19.0177452813792));
#2783=CARTESIAN_POINT('',(-43.6951287560636,-1.63201488730762,19.1041594688019));
#2784=CARTESIAN_POINT('',(-43.5944897234467,-1.69276473949162,19.189999349405));
#2785=CARTESIAN_POINT('',(-43.4875702159121,-1.7507264208442,19.2817535541055));
#2786=CARTESIAN_POINT('',(-43.3862575796077,-1.80913596203131,19.3672156170101));
#2787=CARTESIAN_POINT('',(-43.2752784007048,-1.9083920129475,19.451440208731));
#2788=CARTESIAN_POINT('',(-43.2965304933501,-2.06870131671584,19.3895380958653));
#2789=CARTESIAN_POINT('',(-43.3602001534141,-2.16958439993428,19.3006804257526));
#2790=CARTESIAN_POINT('',(-43.4248958922799,-2.27284291213497,19.2096450737881));
#2791=CARTESIAN_POINT('',(-43.4852461524122,-2.37608353186213,19.1218288054309));
#2792=CARTESIAN_POINT('',(-43.5419163774898,-2.49562166237105,19.0320827584108));
#2793=CARTESIAN_POINT('',(-43.4952811145318,-2.65368380318981,19.026273711428));
#2794=CARTESIAN_POINT('',(-43.3391263788748,-2.74139658405351,19.1440344170762));
#2795=CARTESIAN_POINT('',(-43.1927181936812,-2.79302169215348,19.2632677768235));
#2796=CARTESIAN_POINT('',(-43.0463926271747,-2.85160665130425,19.3786981207322));
#2797=CARTESIAN_POINT('',(-42.9272392808728,-2.95014659596702,19.4524705937748));
#2798=CARTESIAN_POINT('',(-42.9419385205822,-3.09976930778571,19.3802535638594));
#2799=CARTESIAN_POINT('',(-29.7929753602068,-6.01373464359193,20.2281390099186));
#2800=CARTESIAN_POINT('',(-35.8067100037984,-2.45388891415747E-13,20.2281390099186));
#2801=CARTESIAN_POINT('',(-41.2537358382744,-2.25623197527865,20.2281390099186));
#2802=CARTESIAN_POINT('',(-35.8067100037985,-3.37122068102712E-13,19.4959059630672));
#2803=CARTESIAN_POINT('',(-35.8067100037985,-3.37122068102711E-13,19.4959059630672));
#2804=CARTESIAN_POINT('',(-42.8869395441984,-2.93272710033729,19.4959059630671));
#2805=CARTESIAN_POINT('',(-42.9495480451763,-2.95866039057331,19.428139009947));
#2806=CARTESIAN_POINT('',(-42.9286785448491,-2.9500159604978,19.4507279943204));
#2807=CARTESIAN_POINT('',(-42.9078090445218,-2.9413715304223,19.4733169786938));
#2808=CARTESIAN_POINT('',(-42.8869395441945,-2.9327271003468,19.4959059630671));
#2809=CARTESIAN_POINT('',(-35.8067100037984,-2.46150661473125E-13,17.728139009895));
#2810=CARTESIAN_POINT('',(-41.2537358382743,-2.25623197527866,20.2281390099186));
#2811=CARTESIAN_POINT('',(-41.8584135782218,-2.50669769601495,20.2281390099098));
#2812=CARTESIAN_POINT('',(-42.4593678138015,-2.75562109073537,19.9587062690092));
#2813=CARTESIAN_POINT('',(-42.8869395442023,-2.93272710032779,19.4959059630671));
#2814=CARTESIAN_POINT('',(-27.5155666617572,-8.29352380058993,4.72813900991862));
#2815=CARTESIAN_POINT('',(-35.7942098131045,-6.93483861780933E-14,15.2094911938582));
#2816=CARTESIAN_POINT('',(-37.3942098131046,-2.65518360961369,18.7094911938582));
#2817=CARTESIAN_POINT('',(-37.3942098130525,-2.65518360957341,18.7094911938582));
#2818=CARTESIAN_POINT('',(-37.3942098130525,-2.65518360957341,11.7094911938582));
#2819=CARTESIAN_POINT('',(-35.7942098131045,-6.93483861780933E-14,18.7094911938582));
#2820=CARTESIAN_POINT('',(-32.6942098131046,-5.44453317527426E-14,18.7094911938582));
#2821=CARTESIAN_POINT('',(-32.6942098131046,-6.52690693440877E-14,15.2094911938582));
#2822=CARTESIAN_POINT('',(-32.6942098131045,-7.25307763028952E-14,11.7094911938582));
#2823=CARTESIAN_POINT('',(-35.7942098131045,-6.93483861780933E-14,11.7094911938582));
#2824=CARTESIAN_POINT('',(-35.7942098131046,-6.52690693440877E-14,15.2094911938582));
#2825=CARTESIAN_POINT('',(-37.3942098131046,2.65518360961357,18.7094911938582));
#2826=CARTESIAN_POINT('',(-37.3942098130525,2.65518360957332,11.7094911938582));
#2827=CARTESIAN_POINT('',(-37.3942098130525,2.65518360957333,18.7094911938582));
#2828=CARTESIAN_POINT('',(-35.7942098131046,-7.57131664276971E-14,11.7094911938582));
#2829=CARTESIAN_POINT('',(-35.7942098131046,-5.48249722604782E-14,18.7094911938582));
#2830=CARTESIAN_POINT('',(-37.3942098131046,-2.65518360963144,18.7094911938582));
#2831=CARTESIAN_POINT('',(-37.3942098130004,3.9525,11.7094911938582));
#2832=CARTESIAN_POINT('',(-37.3942098130004,3.16199999999994,18.7094911938582));
#2833=CARTESIAN_POINT('',(-39.7467098131046,3.9525,11.7094911938582));
#2834=CARTESIAN_POINT('',(-37.4412098131046,3.16199999999994,18.7094911938582));
#2835=CARTESIAN_POINT('',(0.,0.,0.));
#2836=CARTESIAN_POINT('',(-35.8067100037981,-2.63953072956866E-13,21.2281390099186));
#2837=CARTESIAN_POINT('',(-35.8067100037981,-2.63953072956866E-13,20.0281390099186));
#2838=CARTESIAN_POINT('',(-31.0074338475605,0.0833569203258207,20.0281390099186));
#2839=CARTESIAN_POINT('',(-40.1749262101699,-1.98964498702526,20.0281390099186));
#2840=CARTESIAN_POINT('',(-40.1749262101699,-1.98964498702526,21.2281390099186));
#2841=CARTESIAN_POINT('',(-40.1749262101699,-1.98964498702526,21.2281390099186));
#2842=CARTESIAN_POINT('',(-35.8067100037981,-2.63953072956866E-13,21.2281390099186));
#2843=CARTESIAN_POINT('',(-31.0074338475605,0.0833569203258207,21.2281390099186));
#2844=CARTESIAN_POINT('',(-31.0074338475605,0.0833569203258207,21.2281390099186));
#2845=CARTESIAN_POINT('',(-40.17492621017,-1.98964498702524,21.2281390099186));
#2846=CARTESIAN_POINT('',(-40.17492621017,-1.98964498702524,20.0281390099186));
#2847=CARTESIAN_POINT('',(-38.5346512926957,-1.76634058979409,21.2281390099186));
#2848=CARTESIAN_POINT('',(-38.5346512926957,-1.76634058979409,20.0281390099186));
#2849=CARTESIAN_POINT('',(-32.792198407592,-0.621192481892025,21.2281390099186));
#2850=CARTESIAN_POINT('',(-32.792198407592,-0.621192481892025,20.0281390099186));
#2851=CARTESIAN_POINT('',(-31.0074338467773,0.0833569206349951,21.2281390099186));
#2852=CARTESIAN_POINT('',(-31.0074338467773,0.0833569206349951,20.0281390099186));
#2853=CARTESIAN_POINT('',(-40.17492621017,-1.98964498702524,20.0281390099186));
#2854=CARTESIAN_POINT('',(-38.5346512926957,-1.76634058979409,20.0281390099186));
#2855=CARTESIAN_POINT('',(-32.792198407592,-0.621192481892025,20.0281390099186));
#2856=CARTESIAN_POINT('',(-31.0074338467773,0.0833569206349951,20.0281390099186));
#2857=CARTESIAN_POINT('',(-40.17492621017,-1.98964498702524,21.2281390099186));
#2858=CARTESIAN_POINT('',(-38.5346512926957,-1.76634058979409,21.2281390099186));
#2859=CARTESIAN_POINT('',(-32.792198407592,-0.621192481892025,21.2281390099186));
#2860=CARTESIAN_POINT('',(-31.0074338467773,0.0833569206349951,21.2281390099186));
#2861=CARTESIAN_POINT('',(-35.8004048353858,-2.46519102023299E-13,21.2281390099186));
#2862=CARTESIAN_POINT('',(-35.8004048353858,-2.46519102023299E-13,20.0281390099186));
#2863=CARTESIAN_POINT('',(0.,0.,0.));
#2864=CARTESIAN_POINT('',(-35.8067100037984,-2.93877052917465E-13,21.7081390099186));
#2865=CARTESIAN_POINT('',(-40.5734828220919,-0.563805727869854,21.7081390099186));
#2866=CARTESIAN_POINT('',(-40.5734828220919,-0.563805727869854,21.228139009918));
#2867=CARTESIAN_POINT('',(-40.5734828220919,-0.563805727869854,19.9081390099186));
#2868=CARTESIAN_POINT('',(-35.8067100037984,-2.93877052917465E-13,21.228139009918));
#2869=CARTESIAN_POINT('',(-40.3523960738248,-1.54166732882589,21.228139009918));
#2870=CARTESIAN_POINT('',(-40.3523960738248,-1.54166732882589,21.7081390099186));
#2871=CARTESIAN_POINT('',(-40.3523960738248,-1.54166732882589,19.9081390099186));
#2872=CARTESIAN_POINT('',(-35.8067100037984,-2.93877052917465E-13,19.9081390099186));
#2873=CARTESIAN_POINT('',(-40.5734828220919,-0.563805727869855,21.7081390099186));
#2874=CARTESIAN_POINT('',(-40.5734828220919,-0.563805727869855,19.9081390099186));
#2875=CARTESIAN_POINT('',(-41.5359351401713,-1.3238727527628,21.7081390099186));
#2876=CARTESIAN_POINT('',(-41.5359351401713,-1.3238727527628,19.9081390099186));
#2877=CARTESIAN_POINT('',(-42.496644699441,-2.08438573344484,21.7081390099186));
#2878=CARTESIAN_POINT('',(-42.496644699441,-2.08438573344484,19.9081390099186));
#2879=CARTESIAN_POINT('',(-42.390902837196,-2.58916474832064,21.7081390099186));
#2880=CARTESIAN_POINT('',(-42.390902837196,-2.58916474832064,19.9081390099186));
#2881=CARTESIAN_POINT('',(-40.5734828220919,-0.563805727869855,21.7081390099186));
#2882=CARTESIAN_POINT('',(-41.6144652489931,-1.38588948341583,21.7081390099186));
#2883=CARTESIAN_POINT('',(-43.5363920384698,-2.90761535522704,21.7081390099186));
#2884=CARTESIAN_POINT('',(-40.8412139531173,-3.32188199840982,21.7081390099186));
#2885=CARTESIAN_POINT('',(-39.2809089441163,-3.31209022243106,21.7081390099186));
#2886=CARTESIAN_POINT('',(-41.0078715229832,-0.909020820087395,21.7081390099186));
#2887=CARTESIAN_POINT('',(-42.3909028371973,-2.58916474831485,21.7081390099186));
#2888=CARTESIAN_POINT('',(-41.0078715229832,-0.9090208200874,21.7081390099186));
#2889=CARTESIAN_POINT('',(-40.8645062758398,-0.793658183444125,21.5470532437821));
#2890=CARTESIAN_POINT('',(-40.719566784791,-0.679171030469832,21.3867624851236));
#2891=CARTESIAN_POINT('',(-40.5734828220919,-0.563805727869855,21.228139009918));
#2892=CARTESIAN_POINT('',(-40.5734828220919,-0.563805727869855,19.9081390099186));
#2893=CARTESIAN_POINT('',(-41.6144652489931,-1.38588948341583,19.9081390099186));
#2894=CARTESIAN_POINT('',(-43.5363920384698,-2.90761535522704,19.9081390099186));
#2895=CARTESIAN_POINT('',(-40.8412139531173,-3.32188199840982,19.9081390099186));
#2896=CARTESIAN_POINT('',(-39.2809089441163,-3.31209022243106,19.9081390099186));
#2897=CARTESIAN_POINT('',(-42.3909028371973,-2.58916474831485,19.9081390099186));
#2898=CARTESIAN_POINT('',(-42.3909028371973,-2.58916474831485,21.7081390099186));
#2899=CARTESIAN_POINT('',(-35.8067100037984,-2.45388891415747E-13,21.7081390099186));
#2900=CARTESIAN_POINT('',(-35.8067100037984,-2.45388891415747E-13,19.9081390099186));
#2901=CARTESIAN_POINT('',(-42.3431410051696,-2.70747837033433,19.9081390099186));
#2902=CARTESIAN_POINT('',(-42.3431410051696,-2.70747837033433,21.7081390099186));
#2903=CARTESIAN_POINT('',(-42.3431410051696,-2.70747837033433,21.7081390099186));
#2904=CARTESIAN_POINT('',(-35.8067100037984,-2.45388891415747E-13,21.7081390099186));
#2905=CARTESIAN_POINT('',(-42.3431410282095,-2.70747833328065,21.7081390099186));
#2906=CARTESIAN_POINT('',(-42.3431410282095,-2.70747833328065,19.9081390099186));
#2907=CARTESIAN_POINT('',(-42.0794488887283,-3.13155712413342,21.7081390099186));
#2908=CARTESIAN_POINT('',(-42.0794488887283,-3.13155712413342,19.9081390099186));
#2909=CARTESIAN_POINT('',(-40.841213998561,-3.321881998695,21.7081390099186));
#2910=CARTESIAN_POINT('',(-40.841213998561,-3.321881998695,19.9081390099186));
#2911=CARTESIAN_POINT('',(-39.2809089441163,-3.31209022243106,21.7081390099186));
#2912=CARTESIAN_POINT('',(-39.2809089441163,-3.31209022243106,19.9081390099186));
#2913=CARTESIAN_POINT('',(-40.5734828220919,-0.563805727869855,19.9081390099186));
#2914=CARTESIAN_POINT('',(-41.6144652489931,-1.38588948341583,19.9081390099186));
#2915=CARTESIAN_POINT('',(-43.5363920384698,-2.90761535522704,19.9081390099186));
#2916=CARTESIAN_POINT('',(-40.8412139531173,-3.32188199840982,19.9081390099186));
#2917=CARTESIAN_POINT('',(-39.2809089441163,-3.31209022243106,19.9081390099186));
#2918=CARTESIAN_POINT('',(-39.2809089557863,-3.31209022250429,19.9081390099186));
#2919=CARTESIAN_POINT('',(-39.2809089557863,-3.31209022250429,21.7081390099186));
#2920=CARTESIAN_POINT('',(-39.2809089557863,-3.31209022250429,21.7081390099186));
#2921=CARTESIAN_POINT('',(-40.5734828220919,-0.563805727869855,21.7081390099186));
#2922=CARTESIAN_POINT('',(-41.6144652489931,-1.38588948341583,21.7081390099186));
#2923=CARTESIAN_POINT('',(-43.5363920384698,-2.90761535522704,21.7081390099186));
#2924=CARTESIAN_POINT('',(-40.8412139531173,-3.32188199840982,21.7081390099186));
#2925=CARTESIAN_POINT('',(-39.2809089441163,-3.31209022243106,21.7081390099186));
#2926=CARTESIAN_POINT('',(-39.2809089441163,-3.31209022243106,21.7081390099186));
#2927=CARTESIAN_POINT('',(-39.2809089441163,-3.31209022243106,19.9081390099186));
#2928=CARTESIAN_POINT('',(-37.8991377316557,-3.30341884466309,21.7081390099186));
#2929=CARTESIAN_POINT('',(-37.8991377316557,-3.30341884466309,19.9081390099186));
#2930=CARTESIAN_POINT('',(-34.6064434725918,-2.97573898090128,21.7081390099186));
#2931=CARTESIAN_POINT('',(-34.6064434725918,-2.97573898090128,19.9081390099186));
#2932=CARTESIAN_POINT('',(-32.2119638175551,-2.09956125172098,21.7081390099186));
#2933=CARTESIAN_POINT('',(-32.2119638175551,-2.09956125172098,19.9081390099186));
#2934=CARTESIAN_POINT('',(-31.2840838397275,-1.60805865388233,21.7081390099186));
#2935=CARTESIAN_POINT('',(-31.2840838397275,-1.60805865388233,19.9081390099186));
#2936=CARTESIAN_POINT('',(-39.2809089441163,-3.31209022243106,19.9081390099186));
#2937=CARTESIAN_POINT('',(-37.7088644956431,-3.30222477498374,19.9081390099186));
#2938=CARTESIAN_POINT('',(-34.3705939839775,-2.92777765955546,19.9081390099186));
#2939=CARTESIAN_POINT('',(-32.0841925017103,-2.03188015592449,19.9081390099186));
#2940=CARTESIAN_POINT('',(-31.2840838397275,-1.60805865388233,19.9081390099186));
#2941=CARTESIAN_POINT('',(-31.2840838471188,-1.60805865779756,19.9081390099186));
#2942=CARTESIAN_POINT('',(-31.2840838471188,-1.60805865779756,21.7081390099186));
#2943=CARTESIAN_POINT('',(-31.2840838471188,-1.60805865779756,21.7081390099186));
#2944=CARTESIAN_POINT('',(-39.2809089441163,-3.31209022243106,21.7081390099186));
#2945=CARTESIAN_POINT('',(-37.7088644956431,-3.30222477498374,21.7081390099186));
#2946=CARTESIAN_POINT('',(-34.3705939839775,-2.92777765955546,21.7081390099186));
#2947=CARTESIAN_POINT('',(-32.0841925017103,-2.03188015592449,21.7081390099186));
#2948=CARTESIAN_POINT('',(-31.2840838397275,-1.60805865388233,21.7081390099186));
#2949=CARTESIAN_POINT('',(-31.2840838397275,-1.60805865388233,21.7081390099186));
#2950=CARTESIAN_POINT('',(-31.2840838397275,-1.60805865388233,19.9081390099186));
#2951=CARTESIAN_POINT('',(-30.5725928142908,-1.23117835072103,21.7081390099186));
#2952=CARTESIAN_POINT('',(-30.5725928142908,-1.23117835072103,19.9081390099186));
#2953=CARTESIAN_POINT('',(-29.4553781915534,-0.4215056473909,21.7081390099186));
#2954=CARTESIAN_POINT('',(-29.4553781915534,-0.4215056473909,19.9081390099186));
#2955=CARTESIAN_POINT('',(-28.8491940720729,0.353887392105483,21.7081390099186));
#2956=CARTESIAN_POINT('',(-28.8491940720729,0.353887392105483,19.9081390099186));
#2957=CARTESIAN_POINT('',(-28.7629265009434,0.663688907558359,21.7081390099186));
#2958=CARTESIAN_POINT('',(-28.7629265009434,0.663688907558359,19.9081390099186));
#2959=CARTESIAN_POINT('',(-31.2840838397275,-1.60805865388233,19.9081390099186));
#2960=CARTESIAN_POINT('',(-30.3098290786068,-1.09199110474891,19.9081390099186));
#2961=CARTESIAN_POINT('',(-29.0576992612685,-0.0677519484685699,19.9081390099186));
#2962=CARTESIAN_POINT('',(-28.3496491451183,1.36047907566941,19.9081390099186));
#2963=CARTESIAN_POINT('',(-30.1460280528561,1.3980416576435,19.9081390099186));
#2964=CARTESIAN_POINT('',(-31.2215923297452,1.4201041916296,19.9081390099186));
#2965=CARTESIAN_POINT('',(-28.7629264818399,0.663688976162289,19.9081390099186));
#2966=CARTESIAN_POINT('',(-28.7629264818399,0.663688976162289,21.7081390099186));
#2967=CARTESIAN_POINT('',(-28.7629264818399,0.663688976162289,21.7081390099186));
#2968=CARTESIAN_POINT('',(-31.2840838397275,-1.60805865388233,21.7081390099186));
#2969=CARTESIAN_POINT('',(-30.3098290786068,-1.09199110474891,21.7081390099186));
#2970=CARTESIAN_POINT('',(-29.0576992612685,-0.0677519484685699,21.7081390099186));
#2971=CARTESIAN_POINT('',(-28.3496491451183,1.36047907566941,21.7081390099186));
#2972=CARTESIAN_POINT('',(-30.1460280528561,1.3980416576435,21.7081390099186));
#2973=CARTESIAN_POINT('',(-31.2215923297452,1.4201041916296,21.7081390099186));
#2974=CARTESIAN_POINT('',(-35.8067100037984,-2.45388891415747E-13,21.7081390099186));
#2975=CARTESIAN_POINT('',(-35.8067100037984,-2.45388891415747E-13,19.9081390099186));
#2976=CARTESIAN_POINT('',(-28.8063534628297,1.02487933953706,19.9081390099186));
#2977=CARTESIAN_POINT('',(-28.8063534628297,1.02487933953706,21.7081390099186));
#2978=CARTESIAN_POINT('',(-28.8063534628297,1.02487933953706,21.7081390099186));
#2979=CARTESIAN_POINT('',(-35.8067100037984,-2.45388891415747E-13,21.7081390099186));
#2980=CARTESIAN_POINT('',(-28.8063534573842,1.02487933224765,21.7081390099186));
#2981=CARTESIAN_POINT('',(-28.8063534573842,1.02487933224765,19.9081390099186));
#2982=CARTESIAN_POINT('',(-29.0681135443399,1.37550228584794,21.7081390099186));
#2983=CARTESIAN_POINT('',(-29.0681135443399,1.37550228584794,19.9081390099186));
#2984=CARTESIAN_POINT('',(-30.1460280453965,1.39804165749049,21.7081390099186));
#2985=CARTESIAN_POINT('',(-30.1460280453965,1.39804165749049,19.9081390099186));
#2986=CARTESIAN_POINT('',(-31.2215923297452,1.4201041916296,21.7081390099186));
#2987=CARTESIAN_POINT('',(-31.2215923297452,1.4201041916296,19.9081390099186));
#2988=CARTESIAN_POINT('',(-31.2215923297452,1.42010419162959,21.7081390099186));
#2989=CARTESIAN_POINT('',(-31.2215923297452,1.42010419162959,21.2281390099186));
#2990=CARTESIAN_POINT('',(-31.2215923297452,1.42010419162959,19.9081390099186));
#2991=CARTESIAN_POINT('',(-31.2215923297452,1.42010419162959,21.2281390099186));
#2992=CARTESIAN_POINT('',(-31.0533910207307,1.41665395887608,21.3877896567448));
#2993=CARTESIAN_POINT('',(-30.8856201335597,1.41321666332527,21.5478921794526));
#2994=CARTESIAN_POINT('',(-30.7180185898053,1.40841034260297,21.7081390099186));
#2995=CARTESIAN_POINT('',(-30.7180185898053,1.40841034260297,21.7081390099186));
#2996=CARTESIAN_POINT('',(-31.2840838397275,-1.60805865388233,21.7081390099186));
#2997=CARTESIAN_POINT('',(-30.3098290786068,-1.09199110474891,21.7081390099186));
#2998=CARTESIAN_POINT('',(-29.0576992612685,-0.0677519484685699,21.7081390099186));
#2999=CARTESIAN_POINT('',(-28.3496491451183,1.36047907566941,21.7081390099186));
#3000=CARTESIAN_POINT('',(-30.1460280528561,1.3980416576435,21.7081390099186));
#3001=CARTESIAN_POINT('',(-31.2215923297452,1.4201041916296,21.7081390099186));
#3002=CARTESIAN_POINT('',(-31.2840838397275,-1.60805865388233,19.9081390099186));
#3003=CARTESIAN_POINT('',(-30.3098290786068,-1.09199110474891,19.9081390099186));
#3004=CARTESIAN_POINT('',(-29.0576992612685,-0.0677519484685699,19.9081390099186));
#3005=CARTESIAN_POINT('',(-28.3496491451183,1.36047907566941,19.9081390099186));
#3006=CARTESIAN_POINT('',(-30.1460280528561,1.3980416576435,19.9081390099186));
#3007=CARTESIAN_POINT('',(-31.2215923297452,1.4201041916296,19.9081390099186));
#3008=CARTESIAN_POINT('',(-35.8067100037979,-1.41329807248755E-13,21.7081390099186));
#3009=CARTESIAN_POINT('',(-31.0473141497477,0.623017740071581,21.7081390099186));
#3010=CARTESIAN_POINT('',(-31.0473141497477,0.623017740071581,21.2281390099186));
#3011=CARTESIAN_POINT('',(-31.0473141497477,0.623017740071581,19.9081390099186));
#3012=CARTESIAN_POINT('',(-35.8067100037979,-1.41329807248755E-13,21.2281390099186));
#3013=CARTESIAN_POINT('',(-35.8067100037979,-1.41329807248755E-13,19.9081390099186));
#3014=CARTESIAN_POINT('',(-31.0074338467773,0.0833569206349951,21.7081390099186));
#3015=CARTESIAN_POINT('',(-31.0074338467773,0.0833569206349951,19.9081390099186));
#3016=CARTESIAN_POINT('',(-30.5158349282566,0.277419337567256,21.7081390099186));
#3017=CARTESIAN_POINT('',(-30.5158349282566,0.277419337567256,19.9081390099186));
#3018=CARTESIAN_POINT('',(-30.212792853369,0.605450989285516,21.7081390099186));
#3019=CARTESIAN_POINT('',(-30.212792853369,0.605450989285516,19.9081390099186));
#3020=CARTESIAN_POINT('',(-30.7685764247408,0.618557401817267,21.7081390099186));
#3021=CARTESIAN_POINT('',(-30.7685764247408,0.618557401817267,19.9081390099186));
#3022=CARTESIAN_POINT('',(-31.0473141497477,0.623017740071581,21.7081390099186));
#3023=CARTESIAN_POINT('',(-31.0473141497477,0.623017740071581,19.9081390099186));
#3024=CARTESIAN_POINT('',(-31.0074338467773,0.0833569206349951,21.7081390099186));
#3025=CARTESIAN_POINT('',(-30.9190292498884,0.118255308515516,21.7081390099186));
#3026=CARTESIAN_POINT('',(-30.4658877967645,0.31298403467682,21.7081390099186));
#3027=CARTESIAN_POINT('',(-30.2752615296612,0.609253766016913,21.7081390099186));
#3028=CARTESIAN_POINT('',(-30.7784742466542,0.618715785953155,21.7081390099186));
#3029=CARTESIAN_POINT('',(-31.0473141497477,0.623017740071581,21.7081390099186));
#3030=CARTESIAN_POINT('',(-31.0074338475605,0.0833569203258207,21.7081390099186));
#3031=CARTESIAN_POINT('',(-30.559806155173,0.590254185312685,21.7081390099186));
#3032=CARTESIAN_POINT('',(-30.559806155173,0.590254185312686,21.7081390099186));
#3033=CARTESIAN_POINT('',(-30.7227113647549,0.625801223253255,21.5502287479496));
#3034=CARTESIAN_POINT('',(-30.8849224164016,0.620419160850164,21.3888197560572));
#3035=CARTESIAN_POINT('',(-31.0473141497477,0.623017740071581,21.2281390099186));
#3036=CARTESIAN_POINT('',(-31.0074338467773,0.0833569206349951,19.9081390099186));
#3037=CARTESIAN_POINT('',(-30.9190292498884,0.118255308515516,19.9081390099186));
#3038=CARTESIAN_POINT('',(-30.4658877967645,0.31298403467682,19.9081390099186));
#3039=CARTESIAN_POINT('',(-30.2752615296612,0.609253766016913,19.9081390099186));
#3040=CARTESIAN_POINT('',(-30.7784742466542,0.618715785953155,19.9081390099186));
#3041=CARTESIAN_POINT('',(-31.0473141497477,0.623017740071581,19.9081390099186));
#3042=CARTESIAN_POINT('',(-31.0074338475605,0.0833569203258207,19.9081390099186));
#3043=CARTESIAN_POINT('',(-31.0074338475605,0.0833569203258207,21.7081390099186));
#3044=CARTESIAN_POINT('',(-40.17492621017,-1.98964498702524,21.7081390099186));
#3045=CARTESIAN_POINT('',(-40.17492621017,-1.98964498702524,19.9081390099186));
#3046=CARTESIAN_POINT('',(-38.5346512926957,-1.76634058979409,21.7081390099186));
#3047=CARTESIAN_POINT('',(-38.5346512926957,-1.76634058979409,19.9081390099186));
#3048=CARTESIAN_POINT('',(-32.792198407592,-0.621192481892025,21.7081390099186));
#3049=CARTESIAN_POINT('',(-32.792198407592,-0.621192481892025,19.9081390099186));
#3050=CARTESIAN_POINT('',(-31.0074338467773,0.0833569206349951,21.7081390099186));
#3051=CARTESIAN_POINT('',(-31.0074338467773,0.0833569206349951,19.9081390099186));
#3052=CARTESIAN_POINT('',(-40.17492621017,-1.98964498702524,19.9081390099186));
#3053=CARTESIAN_POINT('',(-38.5346512926957,-1.76634058979409,19.9081390099186));
#3054=CARTESIAN_POINT('',(-32.792198407592,-0.621192481892025,19.9081390099186));
#3055=CARTESIAN_POINT('',(-31.0074338467773,0.0833569206349951,19.9081390099186));
#3056=CARTESIAN_POINT('',(-40.1749262101699,-1.98964498702526,19.9081390099186));
#3057=CARTESIAN_POINT('',(-40.1749262101699,-1.98964498702526,21.7081390099186));
#3058=CARTESIAN_POINT('',(-40.1749262101699,-1.98964498702526,21.7081390099186));
#3059=CARTESIAN_POINT('',(-40.17492621017,-1.98964498702524,21.7081390099186));
#3060=CARTESIAN_POINT('',(-38.5346512926957,-1.76634058979409,21.7081390099186));
#3061=CARTESIAN_POINT('',(-32.792198407592,-0.621192481892025,21.7081390099186));
#3062=CARTESIAN_POINT('',(-31.0074338467773,0.0833569206349951,21.7081390099186));
#3063=CARTESIAN_POINT('',(-40.3523960738248,-1.54166732882589,21.7081390099186));
#3064=CARTESIAN_POINT('',(-40.3523960738248,-1.54166732882589,19.9081390099186));
#3065=CARTESIAN_POINT('',(-40.5342063418854,-1.70816367917182,21.7081390099186));
#3066=CARTESIAN_POINT('',(-40.5342063418854,-1.70816367917182,19.9081390099186));
#3067=CARTESIAN_POINT('',(-40.8941263713733,-2.0410855975513,21.7081390099186));
#3068=CARTESIAN_POINT('',(-40.8941263713733,-2.0410855975513,19.9081390099186));
#3069=CARTESIAN_POINT('',(-40.5888891799917,-2.04600124198426,21.7081390099186));
#3070=CARTESIAN_POINT('',(-40.5888891799917,-2.04600124198426,19.9081390099186));
#3071=CARTESIAN_POINT('',(-40.17492621017,-1.98964498702524,21.7081390099186));
#3072=CARTESIAN_POINT('',(-40.17492621017,-1.98964498702524,19.9081390099186));
#3073=CARTESIAN_POINT('',(-40.3523960738248,-1.5416673288259,21.2281390099181));
#3074=CARTESIAN_POINT('',(-40.4178289998528,-1.60158882551767,21.3093507920245));
#3075=CARTESIAN_POINT('',(-40.5445502439835,-1.72666769543085,21.4706721908435));
#3076=CARTESIAN_POINT('',(-40.6790977821596,-1.83975865347054,21.6357904097521));
#3077=CARTESIAN_POINT('',(-40.7199069915577,-1.93362234148098,21.7081390099186));
#3078=CARTESIAN_POINT('',(-40.7199069915577,-1.93362234148098,21.7081390099186));
#3079=CARTESIAN_POINT('',(-40.3523960738248,-1.54166732882589,21.7081390099186));
#3080=CARTESIAN_POINT('',(-40.534888374393,-1.70878826393566,21.7081390099186));
#3081=CARTESIAN_POINT('',(-40.8946648650574,-2.04151341747711,21.7081390099186));
#3082=CARTESIAN_POINT('',(-40.5873362632869,-2.04578983039402,21.7081390099186));
#3083=CARTESIAN_POINT('',(-40.17492621017,-1.98964498702524,21.7081390099186));
#3084=CARTESIAN_POINT('',(-40.3523960738248,-1.54166732882589,19.9081390099186));
#3085=CARTESIAN_POINT('',(-40.534888374393,-1.70878826393566,19.9081390099186));
#3086=CARTESIAN_POINT('',(-40.8946648650574,-2.04151341747711,19.9081390099186));
#3087=CARTESIAN_POINT('',(-40.5873362632869,-2.04578983039402,19.9081390099186));
#3088=CARTESIAN_POINT('',(-40.17492621017,-1.98964498702524,19.9081390099186));
#3089=CARTESIAN_POINT('',(-35.8004048353858,-2.46519102023299E-13,21.7081390099186));
#3090=CARTESIAN_POINT('',(-35.8067100037979,-1.41329807248755E-13,21.7081390099186));
#3091=CARTESIAN_POINT('',(-35.8067100037984,-2.93877052917465E-13,21.7081390099186));
#3092=CARTESIAN_POINT('',(-35.8004048353858,-2.46519102023299E-13,19.9081390099186));
#3093=CARTESIAN_POINT('',(-35.8067100037984,-2.93877052917465E-13,21.228139009918));
#3094=CARTESIAN_POINT('',(-35.8067100037979,-1.41329807248755E-13,21.2281390099186));
#3095=MECHANICAL_DESIGN_GEOMETRIC_PRESENTATION_REPRESENTATION('',(#528),
#3099);
#3096=MECHANICAL_DESIGN_GEOMETRIC_PRESENTATION_REPRESENTATION('',(#529),
#3100);
#3097=MECHANICAL_DESIGN_GEOMETRIC_PRESENTATION_REPRESENTATION('',(#530),
#3101);
#3098=MECHANICAL_DESIGN_GEOMETRIC_PRESENTATION_REPRESENTATION('',(#531),
#3102);
#3099=(
GEOMETRIC_REPRESENTATION_CONTEXT(3)
GLOBAL_UNCERTAINTY_ASSIGNED_CONTEXT((#3103))
GLOBAL_UNIT_ASSIGNED_CONTEXT((#3115,#3111,#3107))
REPRESENTATION_CONTEXT('Part 3','TOP_LEVEL_ASSEMBLY_PART')
);
#3100=(
GEOMETRIC_REPRESENTATION_CONTEXT(3)
GLOBAL_UNCERTAINTY_ASSIGNED_CONTEXT((#3104))
GLOBAL_UNIT_ASSIGNED_CONTEXT((#3116,#3112,#3108))
REPRESENTATION_CONTEXT('brep_1','TOP_LEVEL_ASSEMBLY_PART')
);
#3101=(
GEOMETRIC_REPRESENTATION_CONTEXT(3)
GLOBAL_UNCERTAINTY_ASSIGNED_CONTEXT((#3105))
GLOBAL_UNIT_ASSIGNED_CONTEXT((#3117,#3113,#3109))
REPRESENTATION_CONTEXT('Part 2','TOP_LEVEL_ASSEMBLY_PART')
);
#3102=(
GEOMETRIC_REPRESENTATION_CONTEXT(3)
GLOBAL_UNCERTAINTY_ASSIGNED_CONTEXT((#3106))
GLOBAL_UNIT_ASSIGNED_CONTEXT((#3118,#3114,#3110))
REPRESENTATION_CONTEXT('Part 4','TOP_LEVEL_ASSEMBLY_PART')
);
#3103=UNCERTAINTY_MEASURE_WITH_UNIT(LENGTH_MEASURE(1.E-5),#3115,
'DISTANCE_ACCURACY_VALUE','Maximum Tolerance applied to model');
#3104=UNCERTAINTY_MEASURE_WITH_UNIT(LENGTH_MEASURE(1.E-5),#3116,
'DISTANCE_ACCURACY_VALUE','Maximum Tolerance applied to model');
#3105=UNCERTAINTY_MEASURE_WITH_UNIT(LENGTH_MEASURE(1.E-5),#3117,
'DISTANCE_ACCURACY_VALUE','Maximum Tolerance applied to model');
#3106=UNCERTAINTY_MEASURE_WITH_UNIT(LENGTH_MEASURE(1.E-5),#3118,
'DISTANCE_ACCURACY_VALUE','Maximum Tolerance applied to model');
#3107=(
NAMED_UNIT(*)
SI_UNIT($,.STERADIAN.)
SOLID_ANGLE_UNIT()
);
#3108=(
NAMED_UNIT(*)
SI_UNIT($,.STERADIAN.)
SOLID_ANGLE_UNIT()
);
#3109=(
NAMED_UNIT(*)
SI_UNIT($,.STERADIAN.)
SOLID_ANGLE_UNIT()
);
#3110=(
NAMED_UNIT(*)
SI_UNIT($,.STERADIAN.)
SOLID_ANGLE_UNIT()
);
#3111=(
NAMED_UNIT(*)
PLANE_ANGLE_UNIT()
SI_UNIT($,.RADIAN.)
);
#3112=(
NAMED_UNIT(*)
PLANE_ANGLE_UNIT()
SI_UNIT($,.RADIAN.)
);
#3113=(
NAMED_UNIT(*)
PLANE_ANGLE_UNIT()
SI_UNIT($,.RADIAN.)
);
#3114=(
NAMED_UNIT(*)
PLANE_ANGLE_UNIT()
SI_UNIT($,.RADIAN.)
);
#3115=(
LENGTH_UNIT()
NAMED_UNIT(*)
SI_UNIT(.MILLI.,.METRE.)
);
#3116=(
LENGTH_UNIT()
NAMED_UNIT(*)
SI_UNIT(.MILLI.,.METRE.)
);
#3117=(
LENGTH_UNIT()
NAMED_UNIT(*)
SI_UNIT(.MILLI.,.METRE.)
);
#3118=(
LENGTH_UNIT()
NAMED_UNIT(*)
SI_UNIT(.MILLI.,.METRE.)
);
#3119=PRODUCT_DEFINITION_SHAPE('','',#3123);
#3120=PRODUCT_DEFINITION_SHAPE('','',#3124);
#3121=PRODUCT_DEFINITION_SHAPE('','',#3125);
#3122=PRODUCT_DEFINITION_SHAPE('','',#3126);
#3123=PRODUCT_DEFINITION('','',#3131,#3127);
#3124=PRODUCT_DEFINITION('','',#3132,#3128);
#3125=PRODUCT_DEFINITION('','',#3133,#3129);
#3126=PRODUCT_DEFINITION('','',#3134,#3130);
#3127=PRODUCT_DEFINITION_CONTEXT('',#3155,'design');
#3128=PRODUCT_DEFINITION_CONTEXT('',#3156,'design');
#3129=PRODUCT_DEFINITION_CONTEXT('',#3157,'design');
#3130=PRODUCT_DEFINITION_CONTEXT('',#3158,'design');
#3131=PRODUCT_DEFINITION_FORMATION_WITH_SPECIFIED_SOURCE('','',#3139,
 .NOT_KNOWN.);
#3132=PRODUCT_DEFINITION_FORMATION_WITH_SPECIFIED_SOURCE('','',#3140,
 .NOT_KNOWN.);
#3133=PRODUCT_DEFINITION_FORMATION_WITH_SPECIFIED_SOURCE('','',#3141,
 .NOT_KNOWN.);
#3134=PRODUCT_DEFINITION_FORMATION_WITH_SPECIFIED_SOURCE('','',#3142,
 .NOT_KNOWN.);
#3135=PRODUCT_RELATED_PRODUCT_CATEGORY('','',(#3139));
#3136=PRODUCT_RELATED_PRODUCT_CATEGORY('','',(#3140));
#3137=PRODUCT_RELATED_PRODUCT_CATEGORY('','',(#3141));
#3138=PRODUCT_RELATED_PRODUCT_CATEGORY('','',(#3142));
#3139=PRODUCT('Part 3','Part 3','Part 3',(#3147));
#3140=PRODUCT('brep_1','brep_1','brep_1',(#3148));
#3141=PRODUCT('Part 2','Part 2','Part 2',(#3149));
#3142=PRODUCT('Part 4','Part 4','Part 4',(#3150));
#3143=PRODUCT_CATEGORY('','');
#3144=PRODUCT_CATEGORY('','');
#3145=PRODUCT_CATEGORY('','');
#3146=PRODUCT_CATEGORY('','');
#3147=PRODUCT_CONTEXT('',#3155,'mechanical');
#3148=PRODUCT_CONTEXT('',#3156,'mechanical');
#3149=PRODUCT_CONTEXT('',#3157,'mechanical');
#3150=PRODUCT_CONTEXT('',#3158,'mechanical');
#3151=APPLICATION_PROTOCOL_DEFINITION('international standard',
'ap242_managed_model_based_3d_engineering',2020,#3155);
#3152=APPLICATION_PROTOCOL_DEFINITION('international standard',
'ap242_managed_model_based_3d_engineering',2020,#3156);
#3153=APPLICATION_PROTOCOL_DEFINITION('international standard',
'ap242_managed_model_based_3d_engineering',2020,#3157);
#3154=APPLICATION_PROTOCOL_DEFINITION('international standard',
'ap242_managed_model_based_3d_engineering',2020,#3158);
#3155=APPLICATION_CONTEXT('managed model based 3d engineering');
#3156=APPLICATION_CONTEXT('managed model based 3d engineering');
#3157=APPLICATION_CONTEXT('managed model based 3d engineering');
#3158=APPLICATION_CONTEXT('managed model based 3d engineering');
ENDSEC;
END-ISO-10303-21;
